Efinity Synthesis report for project vision_map
Version: 2026.1.132
Generated at: Oct 05, 2026 16:49:52
Copyright (C) 2013 - 2026  All rights reserved.

Top-level Entity Name : vision_top

family : Titanium
device : Ti60F225
project : vision_map
root : vision_top
binary-db : outflow\vision_map.vdb
insert-ios : 0
insert-gclk : 0
max-carry-cascade : 320
max-dsp-cascade : 16
max_mult : -1
max_ram : -1
mode : speed
num_srl : -1
mult-decomp-retime : 0
output-dir : outflow
proj_curr_path : C:\CodexTemp\stylecam_v21_map_20261005
project : vision_map
project-xml : C:\CodexTemp\stylecam_v21_map_20261005\vision_map.xml
retiming : 0
root : vision_top
seq_opt : 0
work-dir : work_syn
write-efx-verilog : outflow\vision_map.map.v

File List:

C:\CodexTemp\stylecam_v21_map_20261005\rtl\vision_top.v
C:\CodexTemp\stylecam_v21_map_20261005\rtl\vision_core.v
C:\CodexTemp\stylecam_v21_map_20261005\rtl\disp.v
C:\CodexTemp\stylecam_v21_map_20261005\rtl\cam_scale3.v
C:\CodexTemp\stylecam_v21_map_20261005\rtl\raw_bin3.v
C:\CodexTemp\stylecam_v21_map_20261005\rtl\raw_bin2.v
C:\CodexTemp\stylecam_v21_map_20261005\rtl\motion_det.v
C:\CodexTemp\stylecam_v21_map_20261005\rtl\axi_frame.v
C:\CodexTemp\stylecam_v21_map_20261005\rtl\axi_arb.v
C:\CodexTemp\stylecam_v21_map_20261005\rtl\conv_layer.v
C:\CodexTemp\stylecam_v21_map_20261005\rtl\swg3.v
C:\CodexTemp\stylecam_v21_map_20261005\rtl\swg3b.v
C:\CodexTemp\stylecam_v21_map_20261005\rtl\mac.v
C:\CodexTemp\stylecam_v21_map_20261005\rtl\requant.v
C:\CodexTemp\stylecam_v21_map_20261005\rtl\common.v
C:\CodexTemp\stylecam_v21_map_20261005\rtl\gen\v21b_ukiyoe_qat900_640x480\stylenet_top.v

### ### Report Section Start ### ###

"MEM|SYN-0677" : ... Memory 'g_one.mem' is not initialized, assuming empty initial contents. (C:\CodexTemp\stylecam_v21_map_20261005\rtl\common.v:152)
"MEM|SYN-0677" : ... Memory 'mem' is not initialized, assuming empty initial contents. (C:\CodexTemp\stylecam_v21_map_20261005\rtl\axi_frame.v:98)
"MEM|SYN-0677" : ... Memory 'mem' is not initialized, assuming empty initial contents. (C:\CodexTemp\stylecam_v21_map_20261005\rtl\axi_frame.v:25)
"MEM|SYN-0677" : ... Memory 'mem' is not initialized, assuming empty initial contents. (C:\CodexTemp\stylecam_v21_map_20261005\rtl\axi_frame.v:25)
"MEM|SYN-0677" : ... Memory 'mem' is not initialized, assuming empty initial contents. (C:\CodexTemp\stylecam_v21_map_20261005\rtl\axi_frame.v:25)
"MEM|SYN-0677" : ... Memory 'mem' is not initialized, assuming empty initial contents. (C:\CodexTemp\stylecam_v21_map_20261005\rtl\axi_frame.v:98)
"MEM|SYN-0677" : ... Memory 'g_one.mem' is not initialized, assuming empty initial contents. (C:\CodexTemp\stylecam_v21_map_20261005\rtl\common.v:152)
"MEM|SYN-0677" : ... Memory 'g_one.mem' is not initialized, assuming empty initial contents. (C:\CodexTemp\stylecam_v21_map_20261005\rtl\common.v:152)
"MEM|SYN-0677" : ... Memory 'mem' is not initialized, assuming empty initial contents. (C:\CodexTemp\stylecam_v21_map_20261005\rtl\axi_frame.v:98)
"MEM|SYN-0677" : ... Memory 'mem' is not initialized, assuming empty initial contents. (C:\CodexTemp\stylecam_v21_map_20261005\rtl\axi_frame.v:25)
"MEM|SYN-0677" : ... Memory 'g_one.mem' is not initialized, assuming empty initial contents. (C:\CodexTemp\stylecam_v21_map_20261005\rtl\common.v:152)
"MEM|SYN-0677" : ... Memory 'prod' is not initialized, assuming empty initial contents. (C:\CodexTemp\stylecam_v21_map_20261005\rtl\mac.v:81)
"MEM|SYN-0677" : ... Memory 'g_split.m0' is not initialized, assuming empty initial contents. (C:\CodexTemp\stylecam_v21_map_20261005\rtl\common.v:133)
"MEM|SYN-0677" : ... Memory 'g_split.m1' is not initialized, assuming empty initial contents. (C:\CodexTemp\stylecam_v21_map_20261005\rtl\common.v:134)
"MEM|SYN-0677" : ... Memory 'prod' is not initialized, assuming empty initial contents. (C:\CodexTemp\stylecam_v21_map_20261005\rtl\mac.v:81)
"MEM|SYN-0677" : ... Memory 'g_one.mem' is not initialized, assuming empty initial contents. (C:\CodexTemp\stylecam_v21_map_20261005\rtl\common.v:152)
"MEM|SYN-0677" : ... Memory 'prod' is not initialized, assuming empty initial contents. (C:\CodexTemp\stylecam_v21_map_20261005\rtl\mac.v:228)
"MEM|SYN-0677" : ... Memory 'acc' is not initialized, assuming empty initial contents. (C:\CodexTemp\stylecam_v21_map_20261005\rtl\mac.v:229)
"MEM|SYN-0677" : ... Memory 'obank' is not initialized, assuming empty initial contents. (C:\CodexTemp\stylecam_v21_map_20261005\rtl\mac.v:234)
"MEM|SYN-0677" : ... Memory 'oside' is not initialized, assuming empty initial contents. (C:\CodexTemp\stylecam_v21_map_20261005\rtl\mac.v:235)
"MEM|SYN-0677" : ... Memory 'prod' is not initialized, assuming empty initial contents. (C:\CodexTemp\stylecam_v21_map_20261005\rtl\mac.v:81)
"MEM|SYN-0677" : ... Memory 'prod' is not initialized, assuming empty initial contents. (C:\CodexTemp\stylecam_v21_map_20261005\rtl\mac.v:228)
"MEM|SYN-0677" : ... Memory 'acc' is not initialized, assuming empty initial contents. (C:\CodexTemp\stylecam_v21_map_20261005\rtl\mac.v:229)
"MEM|SYN-0677" : ... Memory 'obank' is not initialized, assuming empty initial contents. (C:\CodexTemp\stylecam_v21_map_20261005\rtl\mac.v:234)
"MEM|SYN-0677" : ... Memory 'oside' is not initialized, assuming empty initial contents. (C:\CodexTemp\stylecam_v21_map_20261005\rtl\mac.v:235)
"MEM|SYN-0677" : ... Memory 'prod' is not initialized, assuming empty initial contents. (C:\CodexTemp\stylecam_v21_map_20261005\rtl\mac.v:81)
"MEM|SYN-0677" : ... Memory 'prod' is not initialized, assuming empty initial contents. (C:\CodexTemp\stylecam_v21_map_20261005\rtl\mac.v:228)
"MEM|SYN-0677" : ... Memory 'acc' is not initialized, assuming empty initial contents. (C:\CodexTemp\stylecam_v21_map_20261005\rtl\mac.v:229)
"MEM|SYN-0677" : ... Memory 'obank' is not initialized, assuming empty initial contents. (C:\CodexTemp\stylecam_v21_map_20261005\rtl\mac.v:234)
"MEM|SYN-0677" : ... Memory 'oside' is not initialized, assuming empty initial contents. (C:\CodexTemp\stylecam_v21_map_20261005\rtl\mac.v:235)
"MEM|SYN-0677" : ... Memory 'prod' is not initialized, assuming empty initial contents. (C:\CodexTemp\stylecam_v21_map_20261005\rtl\mac.v:81)
"MEM|SYN-0677" : ... Memory 'prod' is not initialized, assuming empty initial contents. (C:\CodexTemp\stylecam_v21_map_20261005\rtl\mac.v:228)
"MEM|SYN-0677" : ... Memory 'acc' is not initialized, assuming empty initial contents. (C:\CodexTemp\stylecam_v21_map_20261005\rtl\mac.v:229)
"MEM|SYN-0677" : ... Memory 'obank' is not initialized, assuming empty initial contents. (C:\CodexTemp\stylecam_v21_map_20261005\rtl\mac.v:234)
"MEM|SYN-0677" : ... Memory 'oside' is not initialized, assuming empty initial contents. (C:\CodexTemp\stylecam_v21_map_20261005\rtl\mac.v:235)
"MEM|SYN-0677" : ... Memory 'prod' is not initialized, assuming empty initial contents. (C:\CodexTemp\stylecam_v21_map_20261005\rtl\mac.v:81)
"MEM|SYN-0677" : ... Memory 'prod' is not initialized, assuming empty initial contents. (C:\CodexTemp\stylecam_v21_map_20261005\rtl\mac.v:228)
"MEM|SYN-0677" : ... Memory 'acc' is not initialized, assuming empty initial contents. (C:\CodexTemp\stylecam_v21_map_20261005\rtl\mac.v:229)
"MEM|SYN-0677" : ... Memory 'obank' is not initialized, assuming empty initial contents. (C:\CodexTemp\stylecam_v21_map_20261005\rtl\mac.v:234)
"MEM|SYN-0677" : ... Memory 'oside' is not initialized, assuming empty initial contents. (C:\CodexTemp\stylecam_v21_map_20261005\rtl\mac.v:235)
"MEM|SYN-0677" : ... Memory 'prod' is not initialized, assuming empty initial contents. (C:\CodexTemp\stylecam_v21_map_20261005\rtl\mac.v:81)
"MEM|SYN-0677" : ... Memory 'g_split.m0' is not initialized, assuming empty initial contents. (C:\CodexTemp\stylecam_v21_map_20261005\rtl\common.v:133)
"MEM|SYN-0677" : ... Memory 'g_split.m1' is not initialized, assuming empty initial contents. (C:\CodexTemp\stylecam_v21_map_20261005\rtl\common.v:134)
"MEM|SYN-0677" : ... Memory 'prod' is not initialized, assuming empty initial contents. (C:\CodexTemp\stylecam_v21_map_20261005\rtl\mac.v:81)
"MEM|SYN-0677" : ... Memory 'm1' is not initialized, assuming empty initial contents. (C:\CodexTemp\stylecam_v21_map_20261005\rtl\common.v:187)
"MEM|SYN-0677" : ... Memory 'm2' is not initialized, assuming empty initial contents. (C:\CodexTemp\stylecam_v21_map_20261005\rtl\common.v:188)
"MEM|SYN-0677" : ... Memory 'odd' is not initialized, assuming empty initial contents. (C:\CodexTemp\stylecam_v21_map_20261005\rtl\conv_layer.v:143)
"MEM|SYN-0677" : ... Memory 'rq' is not initialized, assuming empty initial contents. (C:\CodexTemp\stylecam_v21_map_20261005\rtl\axi_arb.v:60)
"MEM|SYN-0677" : ... Memory 'wq' is not initialized, assuming empty initial contents. (C:\CodexTemp\stylecam_v21_map_20261005\rtl\axi_arb.v:116)
"MEM|SYN-0677" : ... Memory 'bq' is not initialized, assuming empty initial contents. (C:\CodexTemp\stylecam_v21_map_20261005\rtl\axi_arb.v:118)
"MEM|SYN-0657" : Mapping into logic memory block 'oside' (32 bits) (C:\CodexTemp\stylecam_v21_map_20261005\rtl\mac.v:235) because size is too small (<=64)
"MEM|SYN-0657" : Mapping into logic memory block 'oside' (32 bits) (C:\CodexTemp\stylecam_v21_map_20261005\rtl\mac.v:235) because size is too small (<=64)
"MEM|SYN-0657" : Mapping into logic memory block 'oside' (32 bits) (C:\CodexTemp\stylecam_v21_map_20261005\rtl\mac.v:235) because size is too small (<=64)
"MEM|SYN-0657" : Mapping into logic memory block 'oside' (32 bits) (C:\CodexTemp\stylecam_v21_map_20261005\rtl\mac.v:235) because size is too small (<=64)
"MULT|SYN-0666" : Mapping into logic multiplier 'mult_86'. (C:\CodexTemp\stylecam_v21_map_20261005\rtl\swg3.v:77)
"MEM|SYN-0657" : Mapping into logic memory block 'oside' (32 bits) (C:\CodexTemp\stylecam_v21_map_20261005\rtl\mac.v:235) because size is too small (<=64)
"MEM|SYN-0657" : Mapping into logic memory block 'rq' (64 bits) (C:\CodexTemp\stylecam_v21_map_20261005\rtl\axi_arb.v:60) because size is too small (<=64)
"MEM|SYN-0657" : Mapping into logic memory block 'wq' (64 bits) (C:\CodexTemp\stylecam_v21_map_20261005\rtl\axi_arb.v:116) because size is too small (<=64)
"MEM|SYN-0657" : Mapping into logic memory block 'bq' (64 bits) (C:\CodexTemp\stylecam_v21_map_20261005\rtl\axi_arb.v:118) because size is too small (<=64)
"MEM|SYN-0690" : Inserted write-first bypass logic for memory block 'u_core/u_net/u_ps/odd__D$12' (C:\CodexTemp\stylecam_v21_map_20261005\rtl\conv_layer.v:143).
"MEM|SYN-0690" : Inserted write-first bypass logic for memory block 'u_core/u_net/u_ps/odd__D$b1' (C:\CodexTemp\stylecam_v21_map_20261005\rtl\conv_layer.v:143).
"MEM|SYN-0690" : Inserted write-first bypass logic for memory block 'u_core/u_net/u_ps/odd__D$2' (C:\CodexTemp\stylecam_v21_map_20261005\rtl\conv_layer.v:143).
"MEM|SYN-0657" : Mapping into logic memory block 'u_core/u_net/u_l12/g_k3.g_dense.u_mac/prod' (408 bits) (C:\CodexTemp\stylecam_v21_map_20261005\rtl\mac.v:81) because it has all constant reader/writer.
"MEM|SYN-0657" : Mapping into logic memory block 'u_core/u_net/u_l1/g_k3.g_dense.u_mac/prod' (272 bits) (C:\CodexTemp\stylecam_v21_map_20261005\rtl\mac.v:81) because it has all constant reader/writer.
"MEM|SYN-0657" : Mapping into logic memory block 'u_core/u_net/u_l2/g_k3.g_dw.u_mac/prod' (68 bits) (C:\CodexTemp\stylecam_v21_map_20261005\rtl\mac.v:228) because it has all constant reader/writer.
"MEM|SYN-0657" : Mapping into logic memory block 'u_core/u_net/u_l2/g_k3.g_dw.u_mac/acc' (104 bits) (C:\CodexTemp\stylecam_v21_map_20261005\rtl\mac.v:229) because it has all constant reader/writer.
"MEM|SYN-0657" : Mapping into logic memory block 'u_core/u_net/u_l2/g_k3.g_dw.u_mac/obank' (104 bits) (C:\CodexTemp\stylecam_v21_map_20261005\rtl\mac.v:234) because it failed ram decomposition synthesis.
"MEM|SYN-0657" : Mapping into logic memory block 'u_core/u_net/u_l6/g_k3.g_dw.u_mac/prod' (68 bits) (C:\CodexTemp\stylecam_v21_map_20261005\rtl\mac.v:228) because it has all constant reader/writer.
"MEM|SYN-0657" : Mapping into logic memory block 'u_core/u_net/u_l6/g_k3.g_dw.u_mac/acc' (104 bits) (C:\CodexTemp\stylecam_v21_map_20261005\rtl\mac.v:229) because it has all constant reader/writer.
"MEM|SYN-0657" : Mapping into logic memory block 'u_core/u_net/u_l6/g_k3.g_dw.u_mac/obank' (104 bits) (C:\CodexTemp\stylecam_v21_map_20261005\rtl\mac.v:234) because it failed ram decomposition synthesis.
"MEM|SYN-0657" : Mapping into logic memory block 'u_core/u_net/u_l4/g_k3.g_dw.u_mac/prod' (68 bits) (C:\CodexTemp\stylecam_v21_map_20261005\rtl\mac.v:228) because it has all constant reader/writer.
"MEM|SYN-0657" : Mapping into logic memory block 'u_core/u_net/u_l4/g_k3.g_dw.u_mac/acc' (104 bits) (C:\CodexTemp\stylecam_v21_map_20261005\rtl\mac.v:229) because it has all constant reader/writer.
"MEM|SYN-0657" : Mapping into logic memory block 'u_core/u_net/u_l4/g_k3.g_dw.u_mac/obank' (104 bits) (C:\CodexTemp\stylecam_v21_map_20261005\rtl\mac.v:234) because it failed ram decomposition synthesis.
"MEM|SYN-0657" : Mapping into logic memory block 'u_core/u_net/u_l8/g_k3.g_dw.u_mac/prod' (68 bits) (C:\CodexTemp\stylecam_v21_map_20261005\rtl\mac.v:228) because it has all constant reader/writer.
"MEM|SYN-0657" : Mapping into logic memory block 'u_core/u_net/u_l8/g_k3.g_dw.u_mac/acc' (104 bits) (C:\CodexTemp\stylecam_v21_map_20261005\rtl\mac.v:229) because it has all constant reader/writer.
"MEM|SYN-0657" : Mapping into logic memory block 'u_core/u_net/u_l8/g_k3.g_dw.u_mac/obank' (104 bits) (C:\CodexTemp\stylecam_v21_map_20261005\rtl\mac.v:234) because it failed ram decomposition synthesis.
"MEM|SYN-0657" : Mapping into logic memory block 'u_core/u_net/u_l0/g_k3.g_dense.u_mac/prod' (204 bits) (C:\CodexTemp\stylecam_v21_map_20261005\rtl\mac.v:81) because it has all constant reader/writer.
"MEM|SYN-0657" : Mapping into logic memory block 'u_core/u_net/u_l7/g_k1.u_mac/prod' (68 bits) (C:\CodexTemp\stylecam_v21_map_20261005\rtl\mac.v:81) because it has all constant reader/writer.
"MEM|SYN-0657" : Mapping into logic memory block 'u_core/u_net/u_l9/g_k1.u_mac/prod' (68 bits) (C:\CodexTemp\stylecam_v21_map_20261005\rtl\mac.v:81) because it has all constant reader/writer.
"MEM|SYN-0657" : Mapping into logic memory block 'u_core/u_net/u_l3/g_k1.u_mac/prod' (68 bits) (C:\CodexTemp\stylecam_v21_map_20261005\rtl\mac.v:81) because it has all constant reader/writer.
"MEM|SYN-0657" : Mapping into logic memory block 'u_core/u_net/u_l5/g_k1.u_mac/prod' (68 bits) (C:\CodexTemp\stylecam_v21_map_20261005\rtl\mac.v:81) because it has all constant reader/writer.
"MEM|SYN-0657" : Mapping into logic memory block 'u_core/u_net/u_l11/g_k1.u_mac/prod' (136 bits) (C:\CodexTemp\stylecam_v21_map_20261005\rtl\mac.v:81) because it has all constant reader/writer.
"MEM|SYN-0657" : Mapping into logic memory block 'u_core/u_net/u_l10/g_k3.g_dw.u_mac/prod' (68 bits) (C:\CodexTemp\stylecam_v21_map_20261005\rtl\mac.v:228) because it has all constant reader/writer.
"MEM|SYN-0657" : Mapping into logic memory block 'u_core/u_net/u_l10/g_k3.g_dw.u_mac/acc' (104 bits) (C:\CodexTemp\stylecam_v21_map_20261005\rtl\mac.v:229) because it has all constant reader/writer.
"MEM|SYN-0657" : Mapping into logic memory block 'u_core/u_net/u_l10/g_k3.g_dw.u_mac/obank' (104 bits) (C:\CodexTemp\stylecam_v21_map_20261005\rtl\mac.v:234) because it failed ram decomposition synthesis.
"MEM|SYN-0657" : Mapping into logic memory block 'u_core/g_nn_async.u_ni/mem' (384 bits) (C:\CodexTemp\stylecam_v21_map_20261005\rtl\axi_frame.v:25) because 'syn_ram_style' directive is 'register' or 'logic'.
"MEM|SYN-0657" : Mapping into logic memory block 'u_core/g_nn_async.u_no/mem' (384 bits) (C:\CodexTemp\stylecam_v21_map_20261005\rtl\axi_frame.v:25) because 'syn_ram_style' directive is 'register' or 'logic'.
"MEM|SYN-0657" : Mapping into logic memory block 'u_reqf/mem' (96 bits) (C:\CodexTemp\stylecam_v21_map_20261005\rtl\axi_frame.v:25) because 'syn_ram_style' directive is 'register' or 'logic'.

### ### EFX_FF CE enables (begin) ### ### ###

Total number of enable signals: 597
Total number of FFs with enable signals: 13545
+-----------------------------------------------+------------------+
|CE Signal                                      |Number of FF loads|
+-----------------------------------------------+------------------+
|u_core/u_net/u_l8/g_k3.g_lb2.u_swg/pwr         |              453 |
|u_core/u_net/u_l6/g_k3.g_lb2.u_swg/pwr         |              453 |
|u_core/u_net/u_l4/g_k3.g_lb2.u_swg/pwr         |              453 |
|u_core/u_net/u_l2/g_k3.g_lb2.u_swg/pwr         |              453 |
|u_core/u_net/u_l12/g_k3.g_dense.u_mac/acc_en   |              312 |
|u_core/u_net/u_l12/g_k3.g_dense.u_mac/of_we    |              310 |
|u_core/u_net/u_l5/g_k1.u_mac/of_we             |              238 |
|u_core/u_net/u_l7/g_k1.u_mac/of_we             |              238 |
|u_core/u_net/u_l9/g_k1.u_mac/of_we             |              238 |
|u_core/u_net/u_l3/g_k1.u_mac/of_we             |              238 |
|u_core/cw_done                                 |              183 |
|u_core/cs_en                                   |              164 |
|u_core/u_net/u_l4/g_k3.g_dw.u_mac/n1260        |              136 |
|u_core/u_net/u_l6/g_k3.g_dw.u_mac/n1260        |              136 |
|u_core/u_net/u_l2/g_k3.g_dw.u_mac/n1260        |              136 |
|u_core/u_net/u_l8/g_k3.g_dw.u_mac/n1260        |              136 |
|u_core/g_nn_async.rs[1]                        |              108 |
|u_core/u_net/u_l2/g_k3.g_dw.u_mac/n587         |              104 |
|u_core/u_net/u_l6/g_k3.g_dw.u_mac/n587         |              104 |
|u_core/u_net/u_l4/g_k3.g_dw.u_mac/n587         |              104 |
|u_core/u_net/u_l8/g_k3.g_dw.u_mac/n587         |              104 |
|u_core/u_net/u_l10/g_k3.g_dw.u_mac/n587        |              104 |
|u_core/u_net/u_l10/g_k3.g_dw.u_mac/n1260       |              104 |
|u_core/u_net/u_l4/u_rq/n1560                   |               96 |
|u_core/u_net/u_l6/u_rq/n1560                   |               96 |
|u_core/u_net/u_l2/u_rq/n1560                   |               96 |
|u_core/u_net/u_l8/u_rq/n1560                   |               96 |
|g_raw.u_bin/n2916                              |               96 |
|u_core/u_net/u_l3/u_rq/n2832                   |               70 |
|u_core/u_net/u_l7/u_rq/n2830                   |               70 |
|u_core/u_net/u_l5/u_rq/n2832                   |               70 |
|u_core/u_net/u_l9/u_rq/n2833                   |               69 |
|u_core/nw_done                                 |               68 |
|u_core/u_net/u_l4/u_rq/n2844                   |               64 |
|u_core/u_mot/n750                              |               64 |
|u_core/u_net/u_l8/u_rq/n2844                   |               64 |
|u_core/u_mot/mov                               |               64 |
|u_core/u_net/u_l2/u_rq/n2844                   |               64 |
|u_core/u_net/u_l6/u_rq/n2844                   |               64 |
|u_core/u_net/u_l2/u_rq/n2805                   |               62 |
|u_core/u_net/u_l6/u_rq/n2805                   |               61 |
|u_core/u_net/u_l11/u_rq/n2787                  |               60 |
|u_core/u_net/u_l8/u_rq/n2805                   |               60 |
|u_core/u_net/u_l4/u_rq/n2805                   |               60 |
|u_core/u_net/u_l10/u_rq/n2805                  |               59 |
|u_core/u_net/u_l0/u_rq/n2787                   |               59 |
|u_core/u_net/u_l1/u_rq/n2805                   |               58 |
|u_core/u_net/u_l12/u_rq/n2794                  |               57 |
|rst_cam                                        |               49 |
|ceg_net222                                     |               43 |
|cam_valid                                      |               42 |
|u_core/n6080                                   |               40 |
|u_core/u_net/u_l3/g_k1.u_mac/n357              |               40 |
|u_core/u_net/u_l6/g_k3.g_dw.u_mac/n97          |               40 |
|u_core/u_net/u_l10/g_k3.g_dw.u_mac/n97         |               40 |
|u_core/u_net/u_l4/g_k3.g_dw.u_mac/n97          |               40 |
|u_core/u_net/u_l2/g_k3.g_dw.u_mac/n97          |               40 |
|u_core/u_net/u_l8/g_k3.g_dw.u_mac/n97          |               40 |
|u_core/u_net/u_l5/g_k1.u_mac/n357              |               40 |
|u_core/u_net/u_l0/g_k3.g_lb3.u_swg/n1945       |               36 |
|u_core/u_net/u_l11/g_k1.u_mac/n368             |               36 |
|u_core/u_net/u_l1/g_k3.g_dense.u_mac/n451      |               36 |
|u_core/u_net/u_l1/g_k3.g_lb3.u_swg/n1979       |               36 |
|u_core/u_net/u_l10/g_k3.g_lb3.u_swg/n2026      |               36 |
|u_core/n3911                                   |               35 |
|u_core/u_net/u_l0/g_k3.g_lb3.u_swg/n1942       |               35 |
|u_core/core_rst                                |               35 |
|u_core/u_net/u_l1/g_k3.g_lb3.u_swg/n1976       |               35 |
|u_core/u_arb/n1525                             |               34 |
|u_core/u_arb/n1510                             |               34 |
|u_core/u_mot/n1675                             |               33 |
|ceg_net346                                     |               32 |
|u_core/u_net/u_l4/g_k3.g_dw.u_mac/n1885        |               32 |
|u_core/u_net/u_l5/u_rq/n2871                   |               32 |
|u_core/u_net/u_l1/u_rq/n2844                   |               32 |
|u_core/u_net/u_l8/g_k3.g_dw.u_mac/n1885        |               32 |
|u_core/u_net/u_l3/g_k1.u_mac/n3629             |               32 |
|u_core/u_net/u_l10/u_rq/n2844                  |               32 |
|ceg_net356                                     |               32 |
|ceg_net357                                     |               32 |
|u_core/u_net/u_l11/g_k1.u_mac/u_w/n582         |               32 |
|u_core/u_net/u_l2/g_k3.g_dw.u_mac/n1885        |               32 |
|u_core/u_net/u_ps/n1141                        |               32 |
|u_core/u_net/u_l7/g_k1.u_mac/n3629             |               32 |
|u_core/u_net/u_l0/u_rq/n2826                   |               32 |
|u_core/u_net/u_ps/n1139                        |               32 |
|u_core/u_net/u_l12/g_k3.g_dense.u_mac/n4769    |               32 |
|u_core/u_net/u_l12/g_k3.g_dense.u_mac/u_w/n2333|               32 |
|u_core/mot_done                                |               32 |
|u_core/u_net/u_l7/u_rq/n2869                   |               32 |
|u_core/u_net/u_l12/g_k3.g_dense.u_mac/u_w/n2253|               32 |
|u_core/u_net/u_l12/g_k3.g_dense.u_mac/u_w/n2213|               32 |
|u_core/u_net/u_l12/g_k3.g_dense.u_mac/u_w/n2133|               32 |
|u_core/u_net/u_l12/g_k3.g_dense.u_mac/u_w/n2349|               32 |
|u_core/u_net/u_l9/g_k1.u_mac/n3629             |               32 |
|u_core/n6119                                   |               32 |
|u_core/u_net/u_l11/g_k1.u_mac/n3368            |               32 |
|ceg_net347                                     |               32 |
|u_core/u_net/u_l1/g_k3.g_dense.u_mac/n4852     |               32 |
|u_core/u_net/u_l1/g_k3.g_dense.u_mac/u_w/n1437 |               32 |
|u_core/u_net/u_l6/g_k3.g_dw.u_mac/n1885        |               32 |
|u_core/n6333                                   |               32 |
|u_core/u_net/u_l1/g_k3.g_dense.u_mac/u_w/n1357 |               32 |
|u_core/u_net/u_l9/u_rq/n2872                   |               32 |
|u_core/u_net/u_l1/g_k3.g_dense.u_mac/u_w/n1477 |               32 |
|u_core/n6325                                   |               32 |
|u_core/u_net/u_l3/u_rq/n2871                   |               32 |
|u_core/u_net/u_l5/g_k1.u_mac/n3629             |               32 |
|u_core/u_net/u_l0/g_k3.g_dense.u_mac/u_w/n1050 |               32 |
|ceg_net318                                     |               32 |
|ceg_net325                                     |               32 |
|u_core/n6334                                   |               32 |
|u_core/u_net/u_l0/g_k3.g_dense.u_mac/u_w/n970  |               32 |
|ceg_net226                                     |               32 |
|u_core/u_nnw/n2808                             |               32 |
|ceg_net338                                     |               32 |
|u_core/u_net/u_l12/u_rq/n2833                  |               32 |
|u_core/u_net/u_l11/u_rq/n2826                  |               32 |
|ceg_net331                                     |               32 |
|u_core/u_net/u_l0/g_k3.g_dense.u_mac/n375      |               28 |
|u_core/u_net/u_l10/n89                         |               27 |
|u_core/u_net/u_l3/n43                          |               27 |
|u_core/u_net/u_l4/n89                          |               27 |
|u_core/u_net/u_l5/n43                          |               27 |
|u_core/u_net/u_l9/n43                          |               27 |
|u_core/u_net/u_l6/n89                          |               27 |
|u_core/u_net/u_l8/n89                          |               27 |
|u_core/u_net/u_l2/n89                          |               27 |
|u_core/u_net/u_l1/n89                          |               27 |
|u_core/u_net/u_l7/n43                          |               27 |
|u_core/u_net/u_l0/n81                          |               26 |
|u_core/u_net/u_l12/n89                         |               26 |
|u_core/u_net/u_l11/n43                         |               26 |
|i92/n12                                        |               24 |
|i93/n19                                        |               24 |
|i93/n20                                        |               24 |
|i92/n5                                         |               24 |
|i92/n6                                         |               24 |
|i92/n7                                         |               24 |
|i92/n8                                         |               24 |
|i92/n9                                         |               24 |
|i92/n10                                        |               24 |
|i92/n11                                        |               24 |
|ceg_net384                                     |               24 |
|u_core/u_net/u_ps/n1142                        |               24 |
|i92/n13                                        |               24 |
|u_disp/n1412                                   |               24 |
|i92/n14                                        |               24 |
|i92/n15                                        |               24 |
|i92/n16                                        |               24 |
|i92/n17                                        |               24 |
|i92/n18                                        |               24 |
|u_core/u_net/u_l0/g_k3.g_dense.u_mac/n3840     |               24 |
|i92/n19                                        |               24 |
|i92/n20                                        |               24 |
|u_core/g_nn_async.u_ni/n376                    |               24 |
|u_core/g_nn_async.u_no/n376                    |               24 |
|ceg_net328                                     |               24 |
|i93/n5                                         |               24 |
|i93/n6                                         |               24 |
|ceg_net360                                     |               24 |
|i93/n7                                         |               24 |
|ceg_net315                                     |               24 |
|i93/n8                                         |               24 |
|i93/n9                                         |               24 |
|ceg_net350                                     |               24 |
|i93/n18                                        |               24 |
|i93/n10                                        |               24 |
|i93/n11                                        |               24 |
|i93/n12                                        |               24 |
|i93/n13                                        |               24 |
|i93/n14                                        |               24 |
|i93/n15                                        |               24 |
|i93/n16                                        |               24 |
|i93/n17                                        |               24 |
|u_vidf/load                                    |               23 |
|u_vidf/n25                                     |               23 |
|u_camf/load                                    |               21 |
|u_camf/n24                                     |               21 |
|u_core/u_net/u_l1/g_k3.g_lb3.u_swg/wr_fire     |               20 |
|u_core/u_net/u_l0/g_k3.g_lb3.u_swg/wr_fire     |               19 |
|u_core/u_net/u_l9/u_rq/n1588                   |               19 |
|u_core/u_net/u_l4/g_k3.g_lb2.u_swg/n7272       |               18 |
|u_core/u_net/u_l6/g_k3.g_lb2.u_swg/n7272       |               18 |
|u_core/u_net/u_l2/g_k3.g_lb2.u_swg/n7275       |               18 |
|u_core/u_net/u_l6/g_k3.g_lb2.u_swg/n7275       |               18 |
|u_core/u_net/u_l4/g_k3.g_lb2.u_swg/n7275       |               18 |
|u_core/u_net/u_l8/g_k3.g_lb2.u_swg/n7275       |               18 |
|u_core/u_net/u_l2/g_k3.g_lb2.u_swg/n7272       |               18 |
|u_core/u_net/u_l12/g_k3.g_lb2.u_swg/n5626      |               18 |
|u_core/u_net/u_l12/g_k3.g_lb2.u_swg/n5629      |               18 |
|u_core/u_net/u_l8/g_k3.g_lb2.u_swg/n7272       |               18 |
|u_core/u_net/u_l10/g_k3.g_lb3.u_swg/n2031      |               18 |
|u_core/u_net/u_l6/g_k3.g_lb2.u_swg/n7242       |               17 |
|u_core/u_net/u_l8/g_k3.g_lb2.u_swg/n7242       |               17 |
|u_core/u_nnr/n1436                             |               17 |
|u_core/u_net/u_l2/g_k3.g_lb2.u_swg/n7242       |               17 |
|u_core/u_net/u_l12/g_k3.g_lb2.u_swg/n5596      |               17 |
|u_core/u_net/u_l4/g_k3.g_lb2.u_swg/n7242       |               17 |
|u_core/u_net/u_l2/g_k3.g_lb2.u_swg/n7249       |               16 |
|u_core/u_net/u_l2/u_rq/n2798                   |               16 |
|u_core/u_net/u_l1/g_k3.g_lb3.u_swg/n1944       |               16 |
|u_core/u_net/u_l8/u_rq/n2923                   |               16 |
|u_core/u_net/u_l8/u_rq/n2931                   |               16 |
|u_core/u_net/u_l9/g_k1.u_mac/n2659             |               16 |
|u_disp/equal_45/n31                            |               16 |
|ceg_net232                                     |               16 |
|u_core/u_net/u_l2/u_rq/n2921                   |               16 |
|ceg_net243                                     |               16 |
|u_core/u_net/u_l12/g_k3.g_lb2.u_swg/n5602      |               16 |
|u_core/u_net/u_l9/g_k1.u_mac/n160              |               16 |
|u_core/u_net/u_l8/u_rq/n2798                   |               16 |
|u_core/u_net/u_l2/g_k3.g_lb2.u_swg/n7248       |               16 |
|u_core/u_net/u_l2/u_rq/n2896                   |               16 |
|u_core/u_net/u_l12/g_k3.g_lb2.u_swg/n5603      |               16 |
|u_core/u_net/u_l0/g_k3.g_lb3.u_swg/n1910       |               16 |
|ceg_net261                                     |               16 |
|u_core/u_net/u_l4/g_k3.g_lb2.u_swg/n7248       |               16 |
|u_core/u_net/u_l4/g_k3.g_lb2.u_swg/n7249       |               16 |
|u_core/u_net/u_l0/g_k3.g_dense.u_mac/n3094     |               16 |
|u_core/u_net/u_l4/u_rq/n2798                   |               16 |
|u_core/u_net/u_l4/g_k3.g_lb2.u_swg/n7235       |               16 |
|u_core/u_net/u_l0/g_k3.g_lb3.u_swg/n1909       |               16 |
|u_core/u_net/u_l6/u_rq/n2930                   |               16 |
|u_core/u_net/u_l6/u_rq/n2922                   |               16 |
|ceg_net223                                     |               16 |
|u_core/u_net/u_l8/u_rq/n2896                   |               16 |
|u_core/u_net/u_l5/g_k1.u_mac/n2659             |               16 |
|u_core/u_net/u_l4/u_rq/n2896                   |               16 |
|u_core/u_net/u_l1/g_k3.g_dense.u_mac/n254      |               16 |
|u_core/dr_busy                                 |               16 |
|u_core/u_net/u_l1/g_k3.g_dense.u_mac/n3883     |               16 |
|u_core/u_net/u_l5/g_k1.u_mac/n160              |               16 |
|u_core/nr_busy                                 |               16 |
|u_core/u_net/u_l0/g_k3.g_dense.u_mac/n194      |               16 |
|u_core/u_net/u_l12/g_k3.g_lb2.u_swg/n5589      |               16 |
|u_core/u_net/u_l8/g_k3.g_lb2.u_swg/n7235       |               16 |
|u_core/u_net/u_l12/g_k3.g_dense.u_mac/n297     |               16 |
|u_core/u_net/u_l4/u_rq/n2923                   |               16 |
|u_core/u_net/u_l4/u_rq/n2931                   |               16 |
|u_core/u_net/u_l2/u_rq/n2929                   |               16 |
|u_core/nw_busy                                 |               16 |
|u_core/u_net/u_l8/g_k3.g_lb2.u_swg/n7249       |               16 |
|u_core/u_net/u_l8/g_k3.g_lb2.u_swg/n7248       |               16 |
|ceg_net270                                     |               16 |
|u_core/u_net/u_l7/g_k1.u_mac/n160              |               16 |
|u_core/u_net/u_l6/u_rq/n2896                   |               16 |
|u_core/u_net/u_l7/g_k1.u_mac/n2659             |               16 |
|u_core/cw_busy                                 |               16 |
|u_core/u_net/u_l10/u_rq/n2798                  |               16 |
|u_core/u_net/u_l11/g_k1.u_mac/n2606            |               16 |
|u_core/u_net/u_l11/g_k1.u_mac/n171             |               16 |
|u_core/u_net/u_ps/n1137                        |               16 |
|u_core/u_net/u_l3/g_k1.u_mac/n2659             |               16 |
|u_disp/n564                                    |               16 |
|u_core/u_net/u_l3/g_k1.u_mac/n160              |               16 |
|u_core/u_net/u_l10/g_k3.g_lb3.u_swg/n1983      |               16 |
|u_core/u_net/u_l6/u_rq/n2798                   |               16 |
|u_core/u_net/u_l1/g_k3.g_lb3.u_swg/n1943       |               16 |
|u_core/u_net/u_l2/g_k3.g_lb2.u_swg/n7235       |               16 |
|u_core/u_net/u_l6/g_k3.g_lb2.u_swg/n7235       |               16 |
|u_core/u_net/u_l10/g_k3.g_lb3.u_swg/n1982      |               16 |
|ceg_net252                                     |               16 |
|u_core/u_net/u_l6/g_k3.g_lb2.u_swg/n7248       |               16 |
|u_core/u_net/u_l6/g_k3.g_lb2.u_swg/n7249       |               16 |
|u_core/u_net/u_l12/g_k3.g_dense.u_mac/n4112    |               16 |
|u_core/n6328                                   |               14 |
|u_core/u_mot/n1665                             |               13 |
|i94/n10                                        |               12 |
|i94/n6                                         |               12 |
|u_reqf/n279                                    |               12 |
|u_core/n6330                                   |               12 |
|i94/n7                                         |               12 |
|i94/n8                                         |               12 |
|i94/n9                                         |               12 |
|i94/n11                                        |               12 |
|i94/n12                                        |               12 |
|u_core/n6341                                   |               12 |
|u_core/n6329                                   |               12 |
|ceg_net374                                     |               12 |
|i94/n5                                         |               12 |
|u_core/n6117                                   |               11 |
|u_core/u_net/u_l12/u_rq/n1551                  |               11 |
|g_raw.u_bin/n4275                              |               10 |
|u_core/u_camw/n2827                            |                9 |
|g_raw.u_bin/u_f0/n47                           |                9 |
|u_core/g_nn_async.u_ni/load                    |                9 |
|g_raw.u_bin/u_f1/load                          |                9 |
|g_raw.u_bin/u_f1/n47                           |                9 |
|u_core/g_nn_async.u_no/load                    |                9 |
|u_core/u_net/u_ps/n12                          |                9 |
|g_raw.u_bin/u_f0/load                          |                9 |
|u_core/u_dr/n1448                              |                9 |
|u_core/u_nnw/n2827                             |                9 |
|u_core/u_net/u_l12/g_k3.g_lb2.u_swg/commit     |                8 |
|u_core/u_net/u_l1/u_rq/n1560                   |                8 |
|u_core/u_net/u_l4/g_k3.g_lb2.u_swg/n7270       |                8 |
|u_core/u_nnw/n3174                             |                8 |
|u_core/u_net/u_l7/g_k1.u_mac/n3626             |                8 |
|u_core/u_net/u_l2/g_k3.g_lb2.u_swg/commit      |                8 |
|u_core/u_net/u_l12/g_k3.g_lb2.u_swg/wr_fire    |                8 |
|u_core/u_net/u_l2/g_k3.g_lb2.u_swg/n7270       |                8 |
|u_core/u_net/u_l3/g_k1.u_mac/n3626             |                8 |
|u_core/u_nnw/n3118                             |                8 |
|u_core/u_net/u_l1/u_rq/n2925                   |                8 |
|u_core/u_nnw/n3126                             |                8 |
|u_core/u_nnw/n3182                             |                8 |
|u_core/u_net/u_l5/u_rq/n2923                   |                8 |
|u_core/u_nnw/n3111                             |                8 |
|u_core/u_net/u_l12/u_rq/n2885                  |                8 |
|ceg_net334                                     |                8 |
|u_core/n6327                                   |                8 |
|u_core/n6326                                   |                8 |
|u_core/u_nnw/n3134                             |                8 |
|u_core/u_net/u_l5/g_k1.u_mac/n3626             |                8 |
|u_core/u_net/u_l3/u_rq/n2956                   |                8 |
|u_core/u_net/u_l12/g_k3.g_dense.u_mac/n4766    |                8 |
|u_core/u_net/u_l5/u_rq/n2828                   |                8 |
|u_core/u_nnw/n2811                             |                8 |
|u_core/u_net/u_l1/u_rq/n2933                   |                8 |
|u_core/u_net/u_l3/u_rq/n2828                   |                8 |
|u_core/u_nnw/n3190                             |                8 |
|u_core/u_net/u_l12/u_rq/n2915                  |                8 |
|u_core/u_net/u_l12/u_rq/n2923                  |                8 |
|u_core/u_net/u_l3/u_rq/n2923                   |                8 |
|u_core/u_net/u_l12/g_k3.g_lb2.u_swg/n5624      |                8 |
|u_core/u_net/u_l9/u_rq/n2958                   |                8 |
|u_core/u_net/u_l8/g_k3.g_lb2.u_swg/wr_fire     |                8 |
|u_core/u_net/u_l8/g_k3.g_lb2.u_swg/commit      |                8 |
|u_core/u_net/u_l10/g_k3.g_lb3.u_swg/n2024      |                8 |
|u_core/u_net/u_l8/g_k3.g_lb2.u_swg/n7270       |                8 |
|u_core/u_net/u_l4/g_k3.g_lb2.u_swg/commit      |                8 |
|u_core/u_net/u_l10/u_rq/n2801                  |                8 |
|u_core/u_net/u_l10/u_rq/n2896                  |                8 |
|u_core/u_camw/n3134                            |                8 |
|u_core/u_net/u_l5/u_rq/n2948                   |                8 |
|u_core/u_net/u_l5/u_rq/n2956                   |                8 |
|u_core/u_net/u_l0/u_rq/n2932                   |                8 |
|u_core/u_net/u_l11/g_k1.u_mac/n3365            |                8 |
|u_core/u_net/u_l9/u_rq/n2950                   |                8 |
|u_core/u_net/u_l9/u_rq/n2924                   |                8 |
|u_core/u_net/u_l6/g_k3.g_lb2.u_swg/wr_fire     |                8 |
|u_core/u_net/u_l6/g_k3.g_lb2.u_swg/commit      |                8 |
|u_core/u_net/u_l9/u_rq/n2829                   |                8 |
|u_core/u_net/u_l6/g_k3.g_lb2.u_swg/n7270       |                8 |
|u_core/u_net/u_l2/u_rq/n2801                   |                8 |
|u_core/u_net/u_l11/u_rq/n2931                  |                8 |
|u_core/u_net/u_l7/u_rq/n2921                   |                8 |
|u_core/u_nnw/n3198                             |                8 |
|u_core/u_nnw/n3150                             |                8 |
|u_core/u_nnw/n3142                             |                8 |
|u_core/u_nnw/n3166                             |                8 |
|u_core/u_nnw/n3158                             |                8 |
|u_core/u_net/u_l8/u_rq/n2801                   |                8 |
|u_core/u_net/u_l1/g_k3.g_lb3.u_swg/n1972       |                8 |
|u_core/u_camw/n2811                            |                8 |
|u_core/u_net/u_l9/g_k1.u_mac/n357              |                8 |
|u_core/u_net/u_l7/u_rq/n2826                   |                8 |
|u_core/u_net/u_l4/g_k3.g_lb2.u_swg/wr_fire     |                8 |
|u_core/u_net/u_l7/u_rq/n2946                   |                8 |
|u_core/u_net/u_l7/u_rq/n2954                   |                8 |
|ceg_net321                                     |                8 |
|u_core/u_net/u_l9/g_k1.u_mac/n3626             |                8 |
|u_core/u_net/u_l6/u_rq/n2801                   |                8 |
|u_core/u_net/u_l0/g_k3.g_lb3.u_swg/n1938       |                8 |
|u_core/u_net/u_l7/g_k1.u_mac/n357              |                8 |
|u_core/u_net/u_l0/u_rq/n2896                   |                8 |
|u_core/u_net/u_l0/u_rq/n2924                   |                8 |
|u_core/u_camw/n3126                            |                8 |
|u_core/u_camw/n3111                            |                8 |
|u_core/u_net/u_l1/g_k3.g_dense.u_mac/n4849     |                8 |
|u_core/u_net/u_l4/u_rq/n2801                   |                8 |
|u_core/u_net/u_l3/u_rq/n2948                   |                8 |
|u_core/u_camw/n3190                            |                8 |
|u_core/u_camw/n3174                            |                8 |
|u_core/u_camw/n3182                            |                8 |
|u_core/u_camw/n3158                            |                8 |
|u_core/u_camw/n3166                            |                8 |
|u_core/u_net/u_l11/u_rq/n2896                  |                8 |
|u_core/u_camw/n3118                            |                8 |
|u_core/u_camw/n3142                            |                8 |
|u_core/u_net/u_l10/u_rq/n2932                  |                8 |
|u_core/u_arb/n1276                             |                8 |
|u_core/u_camw/n3150                            |                8 |
|u_core/u_camw/n3198                            |                8 |
|u_core/u_net/u_l10/u_rq/n2924                  |                8 |
|u_core/u_net/u_l0/g_k3.g_dense.u_mac/n3837     |                8 |
|u_core/u_net/u_l1/u_rq/n2896                   |                8 |
|u_core/u_dr/n1436                              |                8 |
|u_core/u_net/u_l11/u_rq/n2923                  |                8 |
|u_core/u_net/u_l1/u_rq/n2801                   |                8 |
|u_core/u_dr/u_f/load                           |                7 |
|u_core/u_net/u_l0/u_rq/n2783                   |                7 |
|u_core/u_net/u_l12/u_rq/n2790                  |                7 |
|u_core/u_nnr/u_f/load                          |                7 |
|u_core/u_net/u_l11/u_rq/n2783                  |                7 |
|u_reqf/load                                    |                7 |
|u_reqf/n17                                     |                7 |
|u_core/u_dr/u_f/n116                           |                7 |
|u_core/u_nnr/u_f/n116                          |                7 |
|u_core/n6337                                   |                6 |
|u_core/u_nnw/n291                              |                6 |
|u_core/n6116                                   |                6 |
|u_core/u_camw/n291                             |                6 |
|u_core/u_nnw/u_f/load                          |                6 |
|u_core/u_camw/u_f/load                         |                6 |
|u_core/n6340                                   |                5 |
|u_core/u_net/u_l10/u_rq/n1548                  |                4 |
|u_core/u_net/u_l12/g_k3.g_dense.u_mac/n4779    |                4 |
|u_core/u_net/u_l8/u_rq/n1548                   |                4 |
|u_core/u_net/u_l9/u_rq/n1576                   |                4 |
|u_core/n6336                                   |                4 |
|u_core/u_net/u_l1/u_rq/n1548                   |                4 |
|u_core/u_net/u_l2/u_rq/n1548                   |                4 |
|u_core/u_net/u_l4/u_rq/n1548                   |                4 |
|u_core/u_net/u_l7/u_rq/n1573                   |                4 |
|u_core/u_net/u_l12/g_k3.g_lb2.u_swg/pwr        |                4 |
|u_core/u_net/u_l11/u_rq/n1532                  |                4 |
|u_core/u_arb/n1303                             |                4 |
|u_core/u_net/u_l6/u_rq/n1548                   |                4 |
|u_core/u_net/u_l5/u_rq/n1575                   |                4 |
|u_core/u_net/u_l3/u_rq/n1575                   |                4 |
|u_core/u_net/u_l0/u_rq/n1532                   |                4 |
|u_core/u_arb/n606                              |                4 |
|u_core/u_arb/n121                              |                4 |
|u_core/u_net/u_l12/u_rq/n1539                  |                4 |
|u_core/u_arb/n754                              |                4 |
|u_core/u_net/u_l1/g_k3.g_lb3.u_swg/can_issue   |                3 |
|u_core/n6331                                   |                3 |
|u_core/u_net/u_l12/g_k3.g_dense.u_mac/stall    |                2 |
|u_core/n6112                                   |                2 |
|u_core/u_net/u_l10/g_k3.g_lb3.u_swg/can_issue  |                2 |
|u_core/u_net/u_l0/g_k3.g_lb3.u_swg/n1936       |                2 |
|u_core/u_net/u_l10/g_k3.g_lb3.u_swg/n2032      |                2 |
|osd_we                                         |                2 |
|u_core/n6342                                   |                2 |
|u_core/n6335                                   |                2 |
|u_core/u_net/u_l0/g_k3.g_lb3.u_swg/can_issue   |                2 |
|u_core/u_net/u_l12/g_k3.g_lb2.u_swg/can_issue  |                2 |
|u_core/u_net/u_l6/g_k3.g_dw.u_mac/stall        |                2 |
|u_core/u_net/u_l4/g_k3.g_lb2.u_swg/can_issue   |                2 |
|u_core/u_net/u_l4/g_k3.g_lb2.u_swg/n7268       |                2 |
|u_core/u_net/u_l10/g_k3.g_dw.u_mac/stall       |                2 |
|u_core/u_net/u_l1/g_k3.g_dense.u_mac/stall     |                2 |
|u_core/u_net/u_l5/g_k1.u_mac/stall             |                2 |
|u_core/u_arb/n1501                             |                2 |
|u_core/u_arb/n1516                             |                2 |
|u_core/u_net/u_l10/g_k3.g_lb3.u_swg/n2022      |                2 |
|u_core/u_net/u_l6/g_k3.g_lb2.u_swg/n7268       |                2 |
|u_core/u_net/u_l2/g_k3.g_lb2.u_swg/can_issue   |                2 |
|u_core/u_net/u_l2/g_k3.g_lb2.u_swg/n7268       |                2 |
|u_core/u_net/u_l6/g_k3.g_lb2.u_swg/can_issue   |                2 |
|u_core/u_net/u_l2/g_k3.g_dw.u_mac/stall        |                2 |
|u_core/u_net/u_l7/g_k1.u_mac/stall             |                2 |
|ceg_net386                                     |                2 |
|u_core/u_net/u_l11/g_k1.u_mac/stall            |                2 |
|u_core/u_net/u_l3/g_k1.u_mac/stall             |                2 |
|u_disp/n1401                                   |                2 |
|u_core/u_net/u_l8/g_k3.g_lb2.u_swg/n7268       |                2 |
|u_core/u_net/u_l8/g_k3.g_lb2.u_swg/can_issue   |                2 |
|u_core/u_net/u_l4/g_k3.g_dw.u_mac/stall        |                2 |
|u_core/u_net/u_l9/g_k1.u_mac/stall             |                2 |
|u_core/u_net/u_l0/g_k3.g_dense.u_mac/stall     |                2 |
|u_core/u_net/u_l8/g_k3.g_dw.u_mac/stall        |                2 |
|u_core/u_net/u_l1/g_k3.g_lb3.u_swg/n1970       |                2 |
|u_core/u_net/u_l12/g_k3.g_lb2.u_swg/n5622      |                2 |
|u_core/u_net/u_st/n1447                        |                1 |
|u_core/u_net/u_st/n1452                        |                1 |
|u_core/u_net/u_st/n1442                        |                1 |
|u_core/u_net/u_st/n1443                        |                1 |
|u_core/u_net/u_st/n1444                        |                1 |
|u_core/u_net/u_st/n1445                        |                1 |
|u_core/u_net/u_st/n1446                        |                1 |
|u_core/u_arb/i845/n7                           |                1 |
|u_core/u_net/u_st/n1448                        |                1 |
|u_core/u_net/u_st/n1449                        |                1 |
|u_core/u_net/u_st/n1450                        |                1 |
|u_core/u_net/u_st/n1451                        |                1 |
|u_core/u_net/u_st/n1441                        |                1 |
|u_core/u_net/u_st/n1453                        |                1 |
|ceg_net387                                     |                1 |
|ceg_net390                                     |                1 |
|u_core/u_net/u_l1/g_k3.g_lb3.u_swg/n874        |                1 |
|u_core/u_net/u_l1/g_k3.g_lb3.u_swg/n3003       |                1 |
|u_core/u_net/u_l1/g_k3.g_lb3.u_swg/n1977       |                1 |
|u_core/u_net/u_l1/g_k3.g_lb3.u_swg/n3001       |                1 |
|ceg_net240                                     |                1 |
|u_core/nn_start                                |                1 |
|u_core/u_net/u_st/n1431                        |                1 |
|ceg_net296                                     |                1 |
|ceg_net330                                     |                1 |
|ceg_net337                                     |                1 |
|ceg_net340                                     |                1 |
|ceg_net304                                     |                1 |
|u_core/n_arm                                   |                1 |
|u_core/u_net/u_st/n1430                        |                1 |
|u_core/u_net/u_st/n536                         |                1 |
|ceg_net306                                     |                1 |
|ceg_net294                                     |                1 |
|u_core/u_net/u_st/n1432                        |                1 |
|u_core/u_net/u_st/n1433                        |                1 |
|u_core/u_net/u_st/n1434                        |                1 |
|u_core/u_net/u_st/n1435                        |                1 |
|u_core/u_net/u_st/n1436                        |                1 |
|u_core/u_net/u_st/n1437                        |                1 |
|u_core/u_net/u_st/n1438                        |                1 |
|u_core/u_net/u_st/n1439                        |                1 |
|u_core/u_net/u_st/n1440                        |                1 |
|ceg_net355                                     |                1 |
|u_core/u_net/u_l8/g_k3.g_lb2.u_swg/n7273       |                1 |
|ceg_net302                                     |                1 |
|ceg_net298                                     |                1 |
|ceg_net376                                     |                1 |
|ceg_net378                                     |                1 |
|ceg_net380                                     |                1 |
|ceg_net249                                     |                1 |
|ceg_net254                                     |                1 |
|u_core/u_net/u_l6/g_k3.g_lb2.u_swg/n7273       |                1 |
|ceg_net247                                     |                1 |
|ceg_net352                                     |                1 |
|ceg_net272                                     |                1 |
|ceg_net359                                     |                1 |
|ceg_net317                                     |                1 |
|u_core/u_arb/i847/n19                          |                1 |
|u_core/u_arb/i847/n20                          |                1 |
|u_core/u_arb/i846/n5                           |                1 |
|u_core/u_arb/i845/n9                           |                1 |
|u_core/u_arb/i846/n6                           |                1 |
|u_core/u_arb/i846/n7                           |                1 |
|u_core/u_arb/i846/n11                          |                1 |
|u_core/u_arb/i846/n10                          |                1 |
|ceg_net327                                     |                1 |
|g_raw.u_bin/n2616                              |                1 |
|ceg_net372                                     |                1 |
|ceg_net278                                     |                1 |
|u_core/u_net/u_l0/g_k3.g_lb3.u_swg/n842        |                1 |
|ceg_net288                                     |                1 |
|ceg_net366                                     |                1 |
|ceg_net368                                     |                1 |
|g_raw.u_bin/n114                               |                1 |
|ceg_net370                                     |                1 |
|ceg_net324                                     |                1 |
|u_core/u_arb/i846/n8                           |                1 |
|ceg_net274                                     |                1 |
|ceg_net276                                     |                1 |
|ceg_net284                                     |                1 |
|ceg_net286                                     |                1 |
|ceg_net256                                     |                1 |
|u_core/u_net/u_l0/g_k3.g_lb3.u_swg/n2969       |                1 |
|u_core/u_net/u_l0/g_k3.g_lb3.u_swg/n1943       |                1 |
|u_core/u_net/u_l0/g_k3.g_lb3.u_swg/n2967       |                1 |
|ceg_net280                                     |                1 |
|ceg_net267                                     |                1 |
|u_core/cfg_we                                  |                1 |
|ceg_net349                                     |                1 |
|ceg_net245                                     |                1 |
|u_core/u_net/u_l2/g_k3.g_lb2.u_swg/n7273       |                1 |
|ceg_net282                                     |                1 |
|ceg_net290                                     |                1 |
|ceg_net292                                     |                1 |
|ceg_net229                                     |                1 |
|u_core/u_net/u_l12/g_k3.g_lb2.u_swg/n650       |                1 |
|ceg_net234                                     |                1 |
|u_core/u_net/u_l12/g_k3.g_lb2.u_swg/n5627      |                1 |
|ceg_net345                                     |                1 |
|u_core/st_arm                                  |                1 |
|ceg_net221                                     |                1 |
|u_core/cam_go                                  |                1 |
|u_core/n6086                                   |                1 |
|ceg_net225                                     |                1 |
|u_core/n6097                                   |                1 |
|ceg_net227                                     |                1 |
|ceg_net265                                     |                1 |
|ceg_net238                                     |                1 |
|ceg_net300                                     |                1 |
|u_core/u_arb/i847/n16                          |                1 |
|u_core/u_arb/i846/n9                           |                1 |
|u_core/u_arb/i845/n8                           |                1 |
|u_core/u_arb/i847/n17                          |                1 |
|u_core/u_arb/i845/n6                           |                1 |
|u_core/u_arb/i845/n11                          |                1 |
|u_core/u_arb/i845/n5                           |                1 |
|u_core/u_arb/i845/n12                          |                1 |
|u_core/u_arb/i847/n18                          |                1 |
|u_core/u_arb/i846/n12                          |                1 |
|u_core/u_arb/i845/n10                          |                1 |
|u_core/u_net/u_l10/g_k3.g_lb3.u_swg/n2029      |                1 |
|u_core/u_arb/i847/n15                          |                1 |
|u_core/u_arb/i847/n14                          |                1 |
|u_core/u_arb/i847/n13                          |                1 |
|ceg_net258                                     |                1 |
|ceg_net263                                     |                1 |
|u_core/u_net/u_l4/g_k3.g_lb2.u_swg/n7273       |                1 |
|ceg_net362                                     |                1 |
|ceg_net364                                     |                1 |
|ceg_net236                                     |                1 |
|ceg_net342                                     |                1 |
+-----------------------------------------------+------------------+

### ### EFX_FF CE enables (end) ### ### ###

### ### EFX_FF SR set/reset (begin) ### ### ###

Total number of set/reset signals: 58
Total number of FFs with set/reset signals: 3397
+-------------------------------------------+------------------+
|SR Signal                                  |Number of FF loads|
+-------------------------------------------+------------------+
|u_core/g_nn_async.rs[1]                    |              586 |
|u_core/core_rst                            |              502 |
|rst_axi                                    |              288 |
|u_core/u_net/u_l1/g_k3.g_lb3.u_swg/n874    |              138 |
|u_core/u_net/u_l0/g_k3.g_lb3.u_swg/n842    |              137 |
|u_core/u_nnw/n48                           |              133 |
|u_core/u_net/u_l4/g_k3.g_lb2.u_swg/n4059   |              129 |
|u_core/u_net/u_l2/g_k3.g_lb2.u_swg/n4059   |              129 |
|u_core/u_net/u_l6/g_k3.g_lb2.u_swg/n4059   |              129 |
|u_core/u_net/u_l8/g_k3.g_lb2.u_swg/n4059   |              129 |
|u_core/u_net/u_l12/g_k3.g_lb2.u_swg/n2924  |              128 |
|rst_cam                                    |              126 |
|u_core/u_net/u_l10/g_k3.g_lb3.u_swg/n923   |              121 |
|u_core/n6075                               |              100 |
|rst_pix                                    |               97 |
|u_core/u_camw/n48                          |               85 |
|u_core/u_mot/n1676                         |               64 |
|u_core/u_dr/n126                           |               48 |
|u_core/u_net/u_st/n1383                    |               25 |
|u_core/u_net/u_l8/g_k3.g_lb2.u_swg/n7250   |               24 |
|u_core/u_net/u_l4/g_k3.g_lb2.u_swg/n7250   |               24 |
|u_core/u_net/u_l6/g_k3.g_lb2.u_swg/n7250   |               24 |
|u_core/u_net/u_l2/g_k3.g_lb2.u_swg/n7250   |               24 |
|u_core/u_net/u_l12/g_k3.g_lb2.u_swg/n5604  |               24 |
|u_disp/a3                                  |               24 |
|u_disp/n1402                               |               16 |
|u_core/u_net/u_l10/g_k3.g_dw.u_mac/n1887   |               10 |
|u_core/u_net/u_l8/g_k3.g_dw.u_mac/n1887    |               10 |
|u_core/u_net/u_l4/g_k3.g_dw.u_mac/n1887    |               10 |
|u_core/u_net/u_l2/g_k3.g_dw.u_mac/n1887    |               10 |
|u_core/u_net/u_l6/g_k3.g_dw.u_mac/n1887    |               10 |
|u_core/u_net/u_l0/g_k3.g_dense.u_mac/n3838 |                8 |
|u_core/u_net/u_l9/g_k1.u_mac/n3627         |                8 |
|u_core/u_net/u_l5/g_k1.u_mac/n3627         |                8 |
|u_core/u_net/u_l7/g_k1.u_mac/n3627         |                8 |
|u_core/u_net/u_l3/g_k1.u_mac/n3627         |                8 |
|u_core/u_net/u_l12/g_k3.g_dense.u_mac/n4767|                8 |
|u_core/u_net/u_l11/g_k1.u_mac/n3366        |                8 |
|u_core/u_net/u_l1/g_k3.g_dense.u_mac/n4850 |                8 |
|u_disp/n893                                |                7 |
|u_disp/n4316                               |                2 |
|u_core/n6324                               |                2 |
|u_core/n6072                               |                2 |
|g_raw.u_bin/n2916                          |                2 |
|g_raw.u_bin/n2904                          |                1 |
|u_core/n6064                               |                1 |
|u_core/n6102                               |                1 |
|u_core/n6104                               |                1 |
|u_core/n6107                               |                1 |
|u_core/n6109                               |                1 |
|u_core/n6110                               |                1 |
|u_disp/n1408                               |                1 |
|u_core/u_dr/n1443                          |                1 |
|u_core/u_arb/n1523                         |                1 |
|u_core/u_nnw/n2820                         |                1 |
|u_core/u_camw/n2820                        |                1 |
|u_core/u_net/u_st/n1384                    |                1 |
|u_core/u_arb/n1508                         |                1 |
+-------------------------------------------+------------------+

### ### EFX_FF SR set/reset (end) ### ### ###

### ### Memory Trimming Report (begin) ### ### ### 
Memory instance 'u_disp/u_font/g_one.mem__D$2' Port WDATA is tied off because it is disabled.
Memory instance 'u_disp/u_font/g_one.mem__D$1' Port WDATA is tied off because it is disabled.
### ### Memory Trimming Report (end) ### ### ### 

### ### Sequential Elements/Signals Trimming Report (begin) ### ### ### 
'u_core/u_net/u_l12/u_rq/b2[0]' (rtl\requant.v:97) (optimized to 0)
'u_core/u_net/u_l12/u_rq/k2[0]' (rtl\requant.v:97) (optimized to 0)
'u_core/u_net/u_l12/u_rq/k2[1]' (rtl\requant.v:97) (optimized to 0)
'u_core/u_net/u_l12/u_rq/k2[2]' (rtl\requant.v:97) (optimized to 0)
'u_core/u_net/u_l12/u_rq/k2[3]' (rtl\requant.v:97) (optimized to 0)
'u_core/u_net/u_l12/u_rq/b2[9]' (rtl\requant.v:97) (optimized to 0)
'u_core/u_net/u_l12/u_rq/b2[10]' (rtl\requant.v:97) (optimized to 0)
'u_core/u_net/u_l12/u_rq/b2[11]' (rtl\requant.v:97) (optimized to 0)
'u_core/u_net/u_l12/u_rq/b2[12]' (rtl\requant.v:97) (optimized to 0)
'u_core/u_net/u_l12/u_rq/b2[13]' (rtl\requant.v:97) (optimized to 0)
'u_core/u_net/u_l12/u_rq/b2[2]' (rtl\requant.v:97) (optimized to 0)
'u_core/u_net/u_l12/u_rq/b2[3]' (rtl\requant.v:97) (optimized to 0)
'u_core/u_net/u_l12/u_rq/b2[4]' (rtl\requant.v:97) (optimized to 0)
'u_core/u_net/u_l12/u_rq/b2[5]' (rtl\requant.v:97) (optimized to 0)
'u_core/u_net/u_l12/u_rq/b2[6]' (rtl\requant.v:97) (optimized to 0)
'u_core/u_net/u_l12/u_rq/b2[7]' (rtl\requant.v:97) (optimized to 0)
'u_core/u_net/u_l12/u_rq/b2[8]' (rtl\requant.v:97) (optimized to 0)
'u_core/u_net/u_l12/u_rq/b2[1]' (rtl\requant.v:97) (optimized to 0)
'u_core/u_net/u_l12/u_rq/k2[39]' (rtl\requant.v:97) (optimized to 0)
'u_core/u_net/u_l12/u_rq/k2[38]' (rtl\requant.v:97) (optimized to 0)
'u_core/u_net/u_l12/u_rq/k2[37]' (rtl\requant.v:97) (optimized to 0)
'u_core/u_net/u_l12/u_rq/k2[36]' (rtl\requant.v:97) (optimized to 0)
'u_core/u_net/u_l12/u_rq/k2[35]' (rtl\requant.v:97) (optimized to 0)
'u_core/u_net/u_l12/u_rq/k2[34]' (rtl\requant.v:97) (optimized to 0)
'u_core/u_net/u_l12/u_rq/k2[33]' (rtl\requant.v:97) (optimized to 0)
'u_core/u_net/u_l12/u_rq/k2[32]' (rtl\requant.v:97) (optimized to 0)
'u_core/u_net/u_l12/u_rq/k2[31]' (rtl\requant.v:97) (optimized to 0)
'u_core/u_net/u_l12/u_rq/k2[30]' (rtl\requant.v:97) (optimized to 0)
'u_core/u_net/u_l12/u_rq/k2[29]' (rtl\requant.v:97) (optimized to 0)
'u_core/u_net/u_l12/u_rq/k2[28]' (rtl\requant.v:97) (optimized to 0)
'u_core/u_net/u_l12/u_rq/k2[27]' (rtl\requant.v:97) (optimized to 0)
'u_core/u_net/u_l12/u_rq/k2[26]' (rtl\requant.v:97) (optimized to 0)
'u_core/u_net/u_l12/u_rq/k2[25]' (rtl\requant.v:97) (optimized to 0)
'u_core/u_net/u_l12/u_rq/k2[24]' (rtl\requant.v:97) (optimized to 0)
'u_core/u_net/u_l12/u_rq/k2[4]' (rtl\requant.v:97) (optimized to 0)
'u_core/u_net/u_l12/u_rq/k2[23]' (rtl\requant.v:97) (optimized to 0)
'u_core/u_net/u_l12/u_rq/k2[22]' (rtl\requant.v:97) (optimized to 0)
'u_core/u_net/u_l12/u_rq/k2[5]' (rtl\requant.v:97) (optimized to 0)
'u_core/u_net/u_l12/u_rq/k2[21]' (rtl\requant.v:97) (optimized to 0)
'u_core/u_net/u_l12/u_rq/k2[20]' (rtl\requant.v:97) (optimized to 0)
'u_core/u_net/u_l12/u_rq/k2[19]' (rtl\requant.v:97) (optimized to 0)
'u_core/u_net/u_l12/u_rq/k2[18]' (rtl\requant.v:97) (optimized to 0)
'u_core/u_net/u_l12/u_rq/k2[17]' (rtl\requant.v:97) (optimized to 0)
'u_core/u_net/u_l12/u_rq/k2[16]' (rtl\requant.v:97) (optimized to 0)
'u_core/u_net/u_l12/u_rq/k2[15]' (rtl\requant.v:97) (optimized to 0)
'u_core/u_net/u_l12/u_rq/k2[14]' (rtl\requant.v:97) (optimized to 0)
'u_core/u_net/u_l12/u_rq/k2[13]' (rtl\requant.v:97) (optimized to 0)
'u_core/u_net/u_l12/u_rq/k2[12]' (rtl\requant.v:97) (optimized to 0)
'u_core/u_net/u_l12/u_rq/k2[11]' (rtl\requant.v:97) (optimized to 0)
'u_core/u_net/u_l12/u_rq/k2[10]' (rtl\requant.v:97) (optimized to 0)
'u_core/u_net/u_l12/u_rq/k2[9]' (rtl\requant.v:97) (optimized to 0)
'u_core/u_net/u_l12/u_rq/k2[8]' (rtl\requant.v:97) (optimized to 0)
'u_core/u_net/u_l12/u_rq/k2[7]' (rtl\requant.v:97) (optimized to 0)
'u_core/u_net/u_l12/u_rq/k2[6]' (rtl\requant.v:97) (optimized to 0)
'u_core/u_net/u_l1/u_rq/b2[0]' (rtl\requant.v:97) (optimized to 0)
'u_core/u_net/u_l1/u_rq/k2[0]' (rtl\requant.v:97) (optimized to 0)
'u_core/u_net/u_l1/u_rq/k2[1]' (rtl\requant.v:97) (optimized to 0)
'u_core/u_net/u_l1/u_rq/k2[2]' (rtl\requant.v:97) (optimized to 0)
'u_core/u_net/u_l1/u_rq/k2[3]' (rtl\requant.v:97) (optimized to 0)
'u_core/u_net/u_l1/u_rq/k2[4]' (rtl\requant.v:97) (optimized to 0)
'u_core/u_net/u_l1/u_rq/b2[9]' (rtl\requant.v:97) (optimized to 0)
'u_core/u_net/u_l1/u_rq/b2[10]' (rtl\requant.v:97) (optimized to 0)
'u_core/u_net/u_l1/u_rq/b2[11]' (rtl\requant.v:97) (optimized to 0)
'u_core/u_net/u_l1/u_rq/b2[12]' (rtl\requant.v:97) (optimized to 0)
'u_core/u_net/u_l1/u_rq/b2[2]' (rtl\requant.v:97) (optimized to 0)
'u_core/u_net/u_l1/u_rq/b2[3]' (rtl\requant.v:97) (optimized to 0)
'u_core/u_net/u_l1/u_rq/b2[4]' (rtl\requant.v:97) (optimized to 0)
'u_core/u_net/u_l1/u_rq/b2[5]' (rtl\requant.v:97) (optimized to 0)
'u_core/u_net/u_l1/u_rq/b2[6]' (rtl\requant.v:97) (optimized to 0)
'u_core/u_net/u_l1/u_rq/b2[7]' (rtl\requant.v:97) (optimized to 0)
'u_core/u_net/u_l1/u_rq/b2[8]' (rtl\requant.v:97) (optimized to 0)
'u_core/u_net/u_l1/u_rq/b2[1]' (rtl\requant.v:97) (optimized to 0)
'u_core/u_net/u_l1/u_rq/k2[39]' (rtl\requant.v:97) (optimized to 0)
'u_core/u_net/u_l1/u_rq/k2[38]' (rtl\requant.v:97) (optimized to 0)
'u_core/u_net/u_l1/u_rq/k2[37]' (rtl\requant.v:97) (optimized to 0)
'u_core/u_net/u_l1/u_rq/k2[36]' (rtl\requant.v:97) (optimized to 0)
'u_core/u_net/u_l1/u_rq/k2[35]' (rtl\requant.v:97) (optimized to 0)
'u_core/u_net/u_l1/u_rq/k2[34]' (rtl\requant.v:97) (optimized to 0)
'u_core/u_net/u_l1/u_rq/k2[33]' (rtl\requant.v:97) (optimized to 0)
'u_core/u_net/u_l1/u_rq/k2[32]' (rtl\requant.v:97) (optimized to 0)
'u_core/u_net/u_l1/u_rq/k2[31]' (rtl\requant.v:97) (optimized to 0)
'u_core/u_net/u_l1/u_rq/k2[30]' (rtl\requant.v:97) (optimized to 0)
'u_core/u_net/u_l1/u_rq/k2[29]' (rtl\requant.v:97) (optimized to 0)
'u_core/u_net/u_l1/u_rq/k2[28]' (rtl\requant.v:97) (optimized to 0)
'u_core/u_net/u_l1/u_rq/k2[27]' (rtl\requant.v:97) (optimized to 0)
'u_core/u_net/u_l1/u_rq/k2[26]' (rtl\requant.v:97) (optimized to 0)
'u_core/u_net/u_l1/u_rq/k2[25]' (rtl\requant.v:97) (optimized to 0)
'u_core/u_net/u_l1/u_rq/k2[24]' (rtl\requant.v:97) (optimized to 0)
'u_core/u_net/u_l1/u_rq/k2[5]' (rtl\requant.v:97) (optimized to 0)
'u_core/u_net/u_l1/u_rq/k2[23]' (rtl\requant.v:97) (optimized to 0)
'u_core/u_net/u_l1/u_rq/k2[22]' (rtl\requant.v:97) (optimized to 0)
'u_core/u_net/u_l1/u_rq/k2[6]' (rtl\requant.v:97) (optimized to 0)
'u_core/u_net/u_l1/u_rq/k2[21]' (rtl\requant.v:97) (optimized to 0)
'u_core/u_net/u_l1/u_rq/k2[20]' (rtl\requant.v:97) (optimized to 0)
'u_core/u_net/u_l1/u_rq/k2[19]' (rtl\requant.v:97) (optimized to 0)
'u_core/u_net/u_l1/u_rq/k2[18]' (rtl\requant.v:97) (optimized to 0)
'u_core/u_net/u_l1/u_rq/k2[17]' (rtl\requant.v:97) (optimized to 0)
'u_core/u_net/u_l1/u_rq/k2[16]' (rtl\requant.v:97) (optimized to 0)
'u_core/u_net/u_l1/u_rq/k2[15]' (rtl\requant.v:97) (optimized to 0)
'u_core/u_net/u_l1/u_rq/k2[14]' (rtl\requant.v:97) (optimized to 0)
'u_core/u_net/u_l1/u_rq/k2[13]' (rtl\requant.v:97) (optimized to 0)
'u_core/u_net/u_l1/u_rq/k2[12]' (rtl\requant.v:97) (optimized to 0)
'u_core/u_net/u_l1/u_rq/k2[11]' (rtl\requant.v:97) (optimized to 0)
'u_core/u_net/u_l1/u_rq/k2[10]' (rtl\requant.v:97) (optimized to 0)
'u_core/u_net/u_l1/u_rq/k2[9]' (rtl\requant.v:97) (optimized to 0)
'u_core/u_net/u_l1/u_rq/k2[8]' (rtl\requant.v:97) (optimized to 0)
'u_core/u_net/u_l1/u_rq/k2[7]' (rtl\requant.v:97) (optimized to 0)
'u_core/u_net/u_l2/u_rq/b2[0]' (rtl\requant.v:97) (optimized to 0)
'u_core/u_net/u_l2/u_rq/k2[0]' (rtl\requant.v:97) (optimized to 0)
'u_core/u_net/u_l2/u_rq/k2[1]' (rtl\requant.v:97) (optimized to 0)
'u_core/u_net/u_l2/u_rq/k2[2]' (rtl\requant.v:97) (optimized to 0)
'u_core/u_net/u_l2/u_rq/k2[3]' (rtl\requant.v:97) (optimized to 0)
'u_core/u_net/u_l2/u_rq/k2[4]' (rtl\requant.v:97) (optimized to 0)
'u_core/u_net/u_l2/u_rq/b2[2]' (rtl\requant.v:97) (optimized to 0)
'u_core/u_net/u_l2/u_rq/b2[3]' (rtl\requant.v:97) (optimized to 0)
'u_core/u_net/u_l2/u_rq/b2[4]' (rtl\requant.v:97) (optimized to 0)
'u_core/u_net/u_l2/u_rq/b2[5]' (rtl\requant.v:97) (optimized to 0)
'u_core/u_net/u_l2/u_rq/b2[6]' (rtl\requant.v:97) (optimized to 0)
'u_core/u_net/u_l2/u_rq/b2[7]' (rtl\requant.v:97) (optimized to 0)
'u_core/u_net/u_l2/u_rq/b2[8]' (rtl\requant.v:97) (optimized to 0)
'u_core/u_net/u_l2/u_rq/b2[1]' (rtl\requant.v:97) (optimized to 0)
'u_core/u_net/u_l2/u_rq/k2[39]' (rtl\requant.v:97) (optimized to 0)
'u_core/u_net/u_l2/u_rq/k2[38]' (rtl\requant.v:97) (optimized to 0)
'u_core/u_net/u_l2/u_rq/k2[37]' (rtl\requant.v:97) (optimized to 0)
'u_core/u_net/u_l2/u_rq/k2[36]' (rtl\requant.v:97) (optimized to 0)
'u_core/u_net/u_l2/u_rq/k2[35]' (rtl\requant.v:97) (optimized to 0)
'u_core/u_net/u_l2/u_rq/k2[34]' (rtl\requant.v:97) (optimized to 0)
'u_core/u_net/u_l2/u_rq/k2[33]' (rtl\requant.v:97) (optimized to 0)
'u_core/u_net/u_l2/u_rq/k2[32]' (rtl\requant.v:97) (optimized to 0)
'u_core/u_net/u_l2/u_rq/k2[31]' (rtl\requant.v:97) (optimized to 0)
'u_core/u_net/u_l2/u_rq/k2[30]' (rtl\requant.v:97) (optimized to 0)
'u_core/u_net/u_l2/u_rq/k2[29]' (rtl\requant.v:97) (optimized to 0)
'u_core/u_net/u_l2/u_rq/k2[28]' (rtl\requant.v:97) (optimized to 0)
'u_core/u_net/u_l2/u_rq/k2[27]' (rtl\requant.v:97) (optimized to 0)
'u_core/u_net/u_l2/u_rq/k2[26]' (rtl\requant.v:97) (optimized to 0)
'u_core/u_net/u_l2/u_rq/k2[25]' (rtl\requant.v:97) (optimized to 0)
'u_core/u_net/u_l2/u_rq/k2[24]' (rtl\requant.v:97) (optimized to 0)
'u_core/u_net/u_l2/u_rq/k2[5]' (rtl\requant.v:97) (optimized to 0)
'u_core/u_net/u_l2/u_rq/k2[23]' (rtl\requant.v:97) (optimized to 0)
'u_core/u_net/u_l2/u_rq/k2[22]' (rtl\requant.v:97) (optimized to 0)
'u_core/u_net/u_l2/u_rq/k2[6]' (rtl\requant.v:97) (optimized to 0)
'u_core/u_net/u_l2/u_rq/k2[21]' (rtl\requant.v:97) (optimized to 0)
'u_core/u_net/u_l2/u_rq/k2[20]' (rtl\requant.v:97) (optimized to 0)
'u_core/u_net/u_l2/u_rq/k2[19]' (rtl\requant.v:97) (optimized to 0)
'u_core/u_net/u_l2/u_rq/k2[18]' (rtl\requant.v:97) (optimized to 0)
'u_core/u_net/u_l2/u_rq/k2[17]' (rtl\requant.v:97) (optimized to 0)
'u_core/u_net/u_l2/u_rq/k2[16]' (rtl\requant.v:97) (optimized to 0)
'u_core/u_net/u_l2/u_rq/k2[15]' (rtl\requant.v:97) (optimized to 0)
'u_core/u_net/u_l2/u_rq/k2[14]' (rtl\requant.v:97) (optimized to 0)
'u_core/u_net/u_l2/u_rq/k2[13]' (rtl\requant.v:97) (optimized to 0)
'u_core/u_net/u_l2/u_rq/k2[12]' (rtl\requant.v:97) (optimized to 0)
'u_core/u_net/u_l2/u_rq/k2[11]' (rtl\requant.v:97) (optimized to 0)
'u_core/u_net/u_l2/u_rq/k2[10]' (rtl\requant.v:97) (optimized to 0)
'u_core/u_net/u_l2/u_rq/k2[9]' (rtl\requant.v:97) (optimized to 0)
'u_core/u_net/u_l2/u_rq/k2[8]' (rtl\requant.v:97) (optimized to 0)
'u_core/u_net/u_l2/u_rq/k2[7]' (rtl\requant.v:97) (optimized to 0)
'u_core/u_net/u_l6/u_rq/b2[0]' (rtl\requant.v:97) (optimized to 0)
'u_core/u_net/u_l6/u_rq/k2[0]' (rtl\requant.v:97) (optimized to 0)
'u_core/u_net/u_l6/u_rq/k2[1]' (rtl\requant.v:97) (optimized to 0)
'u_core/u_net/u_l6/u_rq/k2[2]' (rtl\requant.v:97) (optimized to 0)
'u_core/u_net/u_l6/u_rq/k2[3]' (rtl\requant.v:97) (optimized to 0)
'u_core/u_net/u_l6/u_rq/k2[4]' (rtl\requant.v:97) (optimized to 0)
'u_core/u_net/u_l6/u_rq/b2[9]' (rtl\requant.v:97) (optimized to 0)
'u_core/u_net/u_l6/u_rq/b2[2]' (rtl\requant.v:97) (optimized to 0)
'u_core/u_net/u_l6/u_rq/b2[3]' (rtl\requant.v:97) (optimized to 0)
'u_core/u_net/u_l6/u_rq/b2[4]' (rtl\requant.v:97) (optimized to 0)
'u_core/u_net/u_l6/u_rq/b2[5]' (rtl\requant.v:97) (optimized to 0)
'u_core/u_net/u_l6/u_rq/b2[6]' (rtl\requant.v:97) (optimized to 0)
'u_core/u_net/u_l6/u_rq/b2[7]' (rtl\requant.v:97) (optimized to 0)
'u_core/u_net/u_l6/u_rq/b2[8]' (rtl\requant.v:97) (optimized to 0)
'u_core/u_net/u_l6/u_rq/b2[1]' (rtl\requant.v:97) (optimized to 0)
'u_core/u_net/u_l6/u_rq/k2[39]' (rtl\requant.v:97) (optimized to 0)
'u_core/u_net/u_l6/u_rq/k2[38]' (rtl\requant.v:97) (optimized to 0)
'u_core/u_net/u_l6/u_rq/k2[37]' (rtl\requant.v:97) (optimized to 0)
'u_core/u_net/u_l6/u_rq/k2[36]' (rtl\requant.v:97) (optimized to 0)
'u_core/u_net/u_l6/u_rq/k2[35]' (rtl\requant.v:97) (optimized to 0)
'u_core/u_net/u_l6/u_rq/k2[34]' (rtl\requant.v:97) (optimized to 0)
'u_core/u_net/u_l6/u_rq/k2[33]' (rtl\requant.v:97) (optimized to 0)
'u_core/u_net/u_l6/u_rq/k2[32]' (rtl\requant.v:97) (optimized to 0)
'u_core/u_net/u_l6/u_rq/k2[31]' (rtl\requant.v:97) (optimized to 0)
'u_core/u_net/u_l6/u_rq/k2[30]' (rtl\requant.v:97) (optimized to 0)
'u_core/u_net/u_l6/u_rq/k2[29]' (rtl\requant.v:97) (optimized to 0)
'u_core/u_net/u_l6/u_rq/k2[28]' (rtl\requant.v:97) (optimized to 0)
'u_core/u_net/u_l6/u_rq/k2[27]' (rtl\requant.v:97) (optimized to 0)
'u_core/u_net/u_l6/u_rq/k2[26]' (rtl\requant.v:97) (optimized to 0)
'u_core/u_net/u_l6/u_rq/k2[25]' (rtl\requant.v:97) (optimized to 0)
'u_core/u_net/u_l6/u_rq/k2[24]' (rtl\requant.v:97) (optimized to 0)
'u_core/u_net/u_l6/u_rq/k2[5]' (rtl\requant.v:97) (optimized to 0)
'u_core/u_net/u_l6/u_rq/k2[23]' (rtl\requant.v:97) (optimized to 0)
'u_core/u_net/u_l6/u_rq/k2[22]' (rtl\requant.v:97) (optimized to 0)
'u_core/u_net/u_l6/u_rq/k2[6]' (rtl\requant.v:97) (optimized to 0)
'u_core/u_net/u_l6/u_rq/k2[21]' (rtl\requant.v:97) (optimized to 0)
'u_core/u_net/u_l6/u_rq/k2[20]' (rtl\requant.v:97) (optimized to 0)
'u_core/u_net/u_l6/u_rq/k2[19]' (rtl\requant.v:97) (optimized to 0)
'u_core/u_net/u_l6/u_rq/k2[18]' (rtl\requant.v:97) (optimized to 0)
'u_core/u_net/u_l6/u_rq/k2[17]' (rtl\requant.v:97) (optimized to 0)
'u_core/u_net/u_l6/u_rq/k2[16]' (rtl\requant.v:97) (optimized to 0)
'u_core/u_net/u_l6/u_rq/k2[15]' (rtl\requant.v:97) (optimized to 0)
'u_core/u_net/u_l6/u_rq/k2[14]' (rtl\requant.v:97) (optimized to 0)
'u_core/u_net/u_l6/u_rq/k2[13]' (rtl\requant.v:97) (optimized to 0)
'u_core/u_net/u_l6/u_rq/k2[12]' (rtl\requant.v:97) (optimized to 0)
'u_core/u_net/u_l6/u_rq/k2[11]' (rtl\requant.v:97) (optimized to 0)
'u_core/u_net/u_l6/u_rq/k2[10]' (rtl\requant.v:97) (optimized to 0)
'u_core/u_net/u_l6/u_rq/k2[9]' (rtl\requant.v:97) (optimized to 0)
'u_core/u_net/u_l6/u_rq/k2[8]' (rtl\requant.v:97) (optimized to 0)
'u_core/u_net/u_l6/u_rq/k2[7]' (rtl\requant.v:97) (optimized to 0)
'u_core/u_net/u_l4/u_rq/b2[0]' (rtl\requant.v:97) (optimized to 0)
'u_core/u_net/u_l4/u_rq/k2[0]' (rtl\requant.v:97) (optimized to 0)
'u_core/u_net/u_l4/u_rq/k2[1]' (rtl\requant.v:97) (optimized to 0)
'u_core/u_net/u_l4/u_rq/k2[2]' (rtl\requant.v:97) (optimized to 0)
'u_core/u_net/u_l4/u_rq/k2[3]' (rtl\requant.v:97) (optimized to 0)
'u_core/u_net/u_l4/u_rq/k2[4]' (rtl\requant.v:97) (optimized to 0)
'u_core/u_net/u_l4/u_rq/b2[9]' (rtl\requant.v:97) (optimized to 0)
'u_core/u_net/u_l4/u_rq/b2[10]' (rtl\requant.v:97) (optimized to 0)
'u_core/u_net/u_l4/u_rq/b2[2]' (rtl\requant.v:97) (optimized to 0)
'u_core/u_net/u_l4/u_rq/b2[3]' (rtl\requant.v:97) (optimized to 0)
'u_core/u_net/u_l4/u_rq/b2[4]' (rtl\requant.v:97) (optimized to 0)
'u_core/u_net/u_l4/u_rq/b2[5]' (rtl\requant.v:97) (optimized to 0)
'u_core/u_net/u_l4/u_rq/b2[6]' (rtl\requant.v:97) (optimized to 0)
'u_core/u_net/u_l4/u_rq/b2[7]' (rtl\requant.v:97) (optimized to 0)
'u_core/u_net/u_l4/u_rq/b2[8]' (rtl\requant.v:97) (optimized to 0)
'u_core/u_net/u_l4/u_rq/b2[1]' (rtl\requant.v:97) (optimized to 0)
'u_core/u_net/u_l4/u_rq/k2[39]' (rtl\requant.v:97) (optimized to 0)
'u_core/u_net/u_l4/u_rq/k2[38]' (rtl\requant.v:97) (optimized to 0)
'u_core/u_net/u_l4/u_rq/k2[37]' (rtl\requant.v:97) (optimized to 0)
'u_core/u_net/u_l4/u_rq/k2[36]' (rtl\requant.v:97) (optimized to 0)
'u_core/u_net/u_l4/u_rq/k2[35]' (rtl\requant.v:97) (optimized to 0)
'u_core/u_net/u_l4/u_rq/k2[34]' (rtl\requant.v:97) (optimized to 0)
'u_core/u_net/u_l4/u_rq/k2[33]' (rtl\requant.v:97) (optimized to 0)
'u_core/u_net/u_l4/u_rq/k2[32]' (rtl\requant.v:97) (optimized to 0)
'u_core/u_net/u_l4/u_rq/k2[31]' (rtl\requant.v:97) (optimized to 0)
'u_core/u_net/u_l4/u_rq/k2[30]' (rtl\requant.v:97) (optimized to 0)
'u_core/u_net/u_l4/u_rq/k2[29]' (rtl\requant.v:97) (optimized to 0)
'u_core/u_net/u_l4/u_rq/k2[28]' (rtl\requant.v:97) (optimized to 0)
'u_core/u_net/u_l4/u_rq/k2[27]' (rtl\requant.v:97) (optimized to 0)
'u_core/u_net/u_l4/u_rq/k2[26]' (rtl\requant.v:97) (optimized to 0)
'u_core/u_net/u_l4/u_rq/k2[25]' (rtl\requant.v:97) (optimized to 0)
'u_core/u_net/u_l4/u_rq/k2[24]' (rtl\requant.v:97) (optimized to 0)
'u_core/u_net/u_l4/u_rq/k2[5]' (rtl\requant.v:97) (optimized to 0)
'u_core/u_net/u_l4/u_rq/k2[23]' (rtl\requant.v:97) (optimized to 0)
'u_core/u_net/u_l4/u_rq/k2[22]' (rtl\requant.v:97) (optimized to 0)
'u_core/u_net/u_l4/u_rq/k2[6]' (rtl\requant.v:97) (optimized to 0)
'u_core/u_net/u_l4/u_rq/k2[21]' (rtl\requant.v:97) (optimized to 0)
'u_core/u_net/u_l4/u_rq/k2[20]' (rtl\requant.v:97) (optimized to 0)
'u_core/u_net/u_l4/u_rq/k2[19]' (rtl\requant.v:97) (optimized to 0)
'u_core/u_net/u_l4/u_rq/k2[18]' (rtl\requant.v:97) (optimized to 0)
'u_core/u_net/u_l4/u_rq/k2[17]' (rtl\requant.v:97) (optimized to 0)
'u_core/u_net/u_l4/u_rq/k2[16]' (rtl\requant.v:97) (optimized to 0)
'u_core/u_net/u_l4/u_rq/k2[15]' (rtl\requant.v:97) (optimized to 0)
'u_core/u_net/u_l4/u_rq/k2[14]' (rtl\requant.v:97) (optimized to 0)
'u_core/u_net/u_l4/u_rq/k2[13]' (rtl\requant.v:97) (optimized to 0)
'u_core/u_net/u_l4/u_rq/k2[12]' (rtl\requant.v:97) (optimized to 0)
'u_core/u_net/u_l4/u_rq/k2[11]' (rtl\requant.v:97) (optimized to 0)
'u_core/u_net/u_l4/u_rq/k2[10]' (rtl\requant.v:97) (optimized to 0)
'u_core/u_net/u_l4/u_rq/k2[9]' (rtl\requant.v:97) (optimized to 0)
'u_core/u_net/u_l4/u_rq/k2[8]' (rtl\requant.v:97) (optimized to 0)
'u_core/u_net/u_l4/u_rq/k2[7]' (rtl\requant.v:97) (optimized to 0)
'u_core/u_net/u_l8/u_rq/b2[0]' (rtl\requant.v:97) (optimized to 0)
'u_core/u_net/u_l8/u_rq/k2[0]' (rtl\requant.v:97) (optimized to 0)
'u_core/u_net/u_l8/u_rq/k2[1]' (rtl\requant.v:97) (optimized to 0)
'u_core/u_net/u_l8/u_rq/k2[2]' (rtl\requant.v:97) (optimized to 0)
'u_core/u_net/u_l8/u_rq/k2[3]' (rtl\requant.v:97) (optimized to 0)
'u_core/u_net/u_l8/u_rq/k2[4]' (rtl\requant.v:97) (optimized to 0)
'u_core/u_net/u_l8/u_rq/b2[9]' (rtl\requant.v:97) (optimized to 0)
'u_core/u_net/u_l8/u_rq/b2[10]' (rtl\requant.v:97) (optimized to 0)
'u_core/u_net/u_l8/u_rq/b2[2]' (rtl\requant.v:97) (optimized to 0)
'u_core/u_net/u_l8/u_rq/b2[3]' (rtl\requant.v:97) (optimized to 0)
'u_core/u_net/u_l8/u_rq/b2[4]' (rtl\requant.v:97) (optimized to 0)
'u_core/u_net/u_l8/u_rq/b2[5]' (rtl\requant.v:97) (optimized to 0)
'u_core/u_net/u_l8/u_rq/b2[6]' (rtl\requant.v:97) (optimized to 0)
'u_core/u_net/u_l8/u_rq/b2[7]' (rtl\requant.v:97) (optimized to 0)
'u_core/u_net/u_l8/u_rq/b2[8]' (rtl\requant.v:97) (optimized to 0)
'u_core/u_net/u_l8/u_rq/b2[1]' (rtl\requant.v:97) (optimized to 0)
'u_core/u_net/u_l8/u_rq/k2[39]' (rtl\requant.v:97) (optimized to 0)
'u_core/u_net/u_l8/u_rq/k2[38]' (rtl\requant.v:97) (optimized to 0)
'u_core/u_net/u_l8/u_rq/k2[37]' (rtl\requant.v:97) (optimized to 0)
'u_core/u_net/u_l8/u_rq/k2[36]' (rtl\requant.v:97) (optimized to 0)
'u_core/u_net/u_l8/u_rq/k2[35]' (rtl\requant.v:97) (optimized to 0)
'u_core/u_net/u_l8/u_rq/k2[34]' (rtl\requant.v:97) (optimized to 0)
'u_core/u_net/u_l8/u_rq/k2[33]' (rtl\requant.v:97) (optimized to 0)
'u_core/u_net/u_l8/u_rq/k2[32]' (rtl\requant.v:97) (optimized to 0)
'u_core/u_net/u_l8/u_rq/k2[31]' (rtl\requant.v:97) (optimized to 0)
'u_core/u_net/u_l8/u_rq/k2[30]' (rtl\requant.v:97) (optimized to 0)
'u_core/u_net/u_l8/u_rq/k2[29]' (rtl\requant.v:97) (optimized to 0)
'u_core/u_net/u_l8/u_rq/k2[28]' (rtl\requant.v:97) (optimized to 0)
'u_core/u_net/u_l8/u_rq/k2[27]' (rtl\requant.v:97) (optimized to 0)
'u_core/u_net/u_l8/u_rq/k2[26]' (rtl\requant.v:97) (optimized to 0)
'u_core/u_net/u_l8/u_rq/k2[25]' (rtl\requant.v:97) (optimized to 0)
'u_core/u_net/u_l8/u_rq/k2[24]' (rtl\requant.v:97) (optimized to 0)
'u_core/u_net/u_l8/u_rq/k2[5]' (rtl\requant.v:97) (optimized to 0)
'u_core/u_net/u_l8/u_rq/k2[23]' (rtl\requant.v:97) (optimized to 0)
'u_core/u_net/u_l8/u_rq/k2[22]' (rtl\requant.v:97) (optimized to 0)
'u_core/u_net/u_l8/u_rq/k2[6]' (rtl\requant.v:97) (optimized to 0)
'u_core/u_net/u_l8/u_rq/k2[21]' (rtl\requant.v:97) (optimized to 0)
'u_core/u_net/u_l8/u_rq/k2[20]' (rtl\requant.v:97) (optimized to 0)
'u_core/u_net/u_l8/u_rq/k2[19]' (rtl\requant.v:97) (optimized to 0)
'u_core/u_net/u_l8/u_rq/k2[18]' (rtl\requant.v:97) (optimized to 0)
'u_core/u_net/u_l8/u_rq/k2[17]' (rtl\requant.v:97) (optimized to 0)
'u_core/u_net/u_l8/u_rq/k2[16]' (rtl\requant.v:97) (optimized to 0)
'u_core/u_net/u_l8/u_rq/k2[15]' (rtl\requant.v:97) (optimized to 0)
'u_core/u_net/u_l8/u_rq/k2[14]' (rtl\requant.v:97) (optimized to 0)
'u_core/u_net/u_l8/u_rq/k2[13]' (rtl\requant.v:97) (optimized to 0)
'u_core/u_net/u_l8/u_rq/k2[12]' (rtl\requant.v:97) (optimized to 0)
'u_core/u_net/u_l8/u_rq/k2[11]' (rtl\requant.v:97) (optimized to 0)
'u_core/u_net/u_l8/u_rq/k2[10]' (rtl\requant.v:97) (optimized to 0)
'u_core/u_net/u_l8/u_rq/k2[9]' (rtl\requant.v:97) (optimized to 0)
'u_core/u_net/u_l8/u_rq/k2[8]' (rtl\requant.v:97) (optimized to 0)
'u_core/u_net/u_l8/u_rq/k2[7]' (rtl\requant.v:97) (optimized to 0)
'u_core/u_net/u_l0/u_rq/k2[1]' (rtl\requant.v:97) (optimized to 0)
'u_core/u_net/u_l0/u_rq/b2[0]' (rtl\requant.v:97) (optimized to 0)
'u_core/u_net/u_l0/u_rq/k2[0]' (rtl\requant.v:97) (optimized to 0)
'u_core/u_net/u_l0/u_rq/k2[2]' (rtl\requant.v:97) (optimized to 0)
'u_core/u_net/u_l0/u_rq/k2[3]' (rtl\requant.v:97) (optimized to 0)
'u_core/u_net/u_l0/u_rq/k2[4]' (rtl\requant.v:97) (optimized to 0)
'u_core/u_net/u_l0/u_rq/k2[5]' (rtl\requant.v:97) (optimized to 0)
'u_core/u_net/u_l0/u_rq/b2[9]' (rtl\requant.v:97) (optimized to 0)
'u_core/u_net/u_l0/u_rq/b2[10]' (rtl\requant.v:97) (optimized to 0)
'u_core/u_net/u_l0/u_rq/b2[11]' (rtl\requant.v:97) (optimized to 0)
'u_core/u_net/u_l0/u_rq/b2[2]' (rtl\requant.v:97) (optimized to 0)
'u_core/u_net/u_l0/u_rq/b2[3]' (rtl\requant.v:97) (optimized to 0)
'u_core/u_net/u_l0/u_rq/b2[4]' (rtl\requant.v:97) (optimized to 0)
'u_core/u_net/u_l0/u_rq/b2[5]' (rtl\requant.v:97) (optimized to 0)
'u_core/u_net/u_l0/u_rq/b2[6]' (rtl\requant.v:97) (optimized to 0)
'u_core/u_net/u_l0/u_rq/b2[7]' (rtl\requant.v:97) (optimized to 0)
'u_core/u_net/u_l0/u_rq/b2[8]' (rtl\requant.v:97) (optimized to 0)
'u_core/u_net/u_l0/u_rq/b2[1]' (rtl\requant.v:97) (optimized to 0)
'u_core/u_net/u_l0/u_rq/k2[39]' (rtl\requant.v:97) (optimized to 0)
'u_core/u_net/u_l0/u_rq/k2[38]' (rtl\requant.v:97) (optimized to 0)
'u_core/u_net/u_l0/u_rq/k2[37]' (rtl\requant.v:97) (optimized to 0)
'u_core/u_net/u_l0/u_rq/k2[36]' (rtl\requant.v:97) (optimized to 0)
'u_core/u_net/u_l0/u_rq/k2[35]' (rtl\requant.v:97) (optimized to 0)
'u_core/u_net/u_l0/u_rq/k2[34]' (rtl\requant.v:97) (optimized to 0)
'u_core/u_net/u_l0/u_rq/k2[33]' (rtl\requant.v:97) (optimized to 0)
'u_core/u_net/u_l0/u_rq/k2[32]' (rtl\requant.v:97) (optimized to 0)
'u_core/u_net/u_l0/u_rq/k2[31]' (rtl\requant.v:97) (optimized to 0)
'u_core/u_net/u_l0/u_rq/k2[30]' (rtl\requant.v:97) (optimized to 0)
'u_core/u_net/u_l0/u_rq/k2[29]' (rtl\requant.v:97) (optimized to 0)
'u_core/u_net/u_l0/u_rq/k2[28]' (rtl\requant.v:97) (optimized to 0)
'u_core/u_net/u_l0/u_rq/k2[27]' (rtl\requant.v:97) (optimized to 0)
'u_core/u_net/u_l0/u_rq/k2[26]' (rtl\requant.v:97) (optimized to 0)
'u_core/u_net/u_l0/u_rq/k2[25]' (rtl\requant.v:97) (optimized to 0)
'u_core/u_net/u_l0/u_rq/k2[24]' (rtl\requant.v:97) (optimized to 0)
'u_core/u_net/u_l0/u_rq/k2[6]' (rtl\requant.v:97) (optimized to 0)
'u_core/u_net/u_l0/u_rq/k2[23]' (rtl\requant.v:97) (optimized to 0)
'u_core/u_net/u_l0/u_rq/k2[22]' (rtl\requant.v:97) (optimized to 0)
'u_core/u_net/u_l0/u_rq/k2[7]' (rtl\requant.v:97) (optimized to 0)
'u_core/u_net/u_l0/u_rq/k2[21]' (rtl\requant.v:97) (optimized to 0)
'u_core/u_net/u_l0/u_rq/k2[20]' (rtl\requant.v:97) (optimized to 0)
'u_core/u_net/u_l0/u_rq/k2[19]' (rtl\requant.v:97) (optimized to 0)
'u_core/u_net/u_l0/u_rq/k2[18]' (rtl\requant.v:97) (optimized to 0)
'u_core/u_net/u_l0/u_rq/k2[17]' (rtl\requant.v:97) (optimized to 0)
'u_core/u_net/u_l0/u_rq/k2[16]' (rtl\requant.v:97) (optimized to 0)
'u_core/u_net/u_l0/u_rq/k2[15]' (rtl\requant.v:97) (optimized to 0)
'u_core/u_net/u_l0/u_rq/k2[14]' (rtl\requant.v:97) (optimized to 0)
'u_core/u_net/u_l0/u_rq/k2[13]' (rtl\requant.v:97) (optimized to 0)
'u_core/u_net/u_l0/u_rq/k2[12]' (rtl\requant.v:97) (optimized to 0)
'u_core/u_net/u_l0/u_rq/k2[11]' (rtl\requant.v:97) (optimized to 0)
'u_core/u_net/u_l0/u_rq/k2[10]' (rtl\requant.v:97) (optimized to 0)
'u_core/u_net/u_l0/u_rq/k2[9]' (rtl\requant.v:97) (optimized to 0)
'u_core/u_net/u_l0/u_rq/k2[8]' (rtl\requant.v:97) (optimized to 0)
'u_core/u_net/u_l7/u_rq/b2[0]' (rtl\requant.v:97) (optimized to 0)
'u_core/u_net/u_l7/u_rq/k2[0]' (rtl\requant.v:97) (optimized to 0)
'u_core/u_net/u_l7/u_rq/k2[1]' (rtl\requant.v:97) (optimized to 0)
'u_core/u_net/u_l7/u_rq/k2[2]' (rtl\requant.v:97) (optimized to 0)
'u_core/u_net/u_l7/u_rq/b2[2]' (rtl\requant.v:97) (optimized to 0)
'u_core/u_net/u_l7/u_rq/b2[3]' (rtl\requant.v:97) (optimized to 0)
'u_core/u_net/u_l7/u_rq/b2[4]' (rtl\requant.v:97) (optimized to 0)
'u_core/u_net/u_l7/u_rq/b2[5]' (rtl\requant.v:97) (optimized to 0)
'u_core/u_net/u_l7/u_rq/b2[6]' (rtl\requant.v:97) (optimized to 0)
'u_core/u_net/u_l7/u_rq/b2[7]' (rtl\requant.v:97) (optimized to 0)
'u_core/u_net/u_l7/u_rq/b2[8]' (rtl\requant.v:97) (optimized to 0)
'u_core/u_net/u_l7/u_rq/b2[1]' (rtl\requant.v:97) (optimized to 0)
'u_core/u_net/u_l9/u_rq/b2[0]' (rtl\requant.v:97) (optimized to 0)
'u_core/u_net/u_l9/u_rq/b2[9]' (rtl\requant.v:97) (optimized to 0)
'u_core/u_net/u_l9/u_rq/b2[2]' (rtl\requant.v:97) (optimized to 0)
'u_core/u_net/u_l9/u_rq/b2[3]' (rtl\requant.v:97) (optimized to 0)
'u_core/u_net/u_l9/u_rq/b2[4]' (rtl\requant.v:97) (optimized to 0)
'u_core/u_net/u_l9/u_rq/b2[5]' (rtl\requant.v:97) (optimized to 0)
'u_core/u_net/u_l9/u_rq/b2[6]' (rtl\requant.v:97) (optimized to 0)
'u_core/u_net/u_l9/u_rq/b2[7]' (rtl\requant.v:97) (optimized to 0)
'u_core/u_net/u_l9/u_rq/b2[8]' (rtl\requant.v:97) (optimized to 0)
'u_core/u_net/u_l9/u_rq/b2[1]' (rtl\requant.v:97) (optimized to 0)
'u_core/u_net/u_l3/u_rq/b2[0]' (rtl\requant.v:97) (optimized to 0)
'u_core/u_net/u_l3/u_rq/k2[0]' (rtl\requant.v:97) (optimized to 0)
'u_core/u_net/u_l3/u_rq/b2[2]' (rtl\requant.v:97) (optimized to 0)
'u_core/u_net/u_l3/u_rq/b2[3]' (rtl\requant.v:97) (optimized to 0)
'u_core/u_net/u_l3/u_rq/b2[4]' (rtl\requant.v:97) (optimized to 0)
'u_core/u_net/u_l3/u_rq/b2[5]' (rtl\requant.v:97) (optimized to 0)
'u_core/u_net/u_l3/u_rq/b2[6]' (rtl\requant.v:97) (optimized to 0)
'u_core/u_net/u_l3/u_rq/b2[7]' (rtl\requant.v:97) (optimized to 0)
'u_core/u_net/u_l3/u_rq/b2[8]' (rtl\requant.v:97) (optimized to 0)
'u_core/u_net/u_l3/u_rq/b2[1]' (rtl\requant.v:97) (optimized to 0)
'u_core/u_net/u_l5/u_rq/b2[0]' (rtl\requant.v:97) (optimized to 0)
'u_core/u_net/u_l5/u_rq/k2[0]' (rtl\requant.v:97) (optimized to 0)
'u_core/u_net/u_l5/u_rq/b2[2]' (rtl\requant.v:97) (optimized to 0)
'u_core/u_net/u_l5/u_rq/b2[3]' (rtl\requant.v:97) (optimized to 0)
'u_core/u_net/u_l5/u_rq/b2[4]' (rtl\requant.v:97) (optimized to 0)
'u_core/u_net/u_l5/u_rq/b2[5]' (rtl\requant.v:97) (optimized to 0)
'u_core/u_net/u_l5/u_rq/b2[6]' (rtl\requant.v:97) (optimized to 0)
'u_core/u_net/u_l5/u_rq/b2[7]' (rtl\requant.v:97) (optimized to 0)
'u_core/u_net/u_l5/u_rq/b2[8]' (rtl\requant.v:97) (optimized to 0)
'u_core/u_net/u_l5/u_rq/b2[1]' (rtl\requant.v:97) (optimized to 0)
'u_core/u_net/u_l11/u_rq/k2[1]' (rtl\requant.v:97) (optimized to 0)
'u_core/u_net/u_l11/u_rq/b2[0]' (rtl\requant.v:97) (optimized to 0)
'u_core/u_net/u_l11/u_rq/k2[0]' (rtl\requant.v:97) (optimized to 0)
'u_core/u_net/u_l11/u_rq/k2[2]' (rtl\requant.v:97) (optimized to 0)
'u_core/u_net/u_l11/u_rq/k2[3]' (rtl\requant.v:97) (optimized to 0)
'u_core/u_net/u_l11/u_rq/k2[4]' (rtl\requant.v:97) (optimized to 0)
'u_core/u_net/u_l11/u_rq/k2[5]' (rtl\requant.v:97) (optimized to 0)
'u_core/u_net/u_l11/u_rq/b2[9]' (rtl\requant.v:97) (optimized to 0)
'u_core/u_net/u_l11/u_rq/b2[10]' (rtl\requant.v:97) (optimized to 0)
'u_core/u_net/u_l11/u_rq/b2[2]' (rtl\requant.v:97) (optimized to 0)
'u_core/u_net/u_l11/u_rq/b2[3]' (rtl\requant.v:97) (optimized to 0)
'u_core/u_net/u_l11/u_rq/b2[4]' (rtl\requant.v:97) (optimized to 0)
'u_core/u_net/u_l11/u_rq/b2[5]' (rtl\requant.v:97) (optimized to 0)
'u_core/u_net/u_l11/u_rq/b2[6]' (rtl\requant.v:97) (optimized to 0)
'u_core/u_net/u_l11/u_rq/b2[7]' (rtl\requant.v:97) (optimized to 0)
'u_core/u_net/u_l11/u_rq/b2[8]' (rtl\requant.v:97) (optimized to 0)
'u_core/u_net/u_l11/u_rq/b2[1]' (rtl\requant.v:97) (optimized to 0)
'u_core/u_net/u_l11/u_rq/k2[39]' (rtl\requant.v:97) (optimized to 0)
'u_core/u_net/u_l11/u_rq/k2[38]' (rtl\requant.v:97) (optimized to 0)
'u_core/u_net/u_l11/u_rq/k2[37]' (rtl\requant.v:97) (optimized to 0)
'u_core/u_net/u_l11/u_rq/k2[36]' (rtl\requant.v:97) (optimized to 0)
'u_core/u_net/u_l11/u_rq/k2[35]' (rtl\requant.v:97) (optimized to 0)
'u_core/u_net/u_l11/u_rq/k2[34]' (rtl\requant.v:97) (optimized to 0)
'u_core/u_net/u_l11/u_rq/k2[33]' (rtl\requant.v:97) (optimized to 0)
'u_core/u_net/u_l11/u_rq/k2[32]' (rtl\requant.v:97) (optimized to 0)
'u_core/u_net/u_l11/u_rq/k2[31]' (rtl\requant.v:97) (optimized to 0)
'u_core/u_net/u_l11/u_rq/k2[30]' (rtl\requant.v:97) (optimized to 0)
'u_core/u_net/u_l11/u_rq/k2[29]' (rtl\requant.v:97) (optimized to 0)
'u_core/u_net/u_l11/u_rq/k2[28]' (rtl\requant.v:97) (optimized to 0)
'u_core/u_net/u_l11/u_rq/k2[27]' (rtl\requant.v:97) (optimized to 0)
'u_core/u_net/u_l11/u_rq/k2[26]' (rtl\requant.v:97) (optimized to 0)
'u_core/u_net/u_l11/u_rq/k2[25]' (rtl\requant.v:97) (optimized to 0)
'u_core/u_net/u_l11/u_rq/k2[24]' (rtl\requant.v:97) (optimized to 0)
'u_core/u_net/u_l11/u_rq/k2[6]' (rtl\requant.v:97) (optimized to 0)
'u_core/u_net/u_l11/u_rq/k2[23]' (rtl\requant.v:97) (optimized to 0)
'u_core/u_net/u_l11/u_rq/k2[22]' (rtl\requant.v:97) (optimized to 0)
'u_core/u_net/u_l11/u_rq/k2[7]' (rtl\requant.v:97) (optimized to 0)
'u_core/u_net/u_l11/u_rq/k2[21]' (rtl\requant.v:97) (optimized to 0)
'u_core/u_net/u_l11/u_rq/k2[20]' (rtl\requant.v:97) (optimized to 0)
'u_core/u_net/u_l11/u_rq/k2[19]' (rtl\requant.v:97) (optimized to 0)
'u_core/u_net/u_l11/u_rq/k2[18]' (rtl\requant.v:97) (optimized to 0)
'u_core/u_net/u_l11/u_rq/k2[17]' (rtl\requant.v:97) (optimized to 0)
'u_core/u_net/u_l11/u_rq/k2[16]' (rtl\requant.v:97) (optimized to 0)
'u_core/u_net/u_l11/u_rq/k2[15]' (rtl\requant.v:97) (optimized to 0)
'u_core/u_net/u_l11/u_rq/k2[14]' (rtl\requant.v:97) (optimized to 0)
'u_core/u_net/u_l11/u_rq/k2[13]' (rtl\requant.v:97) (optimized to 0)
'u_core/u_net/u_l11/u_rq/k2[12]' (rtl\requant.v:97) (optimized to 0)
'u_core/u_net/u_l11/u_rq/k2[11]' (rtl\requant.v:97) (optimized to 0)
'u_core/u_net/u_l11/u_rq/k2[10]' (rtl\requant.v:97) (optimized to 0)
'u_core/u_net/u_l11/u_rq/k2[9]' (rtl\requant.v:97) (optimized to 0)
'u_core/u_net/u_l11/u_rq/k2[8]' (rtl\requant.v:97) (optimized to 0)
'u_core/u_net/u_l10/u_rq/b2[0]' (rtl\requant.v:97) (optimized to 0)
'u_core/u_net/u_l10/u_rq/k2[0]' (rtl\requant.v:97) (optimized to 0)
'u_core/u_net/u_l10/u_rq/k2[1]' (rtl\requant.v:97) (optimized to 0)
'u_core/u_net/u_l10/u_rq/k2[2]' (rtl\requant.v:97) (optimized to 0)
'u_core/u_net/u_l10/u_rq/k2[3]' (rtl\requant.v:97) (optimized to 0)
'u_core/u_net/u_l10/u_rq/k2[4]' (rtl\requant.v:97) (optimized to 0)
'u_core/u_net/u_l10/u_rq/b2[9]' (rtl\requant.v:97) (optimized to 0)
'u_core/u_net/u_l10/u_rq/b2[10]' (rtl\requant.v:97) (optimized to 0)
'u_core/u_net/u_l10/u_rq/b2[11]' (rtl\requant.v:97) (optimized to 0)
'u_core/u_net/u_l10/u_rq/b2[2]' (rtl\requant.v:97) (optimized to 0)
'u_core/u_net/u_l10/u_rq/b2[3]' (rtl\requant.v:97) (optimized to 0)
'u_core/u_net/u_l10/u_rq/b2[4]' (rtl\requant.v:97) (optimized to 0)
'u_core/u_net/u_l10/u_rq/b2[5]' (rtl\requant.v:97) (optimized to 0)
'u_core/u_net/u_l10/u_rq/b2[6]' (rtl\requant.v:97) (optimized to 0)
'u_core/u_net/u_l10/u_rq/b2[7]' (rtl\requant.v:97) (optimized to 0)
'u_core/u_net/u_l10/u_rq/b2[8]' (rtl\requant.v:97) (optimized to 0)
'u_core/u_net/u_l10/u_rq/b2[1]' (rtl\requant.v:97) (optimized to 0)
'u_core/u_net/u_l10/u_rq/k2[39]' (rtl\requant.v:97) (optimized to 0)
'u_core/u_net/u_l10/u_rq/k2[38]' (rtl\requant.v:97) (optimized to 0)
'u_core/u_net/u_l10/u_rq/k2[37]' (rtl\requant.v:97) (optimized to 0)
'u_core/u_net/u_l10/u_rq/k2[36]' (rtl\requant.v:97) (optimized to 0)
'u_core/u_net/u_l10/u_rq/k2[35]' (rtl\requant.v:97) (optimized to 0)
'u_core/u_net/u_l10/u_rq/k2[34]' (rtl\requant.v:97) (optimized to 0)
'u_core/u_net/u_l10/u_rq/k2[33]' (rtl\requant.v:97) (optimized to 0)
'u_core/u_net/u_l10/u_rq/k2[32]' (rtl\requant.v:97) (optimized to 0)
'u_core/u_net/u_l10/u_rq/k2[31]' (rtl\requant.v:97) (optimized to 0)
'u_core/u_net/u_l10/u_rq/k2[30]' (rtl\requant.v:97) (optimized to 0)
'u_core/u_net/u_l10/u_rq/k2[29]' (rtl\requant.v:97) (optimized to 0)
'u_core/u_net/u_l10/u_rq/k2[28]' (rtl\requant.v:97) (optimized to 0)
'u_core/u_net/u_l10/u_rq/k2[27]' (rtl\requant.v:97) (optimized to 0)
'u_core/u_net/u_l10/u_rq/k2[26]' (rtl\requant.v:97) (optimized to 0)
'u_core/u_net/u_l10/u_rq/k2[25]' (rtl\requant.v:97) (optimized to 0)
'u_core/u_net/u_l10/u_rq/k2[24]' (rtl\requant.v:97) (optimized to 0)
'u_core/u_net/u_l10/u_rq/k2[5]' (rtl\requant.v:97) (optimized to 0)
'u_core/u_net/u_l10/u_rq/k2[23]' (rtl\requant.v:97) (optimized to 0)
'u_core/u_net/u_l10/u_rq/k2[22]' (rtl\requant.v:97) (optimized to 0)
'u_core/u_net/u_l10/u_rq/k2[6]' (rtl\requant.v:97) (optimized to 0)
'u_core/u_net/u_l10/u_rq/k2[21]' (rtl\requant.v:97) (optimized to 0)
'u_core/u_net/u_l10/u_rq/k2[20]' (rtl\requant.v:97) (optimized to 0)
'u_core/u_net/u_l10/u_rq/k2[19]' (rtl\requant.v:97) (optimized to 0)
'u_core/u_net/u_l10/u_rq/k2[18]' (rtl\requant.v:97) (optimized to 0)
'u_core/u_net/u_l10/u_rq/k2[17]' (rtl\requant.v:97) (optimized to 0)
'u_core/u_net/u_l10/u_rq/k2[16]' (rtl\requant.v:97) (optimized to 0)
'u_core/u_net/u_l10/u_rq/k2[15]' (rtl\requant.v:97) (optimized to 0)
'u_core/u_net/u_l10/u_rq/k2[14]' (rtl\requant.v:97) (optimized to 0)
'u_core/u_net/u_l10/u_rq/k2[13]' (rtl\requant.v:97) (optimized to 0)
'u_core/u_net/u_l10/u_rq/k2[12]' (rtl\requant.v:97) (optimized to 0)
'u_core/u_net/u_l10/u_rq/k2[11]' (rtl\requant.v:97) (optimized to 0)
'u_core/u_net/u_l10/u_rq/k2[10]' (rtl\requant.v:97) (optimized to 0)
'u_core/u_net/u_l10/u_rq/k2[9]' (rtl\requant.v:97) (optimized to 0)
'u_core/u_net/u_l10/u_rq/k2[8]' (rtl\requant.v:97) (optimized to 0)
'u_core/u_net/u_l10/u_rq/k2[7]' (rtl\requant.v:97) (optimized to 0)
'u_core/u_camw/nburst[1]' (rtl\axi_frame.v:197) (optimized to 0)
'u_core/u_camw/nburst[2]' (rtl\axi_frame.v:197) (optimized to 0)
'u_core/u_camw/nburst[3]' (rtl\axi_frame.v:197) (optimized to 0)
'u_core/u_camw/nburst[4]' (rtl\axi_frame.v:197) (optimized to 0)
'u_core/u_camw/nburst[5]' (rtl\axi_frame.v:197) (optimized to 0)
'u_core/u_camw/nburst[8]' (rtl\axi_frame.v:197) (optimized to 0)
'u_core/u_camw/nburst[10]' (rtl\axi_frame.v:197) (optimized to 0)
'u_core/u_camw/nburst[11]' (rtl\axi_frame.v:197) (optimized to 0)
'u_core/u_camw/nburst[13]' (rtl\axi_frame.v:197) (optimized to 0)
'u_core/u_camw/nburst[14]' (rtl\axi_frame.v:197) (optimized to 0)
'u_core/u_camw/nburst[15]' (rtl\axi_frame.v:197) (optimized to 0)
'u_core/u_camw/nburst[16]' (rtl\axi_frame.v:197) (optimized to 0)
'u_core/u_camw/nburst[17]' (rtl\axi_frame.v:197) (optimized to 0)
'u_core/u_camw/nburst[18]' (rtl\axi_frame.v:197) (optimized to 0)
'u_core/u_camw/nburst[19]' (rtl\axi_frame.v:197) (optimized to 0)
'u_core/u_camw/nburst[20]' (rtl\axi_frame.v:197) (optimized to 0)
'u_core/u_camw/nburst[21]' (rtl\axi_frame.v:197) (optimized to 0)
'u_core/u_camw/nburst[22]' (rtl\axi_frame.v:197) (optimized to 0)
'u_core/u_camw/nburst[23]' (rtl\axi_frame.v:197) (optimized to 0)
'u_core/u_camw/nburst[24]' (rtl\axi_frame.v:197) (optimized to 0)
'u_core/u_camw/nburst[25]' (rtl\axi_frame.v:197) (optimized to 0)
'u_core/u_camw/nburst[26]' (rtl\axi_frame.v:197) (optimized to 0)
'u_core/u_camw/nburst[27]' (rtl\axi_frame.v:197) (optimized to 0)
'u_core/u_camw/nburst[28]' (rtl\axi_frame.v:197) (optimized to 0)
'u_core/u_camw/nburst[29]' (rtl\axi_frame.v:197) (optimized to 0)
'u_core/u_camw/nburst[30]' (rtl\axi_frame.v:197) (optimized to 0)
'u_core/u_camw/nburst[31]' (rtl\axi_frame.v:197) (optimized to 0)
'u_core/u_camw/nburst[0]' (rtl\axi_frame.v:197) (optimized to 0)
'u_core/u_nnw/nburst[1]' (rtl\axi_frame.v:197) (optimized to 0)
'u_core/u_nnw/nburst[2]' (rtl\axi_frame.v:197) (optimized to 0)
'u_core/u_nnw/nburst[3]' (rtl\axi_frame.v:197) (optimized to 0)
'u_core/u_nnw/nburst[4]' (rtl\axi_frame.v:197) (optimized to 0)
'u_core/u_nnw/nburst[5]' (rtl\axi_frame.v:197) (optimized to 0)
'u_core/u_nnw/nburst[8]' (rtl\axi_frame.v:197) (optimized to 0)
'u_core/u_nnw/nburst[10]' (rtl\axi_frame.v:197) (optimized to 0)
'u_core/u_nnw/nburst[11]' (rtl\axi_frame.v:197) (optimized to 0)
'u_core/u_nnw/nburst[13]' (rtl\axi_frame.v:197) (optimized to 0)
'u_core/u_nnw/nburst[14]' (rtl\axi_frame.v:197) (optimized to 0)
'u_core/u_nnw/nburst[15]' (rtl\axi_frame.v:197) (optimized to 0)
'u_core/u_nnw/nburst[16]' (rtl\axi_frame.v:197) (optimized to 0)
'u_core/u_nnw/nburst[17]' (rtl\axi_frame.v:197) (optimized to 0)
'u_core/u_nnw/nburst[18]' (rtl\axi_frame.v:197) (optimized to 0)
'u_core/u_nnw/nburst[19]' (rtl\axi_frame.v:197) (optimized to 0)
'u_core/u_nnw/nburst[20]' (rtl\axi_frame.v:197) (optimized to 0)
'u_core/u_nnw/nburst[21]' (rtl\axi_frame.v:197) (optimized to 0)
'u_core/u_nnw/nburst[22]' (rtl\axi_frame.v:197) (optimized to 0)
'u_core/u_nnw/nburst[23]' (rtl\axi_frame.v:197) (optimized to 0)
'u_core/u_nnw/nburst[24]' (rtl\axi_frame.v:197) (optimized to 0)
'u_core/u_nnw/nburst[25]' (rtl\axi_frame.v:197) (optimized to 0)
'u_core/u_nnw/nburst[26]' (rtl\axi_frame.v:197) (optimized to 0)
'u_core/u_nnw/nburst[27]' (rtl\axi_frame.v:197) (optimized to 0)
'u_core/u_nnw/nburst[28]' (rtl\axi_frame.v:197) (optimized to 0)
'u_core/u_nnw/nburst[29]' (rtl\axi_frame.v:197) (optimized to 0)
'u_core/u_nnw/nburst[30]' (rtl\axi_frame.v:197) (optimized to 0)
'u_core/u_nnw/nburst[31]' (rtl\axi_frame.v:197) (optimized to 0)
'u_core/u_nnw/nburst[0]' (rtl\axi_frame.v:197) (optimized to 0)
'm_arlen[4]' (rtl\vision_top.v:49) (optimized to 0)
'm_arlen[5]' (rtl\vision_top.v:49) (optimized to 0)
'm_arlen[6]' (rtl\vision_top.v:49) (optimized to 0)
'm_arlen[7]' (rtl\vision_top.v:49) (optimized to 0)
'u_core/u_arb/ar_sel[1]' (rtl\axi_arb.v:75) (optimized to 0)
'u_core/u_arb/ar_sel[2]' (rtl\axi_arb.v:75) (optimized to 0)
'u_core/u_arb/ar_sel[3]' (rtl\axi_arb.v:75) (optimized to 0)
'u_core/u_arb/ar_sel[4]' (rtl\axi_arb.v:75) (optimized to 0)
'u_core/u_arb/ar_sel[5]' (rtl\axi_arb.v:75) (optimized to 0)
'u_core/u_arb/ar_sel[6]' (rtl\axi_arb.v:75) (optimized to 0)
'u_core/u_arb/ar_sel[7]' (rtl\axi_arb.v:75) (optimized to 0)
'm_awlen[4]' (rtl\vision_top.v:59) (optimized to 0)
'm_awlen[5]' (rtl\vision_top.v:59) (optimized to 0)
'm_awlen[6]' (rtl\vision_top.v:59) (optimized to 0)
'm_awlen[7]' (rtl\vision_top.v:59) (optimized to 0)
'u_core/u_arb/aw_sel[1]' (rtl\axi_arb.v:123) (optimized to 0)
'u_core/u_arb/aw_sel[2]' (rtl\axi_arb.v:123) (optimized to 0)
'u_core/u_arb/aw_sel[3]' (rtl\axi_arb.v:123) (optimized to 0)
'u_core/u_arb/aw_sel[4]' (rtl\axi_arb.v:123) (optimized to 0)
'u_core/u_arb/aw_sel[5]' (rtl\axi_arb.v:123) (optimized to 0)
'u_core/u_arb/aw_sel[6]' (rtl\axi_arb.v:123) (optimized to 0)
'u_core/u_arb/aw_sel[7]' (rtl\axi_arb.v:123) (optimized to 0)
'u_core/u_arb/i845/rq[3][7]' (rtl\axi_arb.v:60) (optimized to 0)
'u_core/u_arb/i845/rq[4][1]' (rtl\axi_arb.v:60) (optimized to 0)
'u_core/u_arb/i845/rq[4][2]' (rtl\axi_arb.v:60) (optimized to 0)
'u_core/u_arb/i845/rq[4][3]' (rtl\axi_arb.v:60) (optimized to 0)
'u_core/u_arb/i846/wq[2][6]' (rtl\axi_arb.v:116) (optimized to 0)
'u_core/u_arb/i845/rq[4][4]' (rtl\axi_arb.v:60) (optimized to 0)
'u_core/u_arb/i845/rq[4][5]' (rtl\axi_arb.v:60) (optimized to 0)
'u_core/u_arb/i846/wq[0][6]' (rtl\axi_arb.v:116) (optimized to 0)
'u_core/u_arb/i845/rq[4][6]' (rtl\axi_arb.v:60) (optimized to 0)
'u_core/u_arb/i845/rq[4][7]' (rtl\axi_arb.v:60) (optimized to 0)
'u_core/u_arb/i846/wq[1][5]' (rtl\axi_arb.v:116) (optimized to 0)
'u_core/u_arb/i845/rq[5][1]' (rtl\axi_arb.v:60) (optimized to 0)
'u_core/u_arb/i846/wq[2][5]' (rtl\axi_arb.v:116) (optimized to 0)
'u_core/u_arb/i845/rq[5][2]' (rtl\axi_arb.v:60) (optimized to 0)
'u_core/u_arb/i845/rq[5][3]' (rtl\axi_arb.v:60) (optimized to 0)
'u_core/u_arb/i845/rq[5][4]' (rtl\axi_arb.v:60) (optimized to 0)
'u_core/u_arb/i845/rq[5][5]' (rtl\axi_arb.v:60) (optimized to 0)
'u_core/u_arb/i845/rq[5][6]' (rtl\axi_arb.v:60) (optimized to 0)
'u_core/u_arb/i845/rq[5][7]' (rtl\axi_arb.v:60) (optimized to 0)
'u_core/u_arb/i845/rq[0][2]' (rtl\axi_arb.v:60) (optimized to 0)
'u_core/u_arb/i845/rq[6][1]' (rtl\axi_arb.v:60) (optimized to 0)
'u_core/u_arb/i845/rq[0][5]' (rtl\axi_arb.v:60) (optimized to 0)
'u_core/u_arb/i846/wq[1][4]' (rtl\axi_arb.v:116) (optimized to 0)
'u_core/u_arb/i846/wq[0][5]' (rtl\axi_arb.v:116) (optimized to 0)
'u_core/u_arb/i845/rq[6][2]' (rtl\axi_arb.v:60) (optimized to 0)
'u_core/u_arb/i845/rq[1][3]' (rtl\axi_arb.v:60) (optimized to 0)
'u_core/u_arb/i845/rq[6][3]' (rtl\axi_arb.v:60) (optimized to 0)
'u_core/u_arb/i845/rq[1][6]' (rtl\axi_arb.v:60) (optimized to 0)
'u_core/u_arb/i846/wq[2][4]' (rtl\axi_arb.v:116) (optimized to 0)
'u_core/u_arb/i845/rq[2][1]' (rtl\axi_arb.v:60) (optimized to 0)
'u_core/u_arb/i845/rq[6][4]' (rtl\axi_arb.v:60) (optimized to 0)
'u_core/u_arb/i846/wq[1][3]' (rtl\axi_arb.v:116) (optimized to 0)
'u_core/u_arb/i845/rq[2][3]' (rtl\axi_arb.v:60) (optimized to 0)
'u_core/u_arb/i845/rq[6][5]' (rtl\axi_arb.v:60) (optimized to 0)
'u_core/u_arb/i845/rq[6][6]' (rtl\axi_arb.v:60) (optimized to 0)
'u_core/u_arb/i845/rq[6][7]' (rtl\axi_arb.v:60) (optimized to 0)
'u_core/u_arb/i845/rq[7][1]' (rtl\axi_arb.v:60) (optimized to 0)
'u_core/u_arb/i845/rq[7][2]' (rtl\axi_arb.v:60) (optimized to 0)
'u_core/u_arb/i845/rq[7][3]' (rtl\axi_arb.v:60) (optimized to 0)
'u_core/u_arb/i846/wq[2][3]' (rtl\axi_arb.v:116) (optimized to 0)
'u_core/u_arb/i845/rq[7][4]' (rtl\axi_arb.v:60) (optimized to 0)
'u_core/u_arb/i845/rq[0][3]' (rtl\axi_arb.v:60) (optimized to 0)
'u_core/u_arb/i845/rq[0][6]' (rtl\axi_arb.v:60) (optimized to 0)
'u_core/u_arb/i845/rq[7][5]' (rtl\axi_arb.v:60) (optimized to 0)
'u_core/u_arb/i845/rq[1][1]' (rtl\axi_arb.v:60) (optimized to 0)
'u_core/u_arb/i845/rq[7][6]' (rtl\axi_arb.v:60) (optimized to 0)
'u_core/u_arb/i845/rq[1][4]' (rtl\axi_arb.v:60) (optimized to 0)
'u_core/u_arb/i845/rq[7][7]' (rtl\axi_arb.v:60) (optimized to 0)
'u_core/u_arb/i846/wq[0][4]' (rtl\axi_arb.v:116) (optimized to 0)
'u_core/u_arb/i845/rq[1][7]' (rtl\axi_arb.v:60) (optimized to 0)
'u_core/u_arb/i845/rq[0][1]' (rtl\axi_arb.v:60) (optimized to 0)
'u_core/u_arb/i846/wq[1][2]' (rtl\axi_arb.v:116) (optimized to 0)
'u_core/u_arb/i845/rq[0][4]' (rtl\axi_arb.v:60) (optimized to 0)
'u_core/u_arb/i845/rq[0][7]' (rtl\axi_arb.v:60) (optimized to 0)
'u_core/u_arb/i846/wq[0][1]' (rtl\axi_arb.v:116) (optimized to 0)
'u_core/u_arb/i845/rq[1][2]' (rtl\axi_arb.v:60) (optimized to 0)
'u_core/u_arb/i845/rq[1][5]' (rtl\axi_arb.v:60) (optimized to 0)
'u_core/u_arb/i846/wq[0][2]' (rtl\axi_arb.v:116) (optimized to 0)
'u_core/u_arb/i846/wq[0][3]' (rtl\axi_arb.v:116) (optimized to 0)
'u_core/u_arb/i845/rq[2][2]' (rtl\axi_arb.v:60) (optimized to 0)
'u_core/u_arb/i845/rq[2][4]' (rtl\axi_arb.v:60) (optimized to 0)
'u_core/u_nnr/nburst[0]' (rtl\axi_frame.v:314) (optimized to 0)
'u_core/u_nnr/nburst[1]' (rtl\axi_frame.v:314) (optimized to 0)
'u_core/u_nnr/nburst[2]' (rtl\axi_frame.v:314) (optimized to 0)
'u_core/u_nnr/nburst[3]' (rtl\axi_frame.v:314) (optimized to 0)
'u_core/u_nnr/nburst[4]' (rtl\axi_frame.v:314) (optimized to 0)
'u_core/u_nnr/nburst[5]' (rtl\axi_frame.v:314) (optimized to 0)
'u_core/u_nnr/nburst[8]' (rtl\axi_frame.v:314) (optimized to 0)
'u_core/u_nnr/nburst[10]' (rtl\axi_frame.v:314) (optimized to 0)
'u_core/u_nnr/nburst[11]' (rtl\axi_frame.v:314) (optimized to 0)
'u_core/u_nnr/nburst[13]' (rtl\axi_frame.v:314) (optimized to 0)
'u_core/u_nnr/nburst[14]' (rtl\axi_frame.v:314) (optimized to 0)
'u_core/u_nnr/nburst[15]' (rtl\axi_frame.v:314) (optimized to 0)
'u_core/u_nnr/nburst[16]' (rtl\axi_frame.v:314) (optimized to 0)
'u_core/u_nnr/nburst[17]' (rtl\axi_frame.v:314) (optimized to 0)
'u_core/u_nnr/nburst[18]' (rtl\axi_frame.v:314) (optimized to 0)
'u_core/u_nnr/nburst[19]' (rtl\axi_frame.v:314) (optimized to 0)
'u_core/u_nnr/nburst[20]' (rtl\axi_frame.v:314) (optimized to 0)
'u_core/u_nnr/nburst[21]' (rtl\axi_frame.v:314) (optimized to 0)
'u_core/u_nnr/nburst[22]' (rtl\axi_frame.v:314) (optimized to 0)
'u_core/u_nnr/nburst[23]' (rtl\axi_frame.v:314) (optimized to 0)
'u_core/u_nnr/nburst[24]' (rtl\axi_frame.v:314) (optimized to 0)
'u_core/u_nnr/nburst[25]' (rtl\axi_frame.v:314) (optimized to 0)
'u_core/u_nnr/nburst[26]' (rtl\axi_frame.v:314) (optimized to 0)
'u_core/u_nnr/nburst[27]' (rtl\axi_frame.v:314) (optimized to 0)
'u_core/u_nnr/nburst[28]' (rtl\axi_frame.v:314) (optimized to 0)
'u_core/u_nnr/nburst[29]' (rtl\axi_frame.v:314) (optimized to 0)
'u_core/u_nnr/nburst[30]' (rtl\axi_frame.v:314) (optimized to 0)
'u_core/u_nnr/nburst[31]' (rtl\axi_frame.v:314) (optimized to 0)
'u_core/u_dr/nburst[0]' (rtl\axi_frame.v:314) (optimized to 0)
'u_core/u_dr/nburst[2]' (rtl\axi_frame.v:314) (optimized to 0)
'u_core/u_dr/nburst[4]' (rtl\axi_frame.v:314) (optimized to 0)
'u_core/u_dr/nburst[5]' (rtl\axi_frame.v:314) (optimized to 0)
'u_core/u_dr/nburst[6]' (rtl\axi_frame.v:314) (optimized to 0)
'u_core/u_dr/nburst[7]' (rtl\axi_frame.v:314) (optimized to 0)
'u_core/u_dr/nburst[8]' (rtl\axi_frame.v:314) (optimized to 0)
'u_core/u_dr/nburst[9]' (rtl\axi_frame.v:314) (optimized to 0)
'u_core/u_dr/nburst[10]' (rtl\axi_frame.v:314) (optimized to 0)
'u_core/u_dr/nburst[11]' (rtl\axi_frame.v:314) (optimized to 0)
'u_core/u_dr/nburst[12]' (rtl\axi_frame.v:314) (optimized to 0)
'u_core/u_dr/nburst[13]' (rtl\axi_frame.v:314) (optimized to 0)
'u_core/u_dr/nburst[14]' (rtl\axi_frame.v:314) (optimized to 0)
'u_core/u_dr/nburst[15]' (rtl\axi_frame.v:314) (optimized to 0)
'u_core/u_dr/nburst[16]' (rtl\axi_frame.v:314) (optimized to 0)
'u_core/u_dr/nburst[17]' (rtl\axi_frame.v:314) (optimized to 0)
'u_core/u_dr/nburst[18]' (rtl\axi_frame.v:314) (optimized to 0)
'u_core/u_dr/nburst[19]' (rtl\axi_frame.v:314) (optimized to 0)
'u_core/u_dr/nburst[20]' (rtl\axi_frame.v:314) (optimized to 0)
'u_core/u_dr/nburst[21]' (rtl\axi_frame.v:314) (optimized to 0)
'u_core/u_dr/nburst[22]' (rtl\axi_frame.v:314) (optimized to 0)
'u_core/u_dr/nburst[23]' (rtl\axi_frame.v:314) (optimized to 0)
'u_core/u_dr/nburst[24]' (rtl\axi_frame.v:314) (optimized to 0)
'u_core/u_dr/nburst[25]' (rtl\axi_frame.v:314) (optimized to 0)
'u_core/u_dr/nburst[26]' (rtl\axi_frame.v:314) (optimized to 0)
'u_core/u_dr/nburst[27]' (rtl\axi_frame.v:314) (optimized to 0)
'u_core/u_dr/nburst[28]' (rtl\axi_frame.v:314) (optimized to 0)
'u_core/u_dr/nburst[29]' (rtl\axi_frame.v:314) (optimized to 0)
'u_core/u_dr/nburst[30]' (rtl\axi_frame.v:314) (optimized to 0)
'u_core/u_dr/nburst[31]' (rtl\axi_frame.v:314) (optimized to 0)
'u_core/u_mot/a_by[12]' (rtl\motion_det.v:38) (optimized to 0)
'u_core/u_mot/a_by[13]' (rtl\motion_det.v:38) (optimized to 0)
'u_core/u_mot/a_by[14]' (rtl\motion_det.v:38) (optimized to 0)
'u_core/u_mot/a_by[15]' (rtl\motion_det.v:38) (optimized to 0)
'u_core/u_mot/b_by[12]' (rtl\motion_det.v:73) (optimized to 0)
'u_core/u_mot/b_by[13]' (rtl\motion_det.v:73) (optimized to 0)
'u_core/u_mot/b_by[14]' (rtl\motion_det.v:73) (optimized to 0)
'u_core/u_mot/b_by[15]' (rtl\motion_det.v:73) (optimized to 0)
'g_raw.u_bin/c_o[10]' (rtl\raw_bin3.v:51) (optimized to 0)
'u_core/u_arb/i845/rq[2][5]' (rtl\axi_arb.v:60) (optimized to 0)
'u_core/u_arb/i846/wq[7][7]' (rtl\axi_arb.v:116) (optimized to 0)
'u_core/u_arb/i846/wq[7][6]' (rtl\axi_arb.v:116) (optimized to 0)
'u_core/u_arb/i846/wq[7][5]' (rtl\axi_arb.v:116) (optimized to 0)
'u_core/u_arb/i846/wq[7][4]' (rtl\axi_arb.v:116) (optimized to 0)
'u_core/u_arb/i846/wq[7][3]' (rtl\axi_arb.v:116) (optimized to 0)
'u_core/u_arb/i846/wq[7][2]' (rtl\axi_arb.v:116) (optimized to 0)
'u_core/u_arb/i846/wq[7][1]' (rtl\axi_arb.v:116) (optimized to 0)
'u_core/u_arb/i846/wq[6][7]' (rtl\axi_arb.v:116) (optimized to 0)
'u_core/u_arb/i846/wq[6][6]' (rtl\axi_arb.v:116) (optimized to 0)
'u_core/u_arb/i846/wq[6][5]' (rtl\axi_arb.v:116) (optimized to 0)
'u_core/u_arb/i846/wq[6][4]' (rtl\axi_arb.v:116) (optimized to 0)
'u_core/u_arb/i846/wq[6][3]' (rtl\axi_arb.v:116) (optimized to 0)
'u_core/u_arb/i846/wq[6][2]' (rtl\axi_arb.v:116) (optimized to 0)
'u_core/u_arb/i845/rq[2][6]' (rtl\axi_arb.v:60) (optimized to 0)
'u_core/u_arb/i846/wq[2][2]' (rtl\axi_arb.v:116) (optimized to 0)
'u_core/u_arb/i846/wq[1][1]' (rtl\axi_arb.v:116) (optimized to 0)
'u_core/u_arb/i845/rq[2][7]' (rtl\axi_arb.v:60) (optimized to 0)
'u_core/u_arb/i846/wq[2][1]' (rtl\axi_arb.v:116) (optimized to 0)
'u_core/u_arb/i846/wq[6][1]' (rtl\axi_arb.v:116) (optimized to 0)
'u_core/u_arb/i846/wq[5][7]' (rtl\axi_arb.v:116) (optimized to 0)
'u_core/u_arb/i846/wq[5][6]' (rtl\axi_arb.v:116) (optimized to 0)
'u_core/u_arb/i846/wq[5][5]' (rtl\axi_arb.v:116) (optimized to 0)
'u_core/u_arb/i846/wq[5][4]' (rtl\axi_arb.v:116) (optimized to 0)
'u_core/u_arb/i846/wq[5][3]' (rtl\axi_arb.v:116) (optimized to 0)
'u_core/u_arb/i846/wq[5][2]' (rtl\axi_arb.v:116) (optimized to 0)
'u_core/u_arb/i846/wq[5][1]' (rtl\axi_arb.v:116) (optimized to 0)
'u_core/u_arb/i846/wq[4][7]' (rtl\axi_arb.v:116) (optimized to 0)
'u_core/u_arb/i846/wq[4][6]' (rtl\axi_arb.v:116) (optimized to 0)
'u_core/u_arb/i846/wq[4][5]' (rtl\axi_arb.v:116) (optimized to 0)
'u_core/u_arb/i845/rq[3][1]' (rtl\axi_arb.v:60) (optimized to 0)
'u_core/u_arb/i845/rq[3][2]' (rtl\axi_arb.v:60) (optimized to 0)
'u_core/u_arb/i846/wq[4][4]' (rtl\axi_arb.v:116) (optimized to 0)
'u_core/u_arb/i845/rq[3][3]' (rtl\axi_arb.v:60) (optimized to 0)
'u_core/u_arb/i845/rq[3][4]' (rtl\axi_arb.v:60) (optimized to 0)
'u_core/u_arb/i846/wq[1][7]' (rtl\axi_arb.v:116) (optimized to 0)
'u_core/u_arb/i846/wq[0][7]' (rtl\axi_arb.v:116) (optimized to 0)
'u_core/u_arb/i845/rq[3][5]' (rtl\axi_arb.v:60) (optimized to 0)
'u_core/u_arb/i846/wq[4][3]' (rtl\axi_arb.v:116) (optimized to 0)
'u_core/u_arb/i846/wq[1][6]' (rtl\axi_arb.v:116) (optimized to 0)
'u_core/u_arb/i845/rq[3][6]' (rtl\axi_arb.v:60) (optimized to 0)
'u_core/u_arb/i846/wq[4][2]' (rtl\axi_arb.v:116) (optimized to 0)
'u_core/u_arb/i846/wq[4][1]' (rtl\axi_arb.v:116) (optimized to 0)
'u_core/u_arb/i846/wq[3][7]' (rtl\axi_arb.v:116) (optimized to 0)
'u_core/u_arb/i846/wq[3][6]' (rtl\axi_arb.v:116) (optimized to 0)
'u_core/u_arb/i846/wq[3][5]' (rtl\axi_arb.v:116) (optimized to 0)
'u_core/u_arb/i846/wq[3][4]' (rtl\axi_arb.v:116) (optimized to 0)
'u_core/u_arb/i846/wq[3][3]' (rtl\axi_arb.v:116) (optimized to 0)
'u_core/u_arb/i846/wq[3][2]' (rtl\axi_arb.v:116) (optimized to 0)
'u_core/u_arb/i846/wq[3][1]' (rtl\axi_arb.v:116) (optimized to 0)
'u_core/u_arb/i846/wq[2][7]' (rtl\axi_arb.v:116) (optimized to 0)
'u_core/u_arb/i847/bq[1][1]' (rtl\axi_arb.v:118) (optimized to 0)
'u_core/u_arb/i847/bq[0][7]' (rtl\axi_arb.v:118) (optimized to 0)
'u_core/u_arb/i847/bq[0][6]' (rtl\axi_arb.v:118) (optimized to 0)
'u_core/u_arb/i847/bq[0][5]' (rtl\axi_arb.v:118) (optimized to 0)
'u_core/u_arb/i847/bq[0][4]' (rtl\axi_arb.v:118) (optimized to 0)
'u_core/u_arb/i847/bq[0][3]' (rtl\axi_arb.v:118) (optimized to 0)
'u_core/u_arb/i847/bq[0][2]' (rtl\axi_arb.v:118) (optimized to 0)
'u_core/u_arb/i847/bq[0][1]' (rtl\axi_arb.v:118) (optimized to 0)
'u_core/u_arb/i847/bq[3][4]' (rtl\axi_arb.v:118) (optimized to 0)
'u_core/u_arb/i847/bq[3][3]' (rtl\axi_arb.v:118) (optimized to 0)
'u_core/u_arb/i847/bq[3][2]' (rtl\axi_arb.v:118) (optimized to 0)
'u_core/u_arb/i847/bq[3][1]' (rtl\axi_arb.v:118) (optimized to 0)
'u_core/u_arb/i847/bq[2][7]' (rtl\axi_arb.v:118) (optimized to 0)
'u_core/u_arb/i847/bq[2][6]' (rtl\axi_arb.v:118) (optimized to 0)
'u_core/u_arb/i847/bq[2][5]' (rtl\axi_arb.v:118) (optimized to 0)
'u_core/u_arb/i847/bq[2][4]' (rtl\axi_arb.v:118) (optimized to 0)
'u_core/u_arb/i847/bq[2][3]' (rtl\axi_arb.v:118) (optimized to 0)
'u_core/u_arb/i847/bq[2][2]' (rtl\axi_arb.v:118) (optimized to 0)
'u_core/u_arb/i847/bq[2][1]' (rtl\axi_arb.v:118) (optimized to 0)
'u_core/u_arb/i847/bq[1][7]' (rtl\axi_arb.v:118) (optimized to 0)
'u_core/u_arb/i847/bq[1][6]' (rtl\axi_arb.v:118) (optimized to 0)
'u_core/u_arb/i847/bq[1][5]' (rtl\axi_arb.v:118) (optimized to 0)
'u_core/u_arb/i847/bq[1][4]' (rtl\axi_arb.v:118) (optimized to 0)
'u_core/u_arb/i847/bq[1][3]' (rtl\axi_arb.v:118) (optimized to 0)
'u_core/u_arb/i847/bq[1][2]' (rtl\axi_arb.v:118) (optimized to 0)
'u_core/u_arb/i847/bq[3][5]' (rtl\axi_arb.v:118) (optimized to 0)
'u_core/u_arb/i847/bq[3][6]' (rtl\axi_arb.v:118) (optimized to 0)
'u_core/u_arb/i847/bq[3][7]' (rtl\axi_arb.v:118) (optimized to 0)
'u_core/u_arb/i847/bq[4][1]' (rtl\axi_arb.v:118) (optimized to 0)
'u_core/u_arb/i847/bq[4][2]' (rtl\axi_arb.v:118) (optimized to 0)
'u_core/u_arb/i847/bq[4][3]' (rtl\axi_arb.v:118) (optimized to 0)
'u_core/u_arb/i847/bq[4][4]' (rtl\axi_arb.v:118) (optimized to 0)
'u_core/u_arb/i847/bq[4][5]' (rtl\axi_arb.v:118) (optimized to 0)
'u_core/u_arb/i847/bq[4][6]' (rtl\axi_arb.v:118) (optimized to 0)
'u_core/u_arb/i847/bq[4][7]' (rtl\axi_arb.v:118) (optimized to 0)
'u_core/u_arb/i847/bq[5][1]' (rtl\axi_arb.v:118) (optimized to 0)
'u_core/u_arb/i847/bq[5][2]' (rtl\axi_arb.v:118) (optimized to 0)
'u_core/u_arb/i847/bq[5][3]' (rtl\axi_arb.v:118) (optimized to 0)
'u_core/u_arb/i847/bq[5][4]' (rtl\axi_arb.v:118) (optimized to 0)
'u_core/u_arb/i847/bq[5][5]' (rtl\axi_arb.v:118) (optimized to 0)
'u_core/u_arb/i847/bq[5][6]' (rtl\axi_arb.v:118) (optimized to 0)
'u_core/u_arb/i847/bq[5][7]' (rtl\axi_arb.v:118) (optimized to 0)
'u_core/u_arb/i847/bq[6][1]' (rtl\axi_arb.v:118) (optimized to 0)
'u_core/u_arb/i847/bq[6][2]' (rtl\axi_arb.v:118) (optimized to 0)
'u_core/u_arb/i847/bq[6][3]' (rtl\axi_arb.v:118) (optimized to 0)
'u_core/u_arb/i847/bq[6][4]' (rtl\axi_arb.v:118) (optimized to 0)
'u_core/u_arb/i847/bq[6][5]' (rtl\axi_arb.v:118) (optimized to 0)
'u_core/u_arb/i847/bq[6][6]' (rtl\axi_arb.v:118) (optimized to 0)
'u_core/u_arb/i847/bq[6][7]' (rtl\axi_arb.v:118) (optimized to 0)
'u_core/u_arb/i847/bq[7][1]' (rtl\axi_arb.v:118) (optimized to 0)
'u_core/u_arb/i847/bq[7][2]' (rtl\axi_arb.v:118) (optimized to 0)
'u_core/u_arb/i847/bq[7][3]' (rtl\axi_arb.v:118) (optimized to 0)
'u_core/u_arb/i847/bq[7][4]' (rtl\axi_arb.v:118) (optimized to 0)
'u_core/u_arb/i847/bq[7][5]' (rtl\axi_arb.v:118) (optimized to 0)
'u_core/u_arb/i847/bq[7][6]' (rtl\axi_arb.v:118) (optimized to 0)
'u_core/u_arb/i847/bq[7][7]' (rtl\axi_arb.v:118) (optimized to 0)
'u_core/u_nnw/nburst[9]' (rtl\axi_frame.v:197) (merged to equivalence)
'u_core/u_nnw/nburst[7]' (rtl\axi_frame.v:197) (merged to equivalence)
'u_core/u_nnw/nburst[6]' (rtl\axi_frame.v:197) (merged to equivalence)
'u_core/g_nn_async.u_no/rgray[4]' (rtl\axi_frame.v:26) (merged to equivalence)
'u_core/u_net/u_l12/g_k3.g_lb2.u_swg/prow[16]' (rtl\swg3b.v:47) (merged to equivalence)
'u_core/u_net/u_l8/g_k3.g_lb2.u_swg/prow[16]' (rtl\swg3b.v:47) (merged to equivalence)
'u_core/u_net/u_l6/g_k3.g_lb2.u_swg/prow[16]' (rtl\swg3b.v:47) (merged to equivalence)
'u_core/u_net/u_l4/g_k3.g_lb2.u_swg/prow[16]' (rtl\swg3b.v:47) (merged to equivalence)
'u_core/u_net/u_l2/g_k3.g_lb2.u_swg/prow[16]' (rtl\swg3b.v:47) (merged to equivalence)
'u_core/g_nn_async.u_ni/rgray[4]' (rtl\axi_frame.v:26) (merged to equivalence)
'u_vidf/wgray[11]' (rtl\axi_frame.v:26) (merged to equivalence)
'u_vidf/rgray[11]' (rtl\axi_frame.v:26) (merged to equivalence)
'u_reqf/rgray[3]' (rtl\axi_frame.v:26) (merged to equivalence)
'u_reqf/wgray[3]' (rtl\axi_frame.v:26) (merged to equivalence)
'u_core/u_dr/nburst[1]' (rtl\axi_frame.v:314) (merged to equivalence)
'u_core/u_nnr/nburst[12]' (rtl\axi_frame.v:314) (merged to equivalence)
'u_core/u_nnr/nburst[9]' (rtl\axi_frame.v:314) (merged to equivalence)
'u_core/u_nnr/nburst[7]' (rtl\axi_frame.v:314) (merged to equivalence)
'u_core/u_nnr/nburst[6]' (rtl\axi_frame.v:314) (merged to equivalence)
'u_core/g_nn_async.u_ni/wgray[4]' (rtl\axi_frame.v:26) (merged to equivalence)
'u_core/u_net/u_l0/u_rq/v1' (rtl\requant.v:92) (merged to equivalence)
'u_core/u_net/u_l1/u_rq/v1' (rtl\requant.v:92) (merged to equivalence)
'u_core/u_net/u_l2/u_rq/v1' (rtl\requant.v:92) (merged to equivalence)
'u_core/u_net/u_l3/u_rq/v1' (rtl\requant.v:92) (merged to equivalence)
'u_core/u_net/u_l4/u_rq/v1' (rtl\requant.v:92) (merged to equivalence)
'u_core/u_net/u_l5/u_rq/v1' (rtl\requant.v:92) (merged to equivalence)
'u_core/u_net/u_l6/u_rq/v1' (rtl\requant.v:92) (merged to equivalence)
'u_core/u_net/u_l7/u_rq/v1' (rtl\requant.v:92) (merged to equivalence)
'u_core/u_net/u_l8/u_rq/v1' (rtl\requant.v:92) (merged to equivalence)
'u_core/u_net/u_l9/u_rq/v1' (rtl\requant.v:92) (merged to equivalence)
'u_core/u_net/u_l10/u_rq/v1' (rtl\requant.v:92) (merged to equivalence)
'u_core/u_net/u_l11/u_rq/v1' (rtl\requant.v:92) (merged to equivalence)
'u_core/u_net/u_l12/u_rq/v1' (rtl\requant.v:92) (merged to equivalence)
'u_core/g_nn_async.u_no/wgray[4]' (rtl\axi_frame.v:26) (merged to equivalence)
'u_core/u_camw/nburst[9]' (rtl\axi_frame.v:197) (merged to equivalence)
'u_core/u_camw/nburst[7]' (rtl\axi_frame.v:197) (merged to equivalence)
'u_core/u_camw/nburst[6]' (rtl\axi_frame.v:197) (merged to equivalence)
'u_camf/rgray[10]' (rtl\axi_frame.v:26) (merged to equivalence)
'u_camf/wgray[10]' (rtl\axi_frame.v:26) (merged to equivalence)
'u_core/u_net/u_l0/u_rq/c_hi[0]' (rtl\requant.v:83) (merged to equivalence)
'u_core/u_net/u_l0/u_rq/b2[32]' (rtl\requant.v:97) (merged to equivalence)
'u_core/u_net/u_l0/u_rq/b2[33]' (rtl\requant.v:97) (merged to equivalence)
'u_core/u_net/u_l0/u_rq/b2[34]' (rtl\requant.v:97) (merged to equivalence)
'u_core/u_net/u_l0/u_rq/b2[35]' (rtl\requant.v:97) (merged to equivalence)
'u_core/u_net/u_l0/u_rq/b2[36]' (rtl\requant.v:97) (merged to equivalence)
'u_core/u_net/u_l0/u_rq/b2[37]' (rtl\requant.v:97) (merged to equivalence)
'u_core/u_net/u_l0/u_rq/b2[38]' (rtl\requant.v:97) (merged to equivalence)
'u_core/u_net/u_l0/u_rq/b2[39]' (rtl\requant.v:97) (merged to equivalence)
'u_core/u_net/u_l0/u_rq/c_hi[1]' (rtl\requant.v:83) (merged to equivalence)
'u_core/u_net/u_l0/u_rq/c_hi[2]' (rtl\requant.v:83) (merged to equivalence)
'u_core/u_net/u_l0/u_rq/c_hi[3]' (rtl\requant.v:83) (merged to equivalence)
'u_core/u_net/u_l0/u_rq/c_hi[4]' (rtl\requant.v:83) (merged to equivalence)
'u_core/u_net/u_l0/u_rq/c_hi[5]' (rtl\requant.v:83) (merged to equivalence)
'u_core/u_net/u_l0/u_rq/c_hi[6]' (rtl\requant.v:83) (merged to equivalence)
'u_core/u_net/u_l0/u_rq/c_hi[7]' (rtl\requant.v:83) (merged to equivalence)
'u_core/u_net/u_l0/u_rq/c_hi[8]' (rtl\requant.v:83) (merged to equivalence)
'u_core/u_net/u_l0/u_rq/c_hi[9]' (rtl\requant.v:83) (merged to equivalence)
'u_core/u_net/u_l0/u_rq/c_hi[10]' (rtl\requant.v:83) (merged to equivalence)
'u_core/u_net/u_l0/u_rq/c_hi[11]' (rtl\requant.v:83) (merged to equivalence)
'u_core/u_net/u_l0/u_rq/c_hi[12]' (rtl\requant.v:83) (merged to equivalence)
'u_core/u_net/u_l0/u_rq/c_hi[13]' (rtl\requant.v:83) (merged to equivalence)
'u_core/u_net/u_l0/u_rq/c_hi[14]' (rtl\requant.v:83) (merged to equivalence)
'u_core/u_net/u_l0/u_rq/c_hi[15]' (rtl\requant.v:83) (merged to equivalence)
'u_core/u_net/u_l0/u_rq/c_hi[16]' (rtl\requant.v:83) (merged to equivalence)
'u_core/u_net/u_l0/u_rq/c_hi[17]' (rtl\requant.v:83) (merged to equivalence)
'u_core/u_net/u_l0/u_rq/c_hi[18]' (rtl\requant.v:83) (merged to equivalence)
'u_core/u_net/u_l0/u_rq/p2[37]' (rtl\requant.v:97) (merged to equivalence)
'u_core/u_net/u_l0/u_rq/p2[38]' (rtl\requant.v:97) (merged to equivalence)
'u_core/u_net/u_l0/u_rq/p2[39]' (rtl\requant.v:97) (merged to equivalence)
'u_core/u_net/u_l1/u_rq/c_hi[0]' (rtl\requant.v:83) (merged to equivalence)
'u_core/u_net/u_l1/u_rq/b2[33]' (rtl\requant.v:97) (merged to equivalence)
'u_core/u_net/u_l1/u_rq/b2[34]' (rtl\requant.v:97) (merged to equivalence)
'u_core/u_net/u_l1/u_rq/b2[35]' (rtl\requant.v:97) (merged to equivalence)
'u_core/u_net/u_l1/u_rq/b2[36]' (rtl\requant.v:97) (merged to equivalence)
'u_core/u_net/u_l1/u_rq/b2[37]' (rtl\requant.v:97) (merged to equivalence)
'u_core/u_net/u_l1/u_rq/b2[38]' (rtl\requant.v:97) (merged to equivalence)
'u_core/u_net/u_l1/u_rq/b2[39]' (rtl\requant.v:97) (merged to equivalence)
'u_core/u_net/u_l1/u_rq/c_hi[1]' (rtl\requant.v:83) (merged to equivalence)
'u_core/u_net/u_l1/u_rq/c_hi[2]' (rtl\requant.v:83) (merged to equivalence)
'u_core/u_net/u_l1/u_rq/c_hi[3]' (rtl\requant.v:83) (merged to equivalence)
'u_core/u_net/u_l1/u_rq/c_hi[4]' (rtl\requant.v:83) (merged to equivalence)
'u_core/u_net/u_l1/u_rq/c_hi[5]' (rtl\requant.v:83) (merged to equivalence)
'u_core/u_net/u_l1/u_rq/c_hi[6]' (rtl\requant.v:83) (merged to equivalence)
'u_core/u_net/u_l1/u_rq/c_hi[7]' (rtl\requant.v:83) (merged to equivalence)
'u_core/u_net/u_l1/u_rq/c_hi[8]' (rtl\requant.v:83) (merged to equivalence)
'u_core/u_net/u_l1/u_rq/c_hi[9]' (rtl\requant.v:83) (merged to equivalence)
'u_core/u_net/u_l1/u_rq/c_hi[10]' (rtl\requant.v:83) (merged to equivalence)
'u_core/u_net/u_l1/u_rq/c_hi[11]' (rtl\requant.v:83) (merged to equivalence)
'u_core/u_net/u_l1/u_rq/c_hi[12]' (rtl\requant.v:83) (merged to equivalence)
'u_core/u_net/u_l1/u_rq/c_hi[13]' (rtl\requant.v:83) (merged to equivalence)
'u_core/u_net/u_l1/u_rq/c_hi[14]' (rtl\requant.v:83) (merged to equivalence)
'u_core/u_net/u_l1/u_rq/c_hi[15]' (rtl\requant.v:83) (merged to equivalence)
'u_core/u_net/u_l1/u_rq/c_hi[16]' (rtl\requant.v:83) (merged to equivalence)
'u_core/u_net/u_l1/u_rq/c_hi[17]' (rtl\requant.v:83) (merged to equivalence)
'u_core/u_net/u_l1/u_rq/c_hi[18]' (rtl\requant.v:83) (merged to equivalence)
'u_core/u_net/u_l1/u_rq/p2[37]' (rtl\requant.v:97) (merged to equivalence)
'u_core/u_net/u_l1/u_rq/p2[38]' (rtl\requant.v:97) (merged to equivalence)
'u_core/u_net/u_l1/u_rq/p2[39]' (rtl\requant.v:97) (merged to equivalence)
'u_core/u_net/u_l2/u_rq/c_hi[0]' (rtl\requant.v:83) (merged to equivalence)
'u_core/u_net/u_l2/u_rq/b2[29]' (rtl\requant.v:97) (merged to equivalence)
'u_core/u_net/u_l2/u_rq/b2[30]' (rtl\requant.v:97) (merged to equivalence)
'u_core/u_net/u_l2/u_rq/b2[31]' (rtl\requant.v:97) (merged to equivalence)
'u_core/u_net/u_l2/u_rq/b2[32]' (rtl\requant.v:97) (merged to equivalence)
'u_core/u_net/u_l2/u_rq/b2[33]' (rtl\requant.v:97) (merged to equivalence)
'u_core/u_net/u_l2/u_rq/b2[34]' (rtl\requant.v:97) (merged to equivalence)
'u_core/u_net/u_l2/u_rq/b2[35]' (rtl\requant.v:97) (merged to equivalence)
'u_core/u_net/u_l2/u_rq/b2[36]' (rtl\requant.v:97) (merged to equivalence)
'u_core/u_net/u_l2/u_rq/b2[37]' (rtl\requant.v:97) (merged to equivalence)
'u_core/u_net/u_l2/u_rq/b2[38]' (rtl\requant.v:97) (merged to equivalence)
'u_core/u_net/u_l2/u_rq/b2[39]' (rtl\requant.v:97) (merged to equivalence)
'u_core/u_net/u_l2/u_rq/c_hi[1]' (rtl\requant.v:83) (merged to equivalence)
'u_core/u_net/u_l2/u_rq/c_hi[2]' (rtl\requant.v:83) (merged to equivalence)
'u_core/u_net/u_l2/u_rq/c_hi[3]' (rtl\requant.v:83) (merged to equivalence)
'u_core/u_net/u_l2/u_rq/c_hi[4]' (rtl\requant.v:83) (merged to equivalence)
'u_core/u_net/u_l2/u_rq/c_hi[5]' (rtl\requant.v:83) (merged to equivalence)
'u_core/u_net/u_l2/u_rq/c_hi[6]' (rtl\requant.v:83) (merged to equivalence)
'u_core/u_net/u_l2/u_rq/c_hi[7]' (rtl\requant.v:83) (merged to equivalence)
'u_core/u_net/u_l2/u_rq/c_hi[8]' (rtl\requant.v:83) (merged to equivalence)
'u_core/u_net/u_l2/u_rq/c_hi[9]' (rtl\requant.v:83) (merged to equivalence)
'u_core/u_net/u_l2/u_rq/c_hi[10]' (rtl\requant.v:83) (merged to equivalence)
'u_core/u_net/u_l2/u_rq/c_hi[11]' (rtl\requant.v:83) (merged to equivalence)
'u_core/u_net/u_l2/u_rq/c_hi[12]' (rtl\requant.v:83) (merged to equivalence)
'u_core/u_net/u_l2/u_rq/c_hi[13]' (rtl\requant.v:83) (merged to equivalence)
'u_core/u_net/u_l2/u_rq/c_hi[14]' (rtl\requant.v:83) (merged to equivalence)
'u_core/u_net/u_l2/u_rq/c_hi[15]' (rtl\requant.v:83) (merged to equivalence)
'u_core/u_net/u_l2/u_rq/c_hi[16]' (rtl\requant.v:83) (merged to equivalence)
'u_core/u_net/u_l2/u_rq/c_hi[17]' (rtl\requant.v:83) (merged to equivalence)
'u_core/u_net/u_l2/u_rq/c_hi[18]' (rtl\requant.v:83) (merged to equivalence)
'u_core/u_net/u_l2/u_rq/p2[37]' (rtl\requant.v:97) (merged to equivalence)
'u_core/u_net/u_l2/u_rq/p2[38]' (rtl\requant.v:97) (merged to equivalence)
'u_core/u_net/u_l2/u_rq/p2[39]' (rtl\requant.v:97) (merged to equivalence)
'u_core/u_net/u_l3/u_rq/k2[27]' (rtl\requant.v:97) (merged to equivalence)
'u_core/u_net/u_l3/u_rq/k2[28]' (rtl\requant.v:97) (merged to equivalence)
'u_core/u_net/u_l3/u_rq/k2[29]' (rtl\requant.v:97) (merged to equivalence)
'u_core/u_net/u_l3/u_rq/k2[30]' (rtl\requant.v:97) (merged to equivalence)
'u_core/u_net/u_l3/u_rq/k2[31]' (rtl\requant.v:97) (merged to equivalence)
'u_core/u_net/u_l3/u_rq/k2[32]' (rtl\requant.v:97) (merged to equivalence)
'u_core/u_net/u_l3/u_rq/k2[33]' (rtl\requant.v:97) (merged to equivalence)
'u_core/u_net/u_l3/u_rq/k2[34]' (rtl\requant.v:97) (merged to equivalence)
'u_core/u_net/u_l3/u_rq/k2[35]' (rtl\requant.v:97) (merged to equivalence)
'u_core/u_net/u_l3/u_rq/k2[36]' (rtl\requant.v:97) (merged to equivalence)
'u_core/u_net/u_l3/u_rq/k2[37]' (rtl\requant.v:97) (merged to equivalence)
'u_core/u_net/u_l3/u_rq/k2[38]' (rtl\requant.v:97) (merged to equivalence)
'u_core/u_net/u_l3/u_rq/k2[39]' (rtl\requant.v:97) (merged to equivalence)
'u_core/u_net/u_l3/u_rq/c_hi[0]' (rtl\requant.v:83) (merged to equivalence)
'u_core/u_net/u_l3/u_rq/b2[29]' (rtl\requant.v:97) (merged to equivalence)
'u_core/u_net/u_l3/u_rq/b2[30]' (rtl\requant.v:97) (merged to equivalence)
'u_core/u_net/u_l3/u_rq/b2[31]' (rtl\requant.v:97) (merged to equivalence)
'u_core/u_net/u_l3/u_rq/b2[32]' (rtl\requant.v:97) (merged to equivalence)
'u_core/u_net/u_l3/u_rq/b2[33]' (rtl\requant.v:97) (merged to equivalence)
'u_core/u_net/u_l3/u_rq/b2[34]' (rtl\requant.v:97) (merged to equivalence)
'u_core/u_net/u_l3/u_rq/b2[35]' (rtl\requant.v:97) (merged to equivalence)
'u_core/u_net/u_l3/u_rq/b2[36]' (rtl\requant.v:97) (merged to equivalence)
'u_core/u_net/u_l3/u_rq/b2[37]' (rtl\requant.v:97) (merged to equivalence)
'u_core/u_net/u_l3/u_rq/b2[38]' (rtl\requant.v:97) (merged to equivalence)
'u_core/u_net/u_l3/u_rq/b2[39]' (rtl\requant.v:97) (merged to equivalence)
'u_core/u_net/u_l3/u_rq/c_hi[1]' (rtl\requant.v:83) (merged to equivalence)
'u_core/u_net/u_l3/u_rq/c_hi[2]' (rtl\requant.v:83) (merged to equivalence)
'u_core/u_net/u_l3/u_rq/c_hi[3]' (rtl\requant.v:83) (merged to equivalence)
'u_core/u_net/u_l3/u_rq/c_hi[4]' (rtl\requant.v:83) (merged to equivalence)
'u_core/u_net/u_l3/u_rq/c_hi[5]' (rtl\requant.v:83) (merged to equivalence)
'u_core/u_net/u_l3/u_rq/c_hi[6]' (rtl\requant.v:83) (merged to equivalence)
'u_core/u_net/u_l3/u_rq/c_hi[7]' (rtl\requant.v:83) (merged to equivalence)
'u_core/u_net/u_l3/u_rq/c_hi[8]' (rtl\requant.v:83) (merged to equivalence)
'u_core/u_net/u_l3/u_rq/c_hi[9]' (rtl\requant.v:83) (merged to equivalence)
'u_core/u_net/u_l3/u_rq/c_hi[10]' (rtl\requant.v:83) (merged to equivalence)
'u_core/u_net/u_l3/u_rq/c_hi[11]' (rtl\requant.v:83) (merged to equivalence)
'u_core/u_net/u_l3/u_rq/c_hi[12]' (rtl\requant.v:83) (merged to equivalence)
'u_core/u_net/u_l3/u_rq/c_hi[13]' (rtl\requant.v:83) (merged to equivalence)
'u_core/u_net/u_l3/u_rq/c_hi[14]' (rtl\requant.v:83) (merged to equivalence)
'u_core/u_net/u_l3/u_rq/c_hi[15]' (rtl\requant.v:83) (merged to equivalence)
'u_core/u_net/u_l3/u_rq/c_hi[16]' (rtl\requant.v:83) (merged to equivalence)
'u_core/u_net/u_l3/u_rq/c_hi[17]' (rtl\requant.v:83) (merged to equivalence)
'u_core/u_net/u_l3/u_rq/c_hi[18]' (rtl\requant.v:83) (merged to equivalence)
'u_core/u_net/u_l3/u_rq/p2[37]' (rtl\requant.v:97) (merged to equivalence)
'u_core/u_net/u_l3/u_rq/p2[38]' (rtl\requant.v:97) (merged to equivalence)
'u_core/u_net/u_l3/u_rq/p2[39]' (rtl\requant.v:97) (merged to equivalence)
'u_core/u_net/u_l4/u_rq/c_hi[0]' (rtl\requant.v:83) (merged to equivalence)
'u_core/u_net/u_l4/u_rq/b2[31]' (rtl\requant.v:97) (merged to equivalence)
'u_core/u_net/u_l4/u_rq/b2[32]' (rtl\requant.v:97) (merged to equivalence)
'u_core/u_net/u_l4/u_rq/b2[33]' (rtl\requant.v:97) (merged to equivalence)
'u_core/u_net/u_l4/u_rq/b2[34]' (rtl\requant.v:97) (merged to equivalence)
'u_core/u_net/u_l4/u_rq/b2[35]' (rtl\requant.v:97) (merged to equivalence)
'u_core/u_net/u_l4/u_rq/b2[36]' (rtl\requant.v:97) (merged to equivalence)
'u_core/u_net/u_l4/u_rq/b2[37]' (rtl\requant.v:97) (merged to equivalence)
'u_core/u_net/u_l4/u_rq/b2[38]' (rtl\requant.v:97) (merged to equivalence)
'u_core/u_net/u_l4/u_rq/b2[39]' (rtl\requant.v:97) (merged to equivalence)
'u_core/u_net/u_l4/u_rq/c_hi[1]' (rtl\requant.v:83) (merged to equivalence)
'u_core/u_net/u_l4/u_rq/c_hi[2]' (rtl\requant.v:83) (merged to equivalence)
'u_core/u_net/u_l4/u_rq/c_hi[3]' (rtl\requant.v:83) (merged to equivalence)
'u_core/u_net/u_l4/u_rq/c_hi[4]' (rtl\requant.v:83) (merged to equivalence)
'u_core/u_net/u_l4/u_rq/c_hi[5]' (rtl\requant.v:83) (merged to equivalence)
'u_core/u_net/u_l4/u_rq/c_hi[6]' (rtl\requant.v:83) (merged to equivalence)
'u_core/u_net/u_l4/u_rq/c_hi[7]' (rtl\requant.v:83) (merged to equivalence)
'u_core/u_net/u_l4/u_rq/c_hi[8]' (rtl\requant.v:83) (merged to equivalence)
'u_core/u_net/u_l4/u_rq/c_hi[9]' (rtl\requant.v:83) (merged to equivalence)
'u_core/u_net/u_l4/u_rq/c_hi[10]' (rtl\requant.v:83) (merged to equivalence)
'u_core/u_net/u_l4/u_rq/c_hi[11]' (rtl\requant.v:83) (merged to equivalence)
'u_core/u_net/u_l4/u_rq/c_hi[12]' (rtl\requant.v:83) (merged to equivalence)
'u_core/u_net/u_l4/u_rq/c_hi[13]' (rtl\requant.v:83) (merged to equivalence)
'u_core/u_net/u_l4/u_rq/c_hi[14]' (rtl\requant.v:83) (merged to equivalence)
'u_core/u_net/u_l4/u_rq/c_hi[15]' (rtl\requant.v:83) (merged to equivalence)
'u_core/u_net/u_l4/u_rq/c_hi[16]' (rtl\requant.v:83) (merged to equivalence)
'u_core/u_net/u_l4/u_rq/c_hi[17]' (rtl\requant.v:83) (merged to equivalence)
'u_core/u_net/u_l4/u_rq/c_hi[18]' (rtl\requant.v:83) (merged to equivalence)
'u_core/u_net/u_l4/u_rq/p2[37]' (rtl\requant.v:97) (merged to equivalence)
'u_core/u_net/u_l4/u_rq/p2[38]' (rtl\requant.v:97) (merged to equivalence)
'u_core/u_net/u_l4/u_rq/p2[39]' (rtl\requant.v:97) (merged to equivalence)
'u_core/u_net/u_l5/u_rq/k2[27]' (rtl\requant.v:97) (merged to equivalence)
'u_core/u_net/u_l5/u_rq/k2[28]' (rtl\requant.v:97) (merged to equivalence)
'u_core/u_net/u_l5/u_rq/k2[29]' (rtl\requant.v:97) (merged to equivalence)
'u_core/u_net/u_l5/u_rq/k2[30]' (rtl\requant.v:97) (merged to equivalence)
'u_core/u_net/u_l5/u_rq/k2[31]' (rtl\requant.v:97) (merged to equivalence)
'u_core/u_net/u_l5/u_rq/k2[32]' (rtl\requant.v:97) (merged to equivalence)
'u_core/u_net/u_l5/u_rq/k2[33]' (rtl\requant.v:97) (merged to equivalence)
'u_core/u_net/u_l5/u_rq/k2[34]' (rtl\requant.v:97) (merged to equivalence)
'u_core/u_net/u_l5/u_rq/k2[35]' (rtl\requant.v:97) (merged to equivalence)
'u_core/u_net/u_l5/u_rq/k2[36]' (rtl\requant.v:97) (merged to equivalence)
'u_core/u_net/u_l5/u_rq/k2[37]' (rtl\requant.v:97) (merged to equivalence)
'u_core/u_net/u_l5/u_rq/k2[38]' (rtl\requant.v:97) (merged to equivalence)
'u_core/u_net/u_l5/u_rq/k2[39]' (rtl\requant.v:97) (merged to equivalence)
'u_core/u_net/u_l5/u_rq/c_hi[0]' (rtl\requant.v:83) (merged to equivalence)
'u_core/u_net/u_l5/u_rq/b2[29]' (rtl\requant.v:97) (merged to equivalence)
'u_core/u_net/u_l5/u_rq/b2[30]' (rtl\requant.v:97) (merged to equivalence)
'u_core/u_net/u_l5/u_rq/b2[31]' (rtl\requant.v:97) (merged to equivalence)
'u_core/u_net/u_l5/u_rq/b2[32]' (rtl\requant.v:97) (merged to equivalence)
'u_core/u_net/u_l5/u_rq/b2[33]' (rtl\requant.v:97) (merged to equivalence)
'u_core/u_net/u_l5/u_rq/b2[34]' (rtl\requant.v:97) (merged to equivalence)
'u_core/u_net/u_l5/u_rq/b2[35]' (rtl\requant.v:97) (merged to equivalence)
'u_core/u_net/u_l5/u_rq/b2[36]' (rtl\requant.v:97) (merged to equivalence)
'u_core/u_net/u_l5/u_rq/b2[37]' (rtl\requant.v:97) (merged to equivalence)
'u_core/u_net/u_l5/u_rq/b2[38]' (rtl\requant.v:97) (merged to equivalence)
'u_core/u_net/u_l5/u_rq/b2[39]' (rtl\requant.v:97) (merged to equivalence)
'u_core/u_net/u_l5/u_rq/c_hi[1]' (rtl\requant.v:83) (merged to equivalence)
'u_core/u_net/u_l5/u_rq/c_hi[2]' (rtl\requant.v:83) (merged to equivalence)
'u_core/u_net/u_l5/u_rq/c_hi[3]' (rtl\requant.v:83) (merged to equivalence)
'u_core/u_net/u_l5/u_rq/c_hi[4]' (rtl\requant.v:83) (merged to equivalence)
'u_core/u_net/u_l5/u_rq/c_hi[5]' (rtl\requant.v:83) (merged to equivalence)
'u_core/u_net/u_l5/u_rq/c_hi[6]' (rtl\requant.v:83) (merged to equivalence)
'u_core/u_net/u_l5/u_rq/c_hi[7]' (rtl\requant.v:83) (merged to equivalence)
'u_core/u_net/u_l5/u_rq/c_hi[8]' (rtl\requant.v:83) (merged to equivalence)
'u_core/u_net/u_l5/u_rq/c_hi[9]' (rtl\requant.v:83) (merged to equivalence)
'u_core/u_net/u_l5/u_rq/c_hi[10]' (rtl\requant.v:83) (merged to equivalence)
'u_core/u_net/u_l5/u_rq/c_hi[11]' (rtl\requant.v:83) (merged to equivalence)
'u_core/u_net/u_l5/u_rq/c_hi[12]' (rtl\requant.v:83) (merged to equivalence)
'u_core/u_net/u_l5/u_rq/c_hi[13]' (rtl\requant.v:83) (merged to equivalence)
'u_core/u_net/u_l5/u_rq/c_hi[14]' (rtl\requant.v:83) (merged to equivalence)
'u_core/u_net/u_l5/u_rq/c_hi[15]' (rtl\requant.v:83) (merged to equivalence)
'u_core/u_net/u_l5/u_rq/c_hi[16]' (rtl\requant.v:83) (merged to equivalence)
'u_core/u_net/u_l5/u_rq/c_hi[17]' (rtl\requant.v:83) (merged to equivalence)
'u_core/u_net/u_l5/u_rq/c_hi[18]' (rtl\requant.v:83) (merged to equivalence)
'u_core/u_net/u_l5/u_rq/p2[37]' (rtl\requant.v:97) (merged to equivalence)
'u_core/u_net/u_l5/u_rq/p2[38]' (rtl\requant.v:97) (merged to equivalence)
'u_core/u_net/u_l5/u_rq/p2[39]' (rtl\requant.v:97) (merged to equivalence)
'u_core/u_net/u_l6/u_rq/c_hi[0]' (rtl\requant.v:83) (merged to equivalence)
'u_core/u_net/u_l6/u_rq/b2[30]' (rtl\requant.v:97) (merged to equivalence)
'u_core/u_net/u_l6/u_rq/b2[31]' (rtl\requant.v:97) (merged to equivalence)
'u_core/u_net/u_l6/u_rq/b2[32]' (rtl\requant.v:97) (merged to equivalence)
'u_core/u_net/u_l6/u_rq/b2[33]' (rtl\requant.v:97) (merged to equivalence)
'u_core/u_net/u_l6/u_rq/b2[34]' (rtl\requant.v:97) (merged to equivalence)
'u_core/u_net/u_l6/u_rq/b2[35]' (rtl\requant.v:97) (merged to equivalence)
'u_core/u_net/u_l6/u_rq/b2[36]' (rtl\requant.v:97) (merged to equivalence)
'u_core/u_net/u_l6/u_rq/b2[37]' (rtl\requant.v:97) (merged to equivalence)
'u_core/u_net/u_l6/u_rq/b2[38]' (rtl\requant.v:97) (merged to equivalence)
'u_core/u_net/u_l6/u_rq/b2[39]' (rtl\requant.v:97) (merged to equivalence)
'u_core/u_net/u_l6/u_rq/c_hi[1]' (rtl\requant.v:83) (merged to equivalence)
'u_core/u_net/u_l6/u_rq/c_hi[2]' (rtl\requant.v:83) (merged to equivalence)
'u_core/u_net/u_l6/u_rq/c_hi[3]' (rtl\requant.v:83) (merged to equivalence)
'u_core/u_net/u_l6/u_rq/c_hi[4]' (rtl\requant.v:83) (merged to equivalence)
'u_core/u_net/u_l6/u_rq/c_hi[5]' (rtl\requant.v:83) (merged to equivalence)
'u_core/u_net/u_l6/u_rq/c_hi[6]' (rtl\requant.v:83) (merged to equivalence)
'u_core/u_net/u_l6/u_rq/c_hi[7]' (rtl\requant.v:83) (merged to equivalence)
'u_core/u_net/u_l6/u_rq/c_hi[8]' (rtl\requant.v:83) (merged to equivalence)
'u_core/u_net/u_l6/u_rq/c_hi[9]' (rtl\requant.v:83) (merged to equivalence)
'u_core/u_net/u_l6/u_rq/c_hi[10]' (rtl\requant.v:83) (merged to equivalence)
'u_core/u_net/u_l6/u_rq/c_hi[11]' (rtl\requant.v:83) (merged to equivalence)
'u_core/u_net/u_l6/u_rq/c_hi[12]' (rtl\requant.v:83) (merged to equivalence)
'u_core/u_net/u_l6/u_rq/c_hi[13]' (rtl\requant.v:83) (merged to equivalence)
'u_core/u_net/u_l6/u_rq/c_hi[14]' (rtl\requant.v:83) (merged to equivalence)
'u_core/u_net/u_l6/u_rq/c_hi[15]' (rtl\requant.v:83) (merged to equivalence)
'u_core/u_net/u_l6/u_rq/c_hi[16]' (rtl\requant.v:83) (merged to equivalence)
'u_core/u_net/u_l6/u_rq/c_hi[17]' (rtl\requant.v:83) (merged to equivalence)
'u_core/u_net/u_l6/u_rq/c_hi[18]' (rtl\requant.v:83) (merged to equivalence)
'u_core/u_net/u_l6/u_rq/p2[37]' (rtl\requant.v:97) (merged to equivalence)
'u_core/u_net/u_l6/u_rq/p2[38]' (rtl\requant.v:97) (merged to equivalence)
'u_core/u_net/u_l6/u_rq/p2[39]' (rtl\requant.v:97) (merged to equivalence)
'u_core/u_net/u_l7/u_rq/k2[27]' (rtl\requant.v:97) (merged to equivalence)
'u_core/u_net/u_l7/u_rq/k2[28]' (rtl\requant.v:97) (merged to equivalence)
'u_core/u_net/u_l7/u_rq/k2[29]' (rtl\requant.v:97) (merged to equivalence)
'u_core/u_net/u_l7/u_rq/k2[30]' (rtl\requant.v:97) (merged to equivalence)
'u_core/u_net/u_l7/u_rq/k2[31]' (rtl\requant.v:97) (merged to equivalence)
'u_core/u_net/u_l7/u_rq/k2[32]' (rtl\requant.v:97) (merged to equivalence)
'u_core/u_net/u_l7/u_rq/k2[33]' (rtl\requant.v:97) (merged to equivalence)
'u_core/u_net/u_l7/u_rq/k2[34]' (rtl\requant.v:97) (merged to equivalence)
'u_core/u_net/u_l7/u_rq/k2[35]' (rtl\requant.v:97) (merged to equivalence)
'u_core/u_net/u_l7/u_rq/k2[36]' (rtl\requant.v:97) (merged to equivalence)
'u_core/u_net/u_l7/u_rq/k2[37]' (rtl\requant.v:97) (merged to equivalence)
'u_core/u_net/u_l7/u_rq/k2[38]' (rtl\requant.v:97) (merged to equivalence)
'u_core/u_net/u_l7/u_rq/k2[39]' (rtl\requant.v:97) (merged to equivalence)
'u_core/u_net/u_l7/u_rq/c_hi[0]' (rtl\requant.v:83) (merged to equivalence)
'u_core/u_net/u_l7/u_rq/b2[29]' (rtl\requant.v:97) (merged to equivalence)
'u_core/u_net/u_l7/u_rq/b2[30]' (rtl\requant.v:97) (merged to equivalence)
'u_core/u_net/u_l7/u_rq/b2[31]' (rtl\requant.v:97) (merged to equivalence)
'u_core/u_net/u_l7/u_rq/b2[32]' (rtl\requant.v:97) (merged to equivalence)
'u_core/u_net/u_l7/u_rq/b2[33]' (rtl\requant.v:97) (merged to equivalence)
'u_core/u_net/u_l7/u_rq/b2[34]' (rtl\requant.v:97) (merged to equivalence)
'u_core/u_net/u_l7/u_rq/b2[35]' (rtl\requant.v:97) (merged to equivalence)
'u_core/u_net/u_l7/u_rq/b2[36]' (rtl\requant.v:97) (merged to equivalence)
'u_core/u_net/u_l7/u_rq/b2[37]' (rtl\requant.v:97) (merged to equivalence)
'u_core/u_net/u_l7/u_rq/b2[38]' (rtl\requant.v:97) (merged to equivalence)
'u_core/u_net/u_l7/u_rq/b2[39]' (rtl\requant.v:97) (merged to equivalence)
'u_core/u_net/u_l7/u_rq/c_hi[1]' (rtl\requant.v:83) (merged to equivalence)
'u_core/u_net/u_l7/u_rq/c_hi[2]' (rtl\requant.v:83) (merged to equivalence)
'u_core/u_net/u_l7/u_rq/c_hi[3]' (rtl\requant.v:83) (merged to equivalence)
'u_core/u_net/u_l7/u_rq/c_hi[4]' (rtl\requant.v:83) (merged to equivalence)
'u_core/u_net/u_l7/u_rq/c_hi[5]' (rtl\requant.v:83) (merged to equivalence)
'u_core/u_net/u_l7/u_rq/c_hi[6]' (rtl\requant.v:83) (merged to equivalence)
'u_core/u_net/u_l7/u_rq/c_hi[7]' (rtl\requant.v:83) (merged to equivalence)
'u_core/u_net/u_l7/u_rq/c_hi[8]' (rtl\requant.v:83) (merged to equivalence)
'u_core/u_net/u_l7/u_rq/c_hi[9]' (rtl\requant.v:83) (merged to equivalence)
'u_core/u_net/u_l7/u_rq/c_hi[10]' (rtl\requant.v:83) (merged to equivalence)
'u_core/u_net/u_l7/u_rq/c_hi[11]' (rtl\requant.v:83) (merged to equivalence)
'u_core/u_net/u_l7/u_rq/c_hi[12]' (rtl\requant.v:83) (merged to equivalence)
'u_core/u_net/u_l7/u_rq/c_hi[13]' (rtl\requant.v:83) (merged to equivalence)
'u_core/u_net/u_l7/u_rq/c_hi[14]' (rtl\requant.v:83) (merged to equivalence)
'u_core/u_net/u_l7/u_rq/c_hi[15]' (rtl\requant.v:83) (merged to equivalence)
'u_core/u_net/u_l7/u_rq/c_hi[16]' (rtl\requant.v:83) (merged to equivalence)
'u_core/u_net/u_l7/u_rq/c_hi[17]' (rtl\requant.v:83) (merged to equivalence)
'u_core/u_net/u_l7/u_rq/c_hi[18]' (rtl\requant.v:83) (merged to equivalence)
'u_core/u_net/u_l7/u_rq/p2[37]' (rtl\requant.v:97) (merged to equivalence)
'u_core/u_net/u_l7/u_rq/p2[38]' (rtl\requant.v:97) (merged to equivalence)
'u_core/u_net/u_l7/u_rq/p2[39]' (rtl\requant.v:97) (merged to equivalence)
'u_core/u_net/u_l8/u_rq/c_hi[0]' (rtl\requant.v:83) (merged to equivalence)
'u_core/u_net/u_l8/u_rq/b2[31]' (rtl\requant.v:97) (merged to equivalence)
'u_core/u_net/u_l8/u_rq/b2[32]' (rtl\requant.v:97) (merged to equivalence)
'u_core/u_net/u_l8/u_rq/b2[33]' (rtl\requant.v:97) (merged to equivalence)
'u_core/u_net/u_l8/u_rq/b2[34]' (rtl\requant.v:97) (merged to equivalence)
'u_core/u_net/u_l8/u_rq/b2[35]' (rtl\requant.v:97) (merged to equivalence)
'u_core/u_net/u_l8/u_rq/b2[36]' (rtl\requant.v:97) (merged to equivalence)
'u_core/u_net/u_l8/u_rq/b2[37]' (rtl\requant.v:97) (merged to equivalence)
'u_core/u_net/u_l8/u_rq/b2[38]' (rtl\requant.v:97) (merged to equivalence)
'u_core/u_net/u_l8/u_rq/b2[39]' (rtl\requant.v:97) (merged to equivalence)
'u_core/u_net/u_l8/u_rq/c_hi[1]' (rtl\requant.v:83) (merged to equivalence)
'u_core/u_net/u_l8/u_rq/c_hi[2]' (rtl\requant.v:83) (merged to equivalence)
'u_core/u_net/u_l8/u_rq/c_hi[3]' (rtl\requant.v:83) (merged to equivalence)
'u_core/u_net/u_l8/u_rq/c_hi[4]' (rtl\requant.v:83) (merged to equivalence)
'u_core/u_net/u_l8/u_rq/c_hi[5]' (rtl\requant.v:83) (merged to equivalence)
'u_core/u_net/u_l8/u_rq/c_hi[6]' (rtl\requant.v:83) (merged to equivalence)
'u_core/u_net/u_l8/u_rq/c_hi[7]' (rtl\requant.v:83) (merged to equivalence)
'u_core/u_net/u_l8/u_rq/c_hi[8]' (rtl\requant.v:83) (merged to equivalence)
'u_core/u_net/u_l8/u_rq/c_hi[9]' (rtl\requant.v:83) (merged to equivalence)
'u_core/u_net/u_l8/u_rq/c_hi[10]' (rtl\requant.v:83) (merged to equivalence)
'u_core/u_net/u_l8/u_rq/c_hi[11]' (rtl\requant.v:83) (merged to equivalence)
'u_core/u_net/u_l8/u_rq/c_hi[12]' (rtl\requant.v:83) (merged to equivalence)
'u_core/u_net/u_l8/u_rq/c_hi[13]' (rtl\requant.v:83) (merged to equivalence)
'u_core/u_net/u_l8/u_rq/c_hi[14]' (rtl\requant.v:83) (merged to equivalence)
'u_core/u_net/u_l8/u_rq/c_hi[15]' (rtl\requant.v:83) (merged to equivalence)
'u_core/u_net/u_l8/u_rq/c_hi[16]' (rtl\requant.v:83) (merged to equivalence)
'u_core/u_net/u_l8/u_rq/c_hi[17]' (rtl\requant.v:83) (merged to equivalence)
'u_core/u_net/u_l8/u_rq/c_hi[18]' (rtl\requant.v:83) (merged to equivalence)
'u_core/u_net/u_l8/u_rq/p2[37]' (rtl\requant.v:97) (merged to equivalence)
'u_core/u_net/u_l8/u_rq/p2[38]' (rtl\requant.v:97) (merged to equivalence)
'u_core/u_net/u_l8/u_rq/p2[39]' (rtl\requant.v:97) (merged to equivalence)
'u_core/u_net/u_l9/u_rq/k2[27]' (rtl\requant.v:97) (merged to equivalence)
'u_core/u_net/u_l9/u_rq/k2[28]' (rtl\requant.v:97) (merged to equivalence)
'u_core/u_net/u_l9/u_rq/k2[29]' (rtl\requant.v:97) (merged to equivalence)
'u_core/u_net/u_l9/u_rq/k2[30]' (rtl\requant.v:97) (merged to equivalence)
'u_core/u_net/u_l9/u_rq/k2[31]' (rtl\requant.v:97) (merged to equivalence)
'u_core/u_net/u_l9/u_rq/k2[32]' (rtl\requant.v:97) (merged to equivalence)
'u_core/u_net/u_l9/u_rq/k2[33]' (rtl\requant.v:97) (merged to equivalence)
'u_core/u_net/u_l9/u_rq/k2[34]' (rtl\requant.v:97) (merged to equivalence)
'u_core/u_net/u_l9/u_rq/k2[35]' (rtl\requant.v:97) (merged to equivalence)
'u_core/u_net/u_l9/u_rq/k2[36]' (rtl\requant.v:97) (merged to equivalence)
'u_core/u_net/u_l9/u_rq/k2[37]' (rtl\requant.v:97) (merged to equivalence)
'u_core/u_net/u_l9/u_rq/k2[38]' (rtl\requant.v:97) (merged to equivalence)
'u_core/u_net/u_l9/u_rq/k2[39]' (rtl\requant.v:97) (merged to equivalence)
'u_core/u_net/u_l9/u_rq/c_hi[0]' (rtl\requant.v:83) (merged to equivalence)
'u_core/u_net/u_l9/u_rq/b2[30]' (rtl\requant.v:97) (merged to equivalence)
'u_core/u_net/u_l9/u_rq/b2[31]' (rtl\requant.v:97) (merged to equivalence)
'u_core/u_net/u_l9/u_rq/b2[32]' (rtl\requant.v:97) (merged to equivalence)
'u_core/u_net/u_l9/u_rq/b2[33]' (rtl\requant.v:97) (merged to equivalence)
'u_core/u_net/u_l9/u_rq/b2[34]' (rtl\requant.v:97) (merged to equivalence)
'u_core/u_net/u_l9/u_rq/b2[35]' (rtl\requant.v:97) (merged to equivalence)
'u_core/u_net/u_l9/u_rq/b2[36]' (rtl\requant.v:97) (merged to equivalence)
'u_core/u_net/u_l9/u_rq/b2[37]' (rtl\requant.v:97) (merged to equivalence)
'u_core/u_net/u_l9/u_rq/b2[38]' (rtl\requant.v:97) (merged to equivalence)
'u_core/u_net/u_l9/u_rq/b2[39]' (rtl\requant.v:97) (merged to equivalence)
'u_core/u_net/u_l9/u_rq/c_hi[1]' (rtl\requant.v:83) (merged to equivalence)
'u_core/u_net/u_l9/u_rq/c_hi[2]' (rtl\requant.v:83) (merged to equivalence)
'u_core/u_net/u_l9/u_rq/c_hi[3]' (rtl\requant.v:83) (merged to equivalence)
'u_core/u_net/u_l9/u_rq/c_hi[4]' (rtl\requant.v:83) (merged to equivalence)
'u_core/u_net/u_l9/u_rq/c_hi[5]' (rtl\requant.v:83) (merged to equivalence)
'u_core/u_net/u_l9/u_rq/c_hi[6]' (rtl\requant.v:83) (merged to equivalence)
'u_core/u_net/u_l9/u_rq/c_hi[7]' (rtl\requant.v:83) (merged to equivalence)
'u_core/u_net/u_l9/u_rq/c_hi[8]' (rtl\requant.v:83) (merged to equivalence)
'u_core/u_net/u_l9/u_rq/c_hi[9]' (rtl\requant.v:83) (merged to equivalence)
'u_core/u_net/u_l9/u_rq/c_hi[10]' (rtl\requant.v:83) (merged to equivalence)
'u_core/u_net/u_l9/u_rq/c_hi[11]' (rtl\requant.v:83) (merged to equivalence)
'u_core/u_net/u_l9/u_rq/c_hi[12]' (rtl\requant.v:83) (merged to equivalence)
'u_core/u_net/u_l9/u_rq/c_hi[13]' (rtl\requant.v:83) (merged to equivalence)
'u_core/u_net/u_l9/u_rq/c_hi[14]' (rtl\requant.v:83) (merged to equivalence)
'u_core/u_net/u_l9/u_rq/c_hi[15]' (rtl\requant.v:83) (merged to equivalence)
'u_core/u_net/u_l9/u_rq/c_hi[16]' (rtl\requant.v:83) (merged to equivalence)
'u_core/u_net/u_l9/u_rq/c_hi[17]' (rtl\requant.v:83) (merged to equivalence)
'u_core/u_net/u_l9/u_rq/c_hi[18]' (rtl\requant.v:83) (merged to equivalence)
'u_core/u_net/u_l9/u_rq/p2[37]' (rtl\requant.v:97) (merged to equivalence)
'u_core/u_net/u_l9/u_rq/p2[38]' (rtl\requant.v:97) (merged to equivalence)
'u_core/u_net/u_l9/u_rq/p2[39]' (rtl\requant.v:97) (merged to equivalence)
'u_core/u_net/u_l10/u_rq/c_hi[0]' (rtl\requant.v:83) (merged to equivalence)
'u_core/u_net/u_l10/u_rq/b2[32]' (rtl\requant.v:97) (merged to equivalence)
'u_core/u_net/u_l10/u_rq/b2[33]' (rtl\requant.v:97) (merged to equivalence)
'u_core/u_net/u_l10/u_rq/b2[34]' (rtl\requant.v:97) (merged to equivalence)
'u_core/u_net/u_l10/u_rq/b2[35]' (rtl\requant.v:97) (merged to equivalence)
'u_core/u_net/u_l10/u_rq/b2[36]' (rtl\requant.v:97) (merged to equivalence)
'u_core/u_net/u_l10/u_rq/b2[37]' (rtl\requant.v:97) (merged to equivalence)
'u_core/u_net/u_l10/u_rq/b2[38]' (rtl\requant.v:97) (merged to equivalence)
'u_core/u_net/u_l10/u_rq/b2[39]' (rtl\requant.v:97) (merged to equivalence)
'u_core/u_net/u_l10/u_rq/c_hi[1]' (rtl\requant.v:83) (merged to equivalence)
'u_core/u_net/u_l10/u_rq/c_hi[2]' (rtl\requant.v:83) (merged to equivalence)
'u_core/u_net/u_l10/u_rq/c_hi[3]' (rtl\requant.v:83) (merged to equivalence)
'u_core/u_net/u_l10/u_rq/c_hi[4]' (rtl\requant.v:83) (merged to equivalence)
'u_core/u_net/u_l10/u_rq/c_hi[5]' (rtl\requant.v:83) (merged to equivalence)
'u_core/u_net/u_l10/u_rq/c_hi[6]' (rtl\requant.v:83) (merged to equivalence)
'u_core/u_net/u_l10/u_rq/c_hi[7]' (rtl\requant.v:83) (merged to equivalence)
'u_core/u_net/u_l10/u_rq/c_hi[8]' (rtl\requant.v:83) (merged to equivalence)
'u_core/u_net/u_l10/u_rq/c_hi[9]' (rtl\requant.v:83) (merged to equivalence)
'u_core/u_net/u_l10/u_rq/c_hi[10]' (rtl\requant.v:83) (merged to equivalence)
'u_core/u_net/u_l10/u_rq/c_hi[11]' (rtl\requant.v:83) (merged to equivalence)
'u_core/u_net/u_l10/u_rq/c_hi[12]' (rtl\requant.v:83) (merged to equivalence)
'u_core/u_net/u_l10/u_rq/c_hi[13]' (rtl\requant.v:83) (merged to equivalence)
'u_core/u_net/u_l10/u_rq/c_hi[14]' (rtl\requant.v:83) (merged to equivalence)
'u_core/u_net/u_l10/u_rq/c_hi[15]' (rtl\requant.v:83) (merged to equivalence)
'u_core/u_net/u_l10/u_rq/c_hi[16]' (rtl\requant.v:83) (merged to equivalence)
'u_core/u_net/u_l10/u_rq/c_hi[17]' (rtl\requant.v:83) (merged to equivalence)
'u_core/u_net/u_l10/u_rq/c_hi[18]' (rtl\requant.v:83) (merged to equivalence)
'u_core/u_net/u_l10/u_rq/p2[37]' (rtl\requant.v:97) (merged to equivalence)
'u_core/u_net/u_l10/u_rq/p2[38]' (rtl\requant.v:97) (merged to equivalence)
'u_core/u_net/u_l10/u_rq/p2[39]' (rtl\requant.v:97) (merged to equivalence)
'u_core/u_net/u_l11/u_rq/c_hi[0]' (rtl\requant.v:83) (merged to equivalence)
'u_core/u_net/u_l11/u_rq/b2[31]' (rtl\requant.v:97) (merged to equivalence)
'u_core/u_net/u_l11/u_rq/b2[32]' (rtl\requant.v:97) (merged to equivalence)
'u_core/u_net/u_l11/u_rq/b2[33]' (rtl\requant.v:97) (merged to equivalence)
'u_core/u_net/u_l11/u_rq/b2[34]' (rtl\requant.v:97) (merged to equivalence)
'u_core/u_net/u_l11/u_rq/b2[35]' (rtl\requant.v:97) (merged to equivalence)
'u_core/u_net/u_l11/u_rq/b2[36]' (rtl\requant.v:97) (merged to equivalence)
'u_core/u_net/u_l11/u_rq/b2[37]' (rtl\requant.v:97) (merged to equivalence)
'u_core/u_net/u_l11/u_rq/b2[38]' (rtl\requant.v:97) (merged to equivalence)
'u_core/u_net/u_l11/u_rq/b2[39]' (rtl\requant.v:97) (merged to equivalence)
'u_core/u_net/u_l11/u_rq/c_hi[1]' (rtl\requant.v:83) (merged to equivalence)
'u_core/u_net/u_l11/u_rq/c_hi[2]' (rtl\requant.v:83) (merged to equivalence)
'u_core/u_net/u_l11/u_rq/c_hi[3]' (rtl\requant.v:83) (merged to equivalence)
'u_core/u_net/u_l11/u_rq/c_hi[4]' (rtl\requant.v:83) (merged to equivalence)
'u_core/u_net/u_l11/u_rq/c_hi[5]' (rtl\requant.v:83) (merged to equivalence)
'u_core/u_net/u_l11/u_rq/c_hi[6]' (rtl\requant.v:83) (merged to equivalence)
'u_core/u_net/u_l11/u_rq/c_hi[7]' (rtl\requant.v:83) (merged to equivalence)
'u_core/u_net/u_l11/u_rq/c_hi[8]' (rtl\requant.v:83) (merged to equivalence)
'u_core/u_net/u_l11/u_rq/c_hi[9]' (rtl\requant.v:83) (merged to equivalence)
'u_core/u_net/u_l11/u_rq/c_hi[10]' (rtl\requant.v:83) (merged to equivalence)
'u_core/u_net/u_l11/u_rq/c_hi[11]' (rtl\requant.v:83) (merged to equivalence)
'u_core/u_net/u_l11/u_rq/c_hi[12]' (rtl\requant.v:83) (merged to equivalence)
'u_core/u_net/u_l11/u_rq/c_hi[13]' (rtl\requant.v:83) (merged to equivalence)
'u_core/u_net/u_l11/u_rq/c_hi[14]' (rtl\requant.v:83) (merged to equivalence)
'u_core/u_net/u_l11/u_rq/c_hi[15]' (rtl\requant.v:83) (merged to equivalence)
'u_core/u_net/u_l11/u_rq/c_hi[16]' (rtl\requant.v:83) (merged to equivalence)
'u_core/u_net/u_l11/u_rq/c_hi[17]' (rtl\requant.v:83) (merged to equivalence)
'u_core/u_net/u_l11/u_rq/c_hi[18]' (rtl\requant.v:83) (merged to equivalence)
'u_core/u_net/u_l11/u_rq/p2[37]' (rtl\requant.v:97) (merged to equivalence)
'u_core/u_net/u_l11/u_rq/p2[38]' (rtl\requant.v:97) (merged to equivalence)
'u_core/u_net/u_l11/u_rq/p2[39]' (rtl\requant.v:97) (merged to equivalence)
'u_core/u_mot/b_bx[0]' (rtl\motion_det.v:72) (merged to equivalence)
'u_core/u_mot/b_bx[1]' (rtl\motion_det.v:72) (merged to equivalence)
'u_core/u_mot/b_bx[2]' (rtl\motion_det.v:72) (merged to equivalence)
'u_core/cam_busy' (rtl\vision_core.v:141) (merged to equivalence)
'u_core/a_nn_v' (rtl\vision_core.v:224) (merged to equivalence)
'u_core/u_net/u_l12/u_rq/c_hi[0]' (rtl\requant.v:83) (merged to equivalence)
'u_core/u_net/u_l12/u_rq/b2[34]' (rtl\requant.v:97) (merged to equivalence)
'u_core/u_net/u_l12/u_rq/b2[35]' (rtl\requant.v:97) (merged to equivalence)
'u_core/u_net/u_l12/u_rq/b2[36]' (rtl\requant.v:97) (merged to equivalence)
'u_core/u_net/u_l12/u_rq/b2[37]' (rtl\requant.v:97) (merged to equivalence)
'u_core/u_net/u_l12/u_rq/b2[38]' (rtl\requant.v:97) (merged to equivalence)
'u_core/u_net/u_l12/u_rq/b2[39]' (rtl\requant.v:97) (merged to equivalence)
'u_core/u_net/u_l12/u_rq/c_hi[1]' (rtl\requant.v:83) (merged to equivalence)
'u_core/u_net/u_l12/u_rq/c_hi[2]' (rtl\requant.v:83) (merged to equivalence)
'u_core/u_net/u_l12/u_rq/c_hi[3]' (rtl\requant.v:83) (merged to equivalence)
'u_core/u_net/u_l12/u_rq/c_hi[4]' (rtl\requant.v:83) (merged to equivalence)
'u_core/u_net/u_l12/u_rq/c_hi[5]' (rtl\requant.v:83) (merged to equivalence)
'u_core/u_net/u_l12/u_rq/c_hi[6]' (rtl\requant.v:83) (merged to equivalence)
'u_core/u_net/u_l12/u_rq/c_hi[7]' (rtl\requant.v:83) (merged to equivalence)
'u_core/u_net/u_l12/u_rq/c_hi[8]' (rtl\requant.v:83) (merged to equivalence)
'u_core/u_net/u_l12/u_rq/c_hi[9]' (rtl\requant.v:83) (merged to equivalence)
'u_core/u_net/u_l12/u_rq/c_hi[10]' (rtl\requant.v:83) (merged to equivalence)
'u_core/u_net/u_l12/u_rq/c_hi[11]' (rtl\requant.v:83) (merged to equivalence)
'u_core/u_net/u_l12/u_rq/c_hi[12]' (rtl\requant.v:83) (merged to equivalence)
'u_core/u_net/u_l12/u_rq/c_hi[13]' (rtl\requant.v:83) (merged to equivalence)
'u_core/u_net/u_l12/u_rq/c_hi[14]' (rtl\requant.v:83) (merged to equivalence)
'u_core/u_net/u_l12/u_rq/c_hi[15]' (rtl\requant.v:83) (merged to equivalence)
'u_core/u_net/u_l12/u_rq/c_hi[16]' (rtl\requant.v:83) (merged to equivalence)
'u_core/u_net/u_l12/u_rq/c_hi[17]' (rtl\requant.v:83) (merged to equivalence)
'u_core/u_net/u_l12/u_rq/c_hi[18]' (rtl\requant.v:83) (merged to equivalence)
'u_core/u_net/u_l12/u_rq/p2[37]' (rtl\requant.v:97) (merged to equivalence)
'u_core/u_net/u_l12/u_rq/p2[38]' (rtl\requant.v:97) (merged to equivalence)
'u_core/u_net/u_l12/u_rq/p2[39]' (rtl\requant.v:97) (merged to equivalence)
'm_awlen[2]' (rtl\vision_top.v:59) (merged to equivalence)
'm_awlen[1]' (rtl\vision_top.v:59) (merged to equivalence)
'm_awlen[0]' (rtl\vision_top.v:59) (merged to equivalence)
'u_core/u_net/u_ps/x[8]_q' (rtl\conv_layer.v:138) (merged to equivalence)
'u_core/u_net/u_ps/x[7]_q' (rtl\conv_layer.v:138) (merged to equivalence)
'u_core/u_net/u_ps/x[6]_q' (rtl\conv_layer.v:138) (merged to equivalence)
'u_core/u_net/u_ps/x[5]_q' (rtl\conv_layer.v:138) (merged to equivalence)
'u_core/u_net/u_ps/x[4]_q' (rtl\conv_layer.v:138) (merged to equivalence)
'u_core/u_net/u_ps/x[3]_q' (rtl\conv_layer.v:138) (merged to equivalence)
'u_core/u_net/u_ps/x[2]_q' (rtl\conv_layer.v:138) (merged to equivalence)
'u_core/u_net/u_ps/x[1]_q' (rtl\conv_layer.v:138) (merged to equivalence)
'u_core/u_net/u_ps/x[0]_q' (rtl\conv_layer.v:138) (merged to equivalence)
'u_core/u_net/u_ps/x[8]_q_3' (rtl\conv_layer.v:138) (merged to equivalence)
'u_core/u_net/u_ps/x[7]_q_3' (rtl\conv_layer.v:138) (merged to equivalence)
'u_core/u_net/u_ps/x[6]_q_3' (rtl\conv_layer.v:138) (merged to equivalence)
'u_core/u_net/u_ps/x[5]_q_3' (rtl\conv_layer.v:138) (merged to equivalence)
'u_core/u_net/u_ps/x[4]_q_3' (rtl\conv_layer.v:138) (merged to equivalence)
'u_core/u_net/u_ps/x[3]_q_3' (rtl\conv_layer.v:138) (merged to equivalence)
'u_core/u_net/u_ps/x[2]_q_3' (rtl\conv_layer.v:138) (merged to equivalence)
'u_core/u_net/u_ps/x[1]_q_3' (rtl\conv_layer.v:138) (merged to equivalence)
'u_core/u_net/u_ps/x[0]_q_3' (rtl\conv_layer.v:138) (merged to equivalence)
'm_arlen[1]' (rtl\vision_top.v:49) (merged to equivalence)
'm_arlen[2]' (rtl\vision_top.v:49) (merged to equivalence)
'm_arlen[0]' (rtl\vision_top.v:49) (merged to equivalence)
'u_core/aw_addr[39]' (rtl\vision_core.v:247) (merged to equivalence)
'u_core/aw_addr[38]' (rtl\vision_core.v:247) (merged to equivalence)
'u_core/aw_addr[37]' (rtl\vision_core.v:247) (merged to equivalence)
'u_core/aw_addr[36]' (rtl\vision_core.v:247) (merged to equivalence)
'u_core/aw_addr[35]' (rtl\vision_core.v:247) (merged to equivalence)
'u_core/aw_addr[34]' (rtl\vision_core.v:247) (merged to equivalence)
'u_core/aw_addr[33]' (rtl\vision_core.v:247) (merged to equivalence)
'u_core/aw_addr[32]' (rtl\vision_core.v:247) (merged to equivalence)
### ### Sequential Elements Trimming Report (end) ### ### ### 

### ### Module Resource Usage Distribution Estimates (begin) ### ###

**Note: some resources maybe grouped under different hierarchy due to optimization and LUT mapping

Module                                                                FFs       SRLs       ADDs         LUTs    COMB4s      RAMs DSP/MULTs
------------------------------------------------------------          ---       ----       ----         ----      ----      ---- ---------
vision_top:vision_top                                           14388(36)    2750(0)    5894(0)     20629(0)      0(0)    173(0)    125(0)
 +g_raw.u_bin:raw_bin3                                           242(204)       0(0)   260(208)     823(809)      0(0)     10(0)      8(8)
  +u_acc0:sdpram(W=48,D=321,AW=9)                                    0(0)       0(0)       0(0)         0(0)      0(0)      3(3)      0(0)
  +u_acc1:sdpram(W=48,D=321,AW=9)                                    0(0)       0(0)       0(0)         0(0)      0(0)      3(3)      0(0)
  +u_f0:bfifo(W=25,AW=8)                                           19(19)       0(0)     26(26)         7(7)      0(0)      2(2)      0(0)
  +u_f1:bfifo(W=25,AW=8)                                           19(19)       0(0)     26(26)         7(7)      0(0)      2(2)      0(0)
 +u_camf:afifo(W=25,AW=10)                                         87(87)       0(0)       0(0)       65(65)      0(0)      3(3)      0(0)
 +u_reqf:afifo(W=12,AW=3)                                        139(139)       0(0)       0(0)       89(89)      0(0)      0(0)      0(0)
 +u_vidf:afifo(AW=11)                                              95(95)       0(0)       0(0)       73(73)      0(0)      5(5)      0(0)
 +u_core:vision_core(NN_ASYNC=1)                               13557(834)    2748(0)  5568(436)   19296(943)      0(0)    151(0)    117(0)
  +u_camw:axi_frame_wr                                           280(260)       0(0)   192(160)     370(364)      0(0)      5(0)      0(0)
   +u_f:bfifo(W=96)                                                20(20)       0(0)     32(32)         6(6)      0(0)      5(5)      0(0)
  +u_mot:motion_det(BS=16)                                       244(244)       0(0)   237(237)     155(155)      0(0)      3(0)      0(0)
   +u_acc:sdpram(W=16,D=40,AW=6)                                     0(0)       0(0)       0(0)         0(0)      0(0)      1(1)      0(0)
   +u_prev:sdpram(W=8,D=1200,AW=11)                                  0(0)       0(0)       0(0)         0(0)      0(0)      2(2)      0(0)
  +u_nnr:axi_frame_rd                                            145(122)       0(0)   144(107)     354(347)      0(0)      5(0)      0(0)
   +u_f:bfifo(W=96,AW=6)                                           23(23)       0(0)     37(37)         7(7)      0(0)      5(5)      0(0)
  +g_nn_async.u_ni:afifo(AW=4)                                   447(447)       0(0)       0(0)     309(309)      0(0)      0(0)      0(0)
  +g_nn_async.u_no:afifo(AW=4)                                   447(447)       0(0)       0(0)     318(318)      0(0)      0(0)      0(0)
  +g_nn_async.u_p0:pulse_sync                                        4(4)       0(0)       0(0)         0(0)      0(0)      0(0)      0(0)
  +g_nn_async.u_p1:pulse_sync                                        4(4)       0(0)       0(0)         1(1)      0(0)      0(0)      0(0)
  +g_nn_async.u_p2:pulse_sync                                        4(4)       0(0)       0(0)         0(0)      0(0)      0(0)      0(0)
  +g_nn_async.u_p3:pulse_sync                                        4(4)       0(0)       0(0)         0(0)      0(0)      0(0)      0(0)
  +g_nn_async.u_b0:bit_sync                                          0(0)       1(1)       0(0)         0(0)      0(0)      0(0)      0(0)
  +g_nn_async.u_b1:bit_sync                                          0(0)       1(1)       0(0)         0(0)      0(0)      0(0)      0(0)
  +u_net:stylenet_top                                            10605(0)    2746(0)    4205(0)   16074(314)      0(0)    128(0)    117(0)
   +u_l0:conv_layer(STRIDE=2,GI=3,CIN=3,COUT=16,W=640,H=4...       459(0)     233(0)     335(0)      1524(2)      0(0)     11(0)     13(0)
    +g_k3.g_lb3.u_swg:swg3(G=3,NG=1,W=640,H=480,STRIDE=2)        143(140)      24(0)   167(167)     340(329)      0(0)      5(0)      0(0)
     +u_lb:sdpram(W=24,D=1920,AW=11)                                 0(0)       0(0)       0(0)         0(0)      0(0)      5(5)      0(0)
     +u_of:sfifo(W=36)                                               3(3)     24(24)       0(0)       11(11)      0(0)      0(0)      0(0)
    +g_k3.g_dense.u_mac:mac_dense(G=3,NI=9,COUT=16,WFILE=...      154(87)   207(104)   133(133)     171(162)      0(0)      5(0)    12(12)
     +u_w:wram(D=36,INIT="C:/CodexTemp/stylecam_v21_map_2...       64(64)       0(0)       0(0)         3(3)      0(0)      5(5)      0(0)
     +u_of:srlfifo(W=104,D=4)                                        3(3)   103(103)       0(0)         6(6)      0(0)      0(0)      0(0)
    +u_rq:requant(COUT=16,R=1,S=20,NSTY=6,CFILE="C:/Codex...     162(162)       2(2)     35(35)   1011(1011)      0(0)      1(0)      1(1)
     +u_c:sdpram(W=19,D=192,AW=8,INIT="C:/CodexTemp/style...         0(0)       0(0)       0(0)         0(0)      0(0)      1(1)      0(0)
   +u_l1:conv_layer(STRIDE=2,CIN=16,W=320,H=240,PE=4,R=1,...       511(0)     241(0)     354(0)      1545(2)      0(0)     22(0)     17(0)
    +g_k3.g_lb3.u_swg:swg3(NG=4,W=320,H=240,STRIDE=2)            145(141)      32(0)   167(167)     299(287)      0(0)     14(0)      0(0)
     +u_lb:sdpram(D=3840,AW=12)                                      1(1)       0(0)       0(0)         2(2)      0(0)    14(14)      0(0)
     +u_of:sfifo(W=44)                                               3(3)     32(32)       0(0)       10(10)      0(0)      0(0)      0(0)
    +g_k3.g_dense.u_mac:mac_dense(WFILE="C:/CodexTemp/sty...     203(103)   207(104)   148(148)     168(155)      0(0)      7(0)    16(16)
     +u_w:wram(W=128,D=216,AW=8,INIT="C:/CodexTemp/stylec...       96(96)       0(0)       0(0)         4(4)      0(0)      7(7)      0(0)
     +u_of:srlfifo(W=104,D=6)                                        4(4)   103(103)       0(0)         9(9)      0(0)      0(0)      0(0)
    +u_rq:requant(R=1,S=21,NSTY=6,CFILE="C:/CodexTemp/sty...     163(163)       2(2)     39(39)   1076(1076)      0(0)      1(0)      1(1)
     +u_c:sdpram(W=19,D=288,AW=9,INIT="C:/CodexTemp/style...         0(0)       0(0)       0(0)         0(0)      0(0)      1(1)      0(0)
   +u_l2:conv_layer(DW=1,S=17,FWD=1,NSTY=6,WFILE="C:/Code...      1196(0)     244(0)     457(0)      1211(4)      0(0)     10(0)      5(0)
    +g_k3.g_lb2.u_swg:swg3b                                      648(645)   234(192)   190(190)     905(892)      0(0)      7(0)      0(0)
     +u_lb:sdpram(D=1920,AW=11)                                      0(0)       0(0)       0(0)         0(0)      0(0)      7(7)      0(0)
     +u_of:sfifo(W=44)                                               3(3)     42(42)       0(0)       13(13)      0(0)      0(0)      0(0)
    +g_k3.g_dw.u_mac:mac_dw(WFILE="C:/CodexTemp/stylecam_...     323(323)       0(0)   224(224)     148(148)      0(0)      2(0)      4(4)
     +u_w:wram(W=32,D=54,INIT="C:/CodexTemp/stylecam_v21_...         0(0)       0(0)       0(0)         0(0)      0(0)      2(2)      0(0)
    +u_rq:requant(S=17,FWD=1,NSTY=6,CFILE="C:/CodexTemp/s...     225(225)     10(10)     43(43)     154(154)      0(0)      1(0)      1(1)
     +u_c:sdpram(W=19,D=288,AW=9,INIT="C:/CodexTemp/style...         0(0)       0(0)       0(0)         0(0)      0(0)      1(1)      0(0)
   +u_l3:conv_layer(K=1,S=17,KSK=70950,SKIP_ADD=1,NSTY=6,...       626(0)     246(0)     170(0)       830(3)      0(0)      3(0)      6(0)
    +g_k1.u_mac:mac_dense(NI=6,PE=1,SIDE_IN=1,WFILE="C:/C...     451(107)    244(78)     88(66)     276(201)      0(0)      2(0)      4(4)
     +u_w:wram(W=32,D=144,AW=8,INIT="C:/CodexTemp/styleca...         0(0)       0(0)       0(0)         0(0)      0(0)      2(2)      0(0)
     +g_sd.u_sd:srlfifo(W=32,D=12)                               100(100)     64(64)       9(9)         4(4)      0(0)      0(0)      0(0)
     +u_of:srlfifo(W=34,D=24)                                    244(244)   102(102)     13(13)       71(71)      0(0)      0(0)      0(0)
    +u_rq:requant(S=17,K=70950,SKIP_ADD=1,NSTY=6,CFILE="C...     175(175)       2(2)     82(82)     551(551)      0(0)      1(0)      2(2)
     +u_c:sdpram(W=19,D=288,AW=9,INIT="C:/CodexTemp/style...         0(0)       0(0)       0(0)         0(0)      0(0)      1(1)      0(0)
   +u_l4:conv_layer(DW=1,S=19,FWD=1,NSTY=6,WFILE="C:/Code...      1194(0)     244(0)     455(0)      1417(3)      0(0)     10(0)      5(0)
    +g_k3.g_lb2.u_swg:swg3b                                      648(645)   234(192)   190(190)    1003(987)      0(0)      7(0)      0(0)
     +u_lb:sdpram(D=1920,AW=11)                                      0(0)       0(0)       0(0)         0(0)      0(0)      7(7)      0(0)
     +u_of:sfifo(W=44)                                               3(3)     42(42)       0(0)       16(16)      0(0)      0(0)      0(0)
    +g_k3.g_dw.u_mac:mac_dw(WFILE="C:/CodexTemp/stylecam_...     323(323)       0(0)   224(224)     260(260)      0(0)      2(0)      4(4)
     +u_w:wram(W=32,D=54,INIT="C:/CodexTemp/stylecam_v21_...         0(0)       0(0)       0(0)         0(0)      0(0)      2(2)      0(0)
    +u_rq:requant(S=19,FWD=1,NSTY=6,CFILE="C:/CodexTemp/s...     223(223)     10(10)     41(41)     151(151)      0(0)      1(0)      1(1)
     +u_c:sdpram(W=19,D=288,AW=9,INIT="C:/CodexTemp/style...         0(0)       0(0)       0(0)         0(0)      0(0)      1(1)      0(0)
   +u_l5:conv_layer(K=1,S=17,KSK=97034,SKIP_ADD=1,NSTY=6,...       626(0)     246(0)     172(0)       828(2)      0(0)      3(0)      6(0)
    +g_k1.u_mac:mac_dense(NI=6,PE=1,SIDE_IN=1,WFILE="C:/C...     451(107)    244(78)     88(66)     274(200)      0(0)      2(0)      4(4)
     +u_w:wram(W=32,D=144,AW=8,INIT="C:/CodexTemp/styleca...         0(0)       0(0)       0(0)         0(0)      0(0)      2(2)      0(0)
     +g_sd.u_sd:srlfifo(W=32,D=12)                               100(100)     64(64)       9(9)         4(4)      0(0)      0(0)      0(0)
     +u_of:srlfifo(W=34,D=24)                                    244(244)   102(102)     13(13)       70(70)      0(0)      0(0)      0(0)
    +u_rq:requant(S=17,K=97034,SKIP_ADD=1,NSTY=6,CFILE="C...     175(175)       2(2)     84(84)     552(552)      0(0)      1(0)      2(2)
     +u_c:sdpram(W=19,D=288,AW=9,INIT="C:/CodexTemp/style...         0(0)       0(0)       0(0)         0(0)      0(0)      1(1)      0(0)
   +u_l6:conv_layer(DW=1,S=18,FWD=1,NSTY=6,WFILE="C:/Code...      1195(0)     244(0)     456(0)      1238(3)      0(0)     10(0)      5(0)
    +g_k3.g_lb2.u_swg:swg3b                                      648(645)   234(192)   190(190)     935(915)      0(0)      7(0)      0(0)
     +u_lb:sdpram(D=1920,AW=11)                                      0(0)       0(0)       0(0)         0(0)      0(0)      7(7)      0(0)
     +u_of:sfifo(W=44)                                               3(3)     42(42)       0(0)       20(20)      0(0)      0(0)      0(0)
    +g_k3.g_dw.u_mac:mac_dw(WFILE="C:/CodexTemp/stylecam_...     323(323)       0(0)   224(224)     150(150)      0(0)      2(0)      4(4)
     +u_w:wram(W=32,D=54,INIT="C:/CodexTemp/stylecam_v21_...         0(0)       0(0)       0(0)         0(0)      0(0)      2(2)      0(0)
    +u_rq:requant(S=18,FWD=1,NSTY=6,CFILE="C:/CodexTemp/s...     224(224)     10(10)     42(42)     150(150)      0(0)      1(0)      1(1)
     +u_c:sdpram(W=19,D=288,AW=9,INIT="C:/CodexTemp/style...         0(0)       0(0)       0(0)         0(0)      0(0)      1(1)      0(0)
   +u_l7:conv_layer(K=1,S=17,KSK=113384,SKIP_ADD=1,NSTY=6...       594(0)     246(0)     168(0)       825(2)      0(0)      3(0)      6(0)
    +g_k1.u_mac:mac_dense(NI=6,PE=1,SIDE_IN=1,WFILE="C:/C...      419(75)    244(78)     88(66)     285(203)      0(0)      2(0)      4(4)
     +u_w:wram(W=32,D=144,AW=8,INIT="C:/CodexTemp/styleca...         0(0)       0(0)       0(0)         0(0)      0(0)      2(2)      0(0)
     +g_sd.u_sd:srlfifo(W=32,D=12)                               100(100)     64(64)       9(9)         3(3)      0(0)      0(0)      0(0)
     +u_of:srlfifo(W=34,D=24)                                    244(244)   102(102)     13(13)       79(79)      0(0)      0(0)      0(0)
    +u_rq:requant(S=17,K=113384,SKIP_ADD=1,NSTY=6,CFILE="...     175(175)       2(2)     80(80)     538(538)      0(0)      1(0)      2(2)
     +u_c:sdpram(W=19,D=288,AW=9,INIT="C:/CodexTemp/style...         0(0)       0(0)       0(0)         0(0)      0(0)      1(1)      0(0)
   +u_l8:conv_layer(DW=1,S=19,FWD=1,NSTY=6,WFILE="C:/Code...      1194(0)     244(0)     456(0)      1309(2)      0(0)     10(0)      5(0)
    +g_k3.g_lb2.u_swg:swg3b                                      648(645)   234(192)   190(190)    1009(998)      0(0)      7(0)      0(0)
     +u_lb:sdpram(D=1920,AW=11)                                      0(0)       0(0)       0(0)         0(0)      0(0)      7(7)      0(0)
     +u_of:sfifo(W=44)                                               3(3)     42(42)       0(0)       11(11)      0(0)      0(0)      0(0)
    +g_k3.g_dw.u_mac:mac_dw(WFILE="C:/CodexTemp/stylecam_...     323(323)       0(0)   224(224)     150(150)      0(0)      2(0)      4(4)
     +u_w:wram(W=32,D=54,INIT="C:/CodexTemp/stylecam_v21_...         0(0)       0(0)       0(0)         0(0)      0(0)      2(2)      0(0)
    +u_rq:requant(S=19,FWD=1,NSTY=6,CFILE="C:/CodexTemp/s...     223(223)     10(10)     42(42)     148(148)      0(0)      1(0)      1(1)
     +u_c:sdpram(W=19,D=288,AW=9,INIT="C:/CodexTemp/style...         0(0)       0(0)       0(0)         0(0)      0(0)      1(1)      0(0)
   +u_l9:conv_layer(K=1,S=18,KSK=117607,SKIP_ADD=1,NSTY=6...       593(0)     246(0)     170(0)       943(3)      0(0)      3(0)      6(0)
    +g_k1.u_mac:mac_dense(NI=6,PE=1,SIDE_IN=1,WFILE="C:/C...      419(75)    244(78)     88(66)     279(205)      0(0)      2(0)      4(4)
     +u_w:wram(W=32,D=144,AW=8,INIT="C:/CodexTemp/styleca...         0(0)       0(0)       0(0)         0(0)      0(0)      2(2)      0(0)
     +g_sd.u_sd:srlfifo(W=32,D=12)                               100(100)     64(64)       9(9)         3(3)      0(0)      0(0)      0(0)
     +u_of:srlfifo(W=34,D=24)                                    244(244)   102(102)     13(13)       71(71)      0(0)      0(0)      0(0)
    +u_rq:requant(S=18,K=117607,SKIP_ADD=1,NSTY=6,CFILE="...     174(174)       2(2)     82(82)     661(661)      0(0)      1(0)      2(2)
     +u_c:sdpram(W=19,D=288,AW=9,INIT="C:/CodexTemp/style...         0(0)       0(0)       0(0)         0(0)      0(0)      1(1)      0(0)
   +u_l10:conv_layer(DW=1,UP=1,S=20,NSTY=6,WFILE="C:/Code...       560(0)      44(0)     403(0)       533(2)      0(0)     10(0)      5(0)
    +g_k3.g_lb3.u_swg:swg3(UP=1,NR=2)                            135(132)      42(0)   138(138)     253(241)      0(0)      7(0)      0(0)
     +u_lb:sdpram(D=1920,AW=11)                                      0(0)       0(0)       0(0)         0(0)      0(0)      7(7)      0(0)
     +u_of:sfifo(W=44)                                               3(3)     42(42)       0(0)       12(12)      0(0)      0(0)      0(0)
    +g_k3.g_dw.u_mac:mac_dw(WFILE="C:/CodexTemp/stylecam_...     259(259)       0(0)   224(224)     129(129)      0(0)      2(0)      4(4)
     +u_w:wram(W=32,D=54,INIT="C:/CodexTemp/stylecam_v21_...         0(0)       0(0)       0(0)         0(0)      0(0)      2(2)      0(0)
    +u_rq:requant(S=20,NSTY=6,CFILE="C:/CodexTemp/styleca...     166(166)       2(2)     41(41)     149(149)      0(0)      1(0)      1(1)
     +u_c:sdpram(W=19,D=288,AW=9,INIT="C:/CodexTemp/style...         0(0)       0(0)       0(0)         0(0)      0(0)      1(1)      0(0)
   +u_l11:conv_layer(K=1,COUT=16,W=320,H=240,PE=2,S=19,NS...       302(0)     106(0)     117(0)       607(2)      0(0)      5(0)      9(0)
    +g_k1.u_mac:mac_dense(NI=6,COUT=16,PE=2,WFILE="C:/Cod...     139(103)    104(52)     81(81)     118(104)      0(0)      4(0)      8(8)
     +u_w:wram(W=64,D=48,INIT="C:/CodexTemp/stylecam_v21_...       32(32)       0(0)       0(0)         3(3)      0(0)      4(4)      0(0)
     +u_of:srlfifo(W=52,D=8)                                         4(4)     52(52)       0(0)       11(11)      0(0)      0(0)      0(0)
    +u_rq:requant(COUT=16,S=19,NSTY=6,CFILE="C:/CodexTemp...     163(163)       2(2)     36(36)     487(487)      0(0)      1(0)      1(1)
     +u_c:sdpram(W=19,D=192,AW=8,INIT="C:/CodexTemp/style...         0(0)       0(0)       0(0)         0(0)      0(0)      1(1)      0(0)
   +u_l12:conv_layer(CIN=16,COUT=12,W=320,H=240,PE=6,R=1,...      1205(0)     162(0)     367(0)      2623(2)      0(0)     20(0)     25(0)
    +g_k3.g_lb2.u_swg:swg3b(NG=4,W=320,H=240)                    190(186)   160(128)   138(138)     653(643)      0(0)      9(0)      0(0)
     +u_lb:sdpram(D=2560,AW=12)                                      1(1)       0(0)       0(0)         4(4)      0(0)      9(9)      0(0)
     +u_of:sfifo(W=44)                                               3(3)     32(32)       0(0)         6(6)      0(0)      0(0)      0(0)
    +g_k3.g_dense.u_mac:mac_dense(COUT=12,PE=6,WFILE="C:/...     855(383)       0(0)   191(191)     214(203)      0(0)     10(0)    24(24)
     +u_w:wram(W=192,D=72,AW=7,INIT="C:/CodexTemp/styleca...     160(160)       0(0)       0(0)         7(7)      0(0)    10(10)      0(0)
     +u_of:srlfifo(W=156,D=2)                                    312(312)       0(0)       0(0)         4(4)      0(0)      0(0)      0(0)
    +u_rq:requant(COUT=12,R=1,S=22,NSTY=6,CFILE="C:/Codex...     160(160)       2(2)     38(38)   1754(1754)      0(0)      1(0)      1(1)
     +u_c:sdpram(W=19,D=144,AW=8,INIT="C:/CodexTemp/style...         0(0)       0(0)       0(0)         0(0)      0(0)      1(1)      0(0)
   +u_st:in_stats(CMAX=24)                                       139(139)       0(0)   100(100)     161(161)      0(0)      5(5)      4(4)
   +u_ps:pixshuf                                                 211(211)       0(0)     25(25)     166(166)      0(0)      3(3)      0(0)
  +u_nnw:axi_frame_wr                                            272(252)       0(0)   192(160)     355(349)      0(0)      5(0)      0(0)
   +u_f:bfifo(W=96)                                                20(20)       0(0)     32(32)         6(6)      0(0)      5(5)      0(0)
  +u_dr:axi_frame_rd                                             147(124)       0(0)   144(107)     163(156)      0(0)      5(0)      0(0)
   +u_f:bfifo(W=96,AW=6)                                           23(23)       0(0)     37(37)         7(7)      0(0)      5(5)      0(0)
  +u_arb:axi_arb                                                 120(120)       0(0)     18(18)     254(254)      0(0)      0(0)      0(0)
 +u_disp:disp_core                                               232(232)       2(2)     66(66)     283(283)      0(0)      4(0)      0(0)
  +u_txt:dcram                                                       0(0)       0(0)       0(0)         0(0)      0(0)      2(2)      0(0)
  +u_font:sdpram(W=8,D=1536,AW=11,INIT="font8x16.mem")               0(0)       0(0)       0(0)         0(0)      0(0)      2(2)      0(0)

### ### Module Resource Usage Distribution Estimates (end) ### ###


### ### Wide Multiplier Decomposition Report (begin) ### ### ### 

'mult_62' (C:\CodexTemp\stylecam_v21_map_20261005\rtl\common.v:242) 19x19 decomposed into 1 partial products.

### ### Wide Multiplier Decomposition Report (end) ### ### ### 

### ### DSP Usage Report (begin) ### ### ### 

+---------------------------------------------+-----+------+-------+------+---------+---------+-------+
|DSP                                          |TYPE |SIGNED|SHIFTER|BFLOAT| CAS_OUT |    O    | REGS  |
+---------------------------------------------+-----+------+-------+------+---------+---------+-------+
|u_core/u_net/u_l12/g_k3.g_dense.u_mac/mult_41|DSP48|  1   |       |      |  (A*B)  |         |  B,P  |
|u_core/u_net/u_l12/g_k3.g_dense.u_mac/mult_43|DSP48|  1   |       |      |(A*B)+CIN|         |  B,P  |
|u_core/u_net/u_l12/g_k3.g_dense.u_mac/mult_45|DSP48|  1   |       |      |         |(A*B)+CIN|  B,P  |
|u_core/u_net/u_l12/g_k3.g_dense.u_mac/mult_47|DSP48|  1   |       |      |(A*B)+CIN|         |  B,P  |
|u_core/u_net/u_l12/g_k3.g_dense.u_mac/mult_49|DSP48|  1   |       |      |  (A*B)  |         |  B,P  |
|u_core/u_net/u_l12/g_k3.g_dense.u_mac/mult_51|DSP48|  1   |       |      |(A*B)+CIN|         |  B,P  |
|u_core/u_net/u_l12/g_k3.g_dense.u_mac/mult_53|DSP48|  1   |       |      |         |(A*B)+CIN|  B,P  |
|u_core/u_net/u_l12/g_k3.g_dense.u_mac/mult_55|DSP48|  1   |       |      |(A*B)+CIN|         |  B,P  |
|u_core/u_net/u_l12/g_k3.g_dense.u_mac/mult_57|DSP48|  1   |       |      |  (A*B)  |         |  B,P  |
|u_core/u_net/u_l12/g_k3.g_dense.u_mac/mult_59|DSP48|  1   |       |      |(A*B)+CIN|         |  B,P  |
|u_core/u_net/u_l12/g_k3.g_dense.u_mac/mult_61|DSP48|  1   |       |      |         |(A*B)+CIN|  B,P  |
|u_core/u_net/u_l12/g_k3.g_dense.u_mac/mult_63|DSP48|  1   |       |      |(A*B)+CIN|         |  B,P  |
|u_core/u_net/u_l12/g_k3.g_dense.u_mac/mult_65|DSP48|  1   |       |      |  (A*B)  |         |  B,P  |
|u_core/u_net/u_l12/g_k3.g_dense.u_mac/mult_67|DSP48|  1   |       |      |(A*B)+CIN|         |  B,P  |
|u_core/u_net/u_l12/g_k3.g_dense.u_mac/mult_69|DSP48|  1   |       |      |         |(A*B)+CIN|  B,P  |
|u_core/u_net/u_l12/g_k3.g_dense.u_mac/mult_71|DSP48|  1   |       |      |(A*B)+CIN|         |  B,P  |
|u_core/u_net/u_l12/g_k3.g_dense.u_mac/mult_73|DSP48|  1   |       |      |  (A*B)  |         |  B,P  |
|u_core/u_net/u_l12/g_k3.g_dense.u_mac/mult_75|DSP48|  1   |       |      |(A*B)+CIN|         |  B,P  |
|u_core/u_net/u_l12/g_k3.g_dense.u_mac/mult_77|DSP48|  1   |       |      |         |(A*B)+CIN|  B,P  |
|u_core/u_net/u_l12/g_k3.g_dense.u_mac/mult_79|DSP48|  1   |       |      |(A*B)+CIN|         |  B,P  |
|u_core/u_net/u_l12/g_k3.g_dense.u_mac/mult_81|DSP48|  1   |       |      |  (A*B)  |         |  B,P  |
|u_core/u_net/u_l12/g_k3.g_dense.u_mac/mult_83|DSP48|  1   |       |      |(A*B)+CIN|         |  B,P  |
|u_core/u_net/u_l12/g_k3.g_dense.u_mac/mult_85|DSP48|  1   |       |      |         |(A*B)+CIN|  B,P  |
|u_core/u_net/u_l12/u_rq/mult_43              |DSP48|  1   |       |      |         |  (A*B)  | A,B,P |
|u_core/u_net/u_l1/g_k3.g_dense.u_mac/mult_40 |DSP48|  1   |       |      |(A*B)+CIN|         |   P   |
|u_core/u_net/u_l1/g_k3.g_dense.u_mac/mult_42 |DSP48|  1   |       |      |  (A*B)  |         |   P   |
|u_core/u_net/u_l1/g_k3.g_dense.u_mac/mult_44 |DSP48|  1   |       |      |(A*B)+CIN|         |   P   |
|u_core/u_net/u_l1/g_k3.g_dense.u_mac/mult_46 |DSP48|  1   |       |      |         |(A*B)+CIN|   P   |
|u_core/u_net/u_l1/g_k3.g_dense.u_mac/mult_48 |DSP48|  1   |       |      |(A*B)+CIN|         |   P   |
|u_core/u_net/u_l1/g_k3.g_dense.u_mac/mult_50 |DSP48|  1   |       |      |  (A*B)  |         |   P   |
|u_core/u_net/u_l1/g_k3.g_dense.u_mac/mult_52 |DSP48|  1   |       |      |(A*B)+CIN|         |   P   |
|u_core/u_net/u_l1/g_k3.g_dense.u_mac/mult_54 |DSP48|  1   |       |      |         |(A*B)+CIN|   P   |
|u_core/u_net/u_l1/g_k3.g_dense.u_mac/mult_56 |DSP48|  1   |       |      |(A*B)+CIN|         |   P   |
|u_core/u_net/u_l1/g_k3.g_dense.u_mac/mult_58 |DSP48|  1   |       |      |  (A*B)  |         |   P   |
|u_core/u_net/u_l1/g_k3.g_dense.u_mac/mult_60 |DSP48|  1   |       |      |(A*B)+CIN|         |   P   |
|u_core/u_net/u_l1/g_k3.g_dense.u_mac/mult_62 |DSP48|  1   |       |      |         |(A*B)+CIN|   P   |
|u_core/u_net/u_l1/g_k3.g_dense.u_mac/mult_64 |DSP48|  1   |       |      |(A*B)+CIN|         |   P   |
|u_core/u_net/u_l1/g_k3.g_dense.u_mac/mult_66 |DSP48|  1   |       |      |  (A*B)  |         |   P   |
|u_core/u_net/u_l1/g_k3.g_dense.u_mac/mult_68 |DSP48|  1   |       |      |(A*B)+CIN|         |   P   |
|u_core/u_net/u_l1/g_k3.g_dense.u_mac/mult_70 |DSP48|  1   |       |      |         |(A*B)+CIN|   P   |
|u_core/u_net/u_l1/u_rq/mult_44               |DSP48|  1   |       |      |         |  (A*B)  | A,B,P |
|u_core/u_net/u_l2/u_rq/mult_44               |DSP48|  1   |       |      |         |  (A*B)  | A,B,P |
|u_core/u_net/u_l2/g_k3.g_dw.u_mac/mult_21    |DSP48|  1   |       |      |         |  (A*B)  |   P   |
|u_core/u_net/u_l2/g_k3.g_dw.u_mac/mult_23    |DSP48|  1   |       |      |         |  (A*B)  |   P   |
|u_core/u_net/u_l2/g_k3.g_dw.u_mac/mult_25    |DSP48|  1   |       |      |         |  (A*B)  |   P   |
|u_core/u_net/u_l2/g_k3.g_dw.u_mac/mult_27    |DSP48|  1   |       |      |         |  (A*B)  |   P   |
|u_core/u_net/u_l6/u_rq/mult_44               |DSP48|  1   |       |      |         |  (A*B)  | A,B,P |
|u_core/u_net/u_l6/g_k3.g_dw.u_mac/mult_21    |DSP48|  1   |       |      |         |  (A*B)  |   P   |
|u_core/u_net/u_l6/g_k3.g_dw.u_mac/mult_23    |DSP48|  1   |       |      |         |  (A*B)  |   P   |
|u_core/u_net/u_l6/g_k3.g_dw.u_mac/mult_25    |DSP48|  1   |       |      |         |  (A*B)  |   P   |
|u_core/u_net/u_l6/g_k3.g_dw.u_mac/mult_27    |DSP48|  1   |       |      |         |  (A*B)  |   P   |
|u_core/u_net/u_l4/u_rq/mult_44               |DSP48|  1   |       |      |         |  (A*B)  | A,B,P |
|u_core/u_net/u_l4/g_k3.g_dw.u_mac/mult_21    |DSP48|  1   |       |      |         |  (A*B)  |   P   |
|u_core/u_net/u_l4/g_k3.g_dw.u_mac/mult_23    |DSP48|  1   |       |      |         |  (A*B)  |   P   |
|u_core/u_net/u_l4/g_k3.g_dw.u_mac/mult_25    |DSP48|  1   |       |      |         |  (A*B)  |   P   |
|u_core/u_net/u_l4/g_k3.g_dw.u_mac/mult_27    |DSP48|  1   |       |      |         |  (A*B)  |   P   |
|u_core/u_net/u_l8/u_rq/mult_44               |DSP48|  1   |       |      |         |  (A*B)  | A,B,P |
|u_core/u_net/u_l8/g_k3.g_dw.u_mac/mult_21    |DSP48|  1   |       |      |         |  (A*B)  |   P   |
|u_core/u_net/u_l8/g_k3.g_dw.u_mac/mult_23    |DSP48|  1   |       |      |         |  (A*B)  |   P   |
|u_core/u_net/u_l8/g_k3.g_dw.u_mac/mult_25    |DSP48|  1   |       |      |         |  (A*B)  |   P   |
|u_core/u_net/u_l8/g_k3.g_dw.u_mac/mult_27    |DSP48|  1   |       |      |         |  (A*B)  |   P   |
|u_core/u_net/u_l0/g_k3.g_dense.u_mac/mult_40 |DSP48|  1   |       |      |(A*B)+CIN|         |   P   |
|u_core/u_net/u_l0/g_k3.g_dense.u_mac/mult_42 |DSP48|  1   |       |      |  (A*B)  |         |   P   |
|u_core/u_net/u_l0/g_k3.g_dense.u_mac/mult_44 |DSP48|  1   |       |      |         |(A*B)+CIN|   P   |
|u_core/u_net/u_l0/g_k3.g_dense.u_mac/mult_46 |DSP48|  1   |       |      |(A*B)+CIN|         |   P   |
|u_core/u_net/u_l0/g_k3.g_dense.u_mac/mult_48 |DSP48|  1   |       |      |  (A*B)  |         |   P   |
|u_core/u_net/u_l0/g_k3.g_dense.u_mac/mult_50 |DSP48|  1   |       |      |         |(A*B)+CIN|   P   |
|u_core/u_net/u_l0/g_k3.g_dense.u_mac/mult_52 |DSP48|  1   |       |      |(A*B)+CIN|         |   P   |
|u_core/u_net/u_l0/g_k3.g_dense.u_mac/mult_54 |DSP48|  1   |       |      |  (A*B)  |         |   P   |
|u_core/u_net/u_l0/g_k3.g_dense.u_mac/mult_56 |DSP48|  1   |       |      |         |(A*B)+CIN|   P   |
|u_core/u_net/u_l0/g_k3.g_dense.u_mac/mult_58 |DSP48|  1   |       |      |(A*B)+CIN|         |   P   |
|u_core/u_net/u_l0/g_k3.g_dense.u_mac/mult_60 |DSP48|  1   |       |      |  (A*B)  |         |   P   |
|u_core/u_net/u_l0/g_k3.g_dense.u_mac/mult_62 |DSP48|  1   |       |      |         |(A*B)+CIN|   P   |
|u_core/u_net/u_l0/u_rq/mult_44               |DSP48|  1   |       |      |         |  (A*B)  | A,B,P |
|u_core/u_net/u_l7/g_k1.u_mac/mult_42         |DSP48|  1   |       |      |(A*B)+CIN|         |  B,P  |
|u_core/u_net/u_l7/g_k1.u_mac/mult_44         |DSP48|  1   |       |      |  (A*B)  |         |  B,P  |
|u_core/u_net/u_l7/g_k1.u_mac/mult_46         |DSP48|  1   |       |      |(A*B)+CIN|         |  B,P  |
|u_core/u_net/u_l7/g_k1.u_mac/mult_48         |DSP48|  1   |       |      |         |(A*B)+CIN|  B,P  |
|u_core/u_net/u_l7/u_rq/mult_44               |DSP48|  1   |       |      |         |  (A*B)  | A,B,P |
|u_core/u_net/u_l7/u_rq/mult_45               |DSP48|  1   |       |      |         |  (A*B)  |  A,P  |
|u_core/u_net/u_l9/g_k1.u_mac/mult_42         |DSP48|  1   |       |      |(A*B)+CIN|         |  B,P  |
|u_core/u_net/u_l9/g_k1.u_mac/mult_44         |DSP48|  1   |       |      |  (A*B)  |         |  B,P  |
|u_core/u_net/u_l9/g_k1.u_mac/mult_46         |DSP48|  1   |       |      |(A*B)+CIN|         |  B,P  |
|u_core/u_net/u_l9/g_k1.u_mac/mult_48         |DSP48|  1   |       |      |         |(A*B)+CIN|  B,P  |
|u_core/u_net/u_l9/u_rq/mult_44               |DSP48|  1   |       |      |         |  (A*B)  | A,B,P |
|u_core/u_net/u_l9/u_rq/mult_45               |DSP48|  1   |       |      |         |  (A*B)  |  A,P  |
|u_core/u_net/u_l3/g_k1.u_mac/mult_42         |DSP48|  1   |       |      |(A*B)+CIN|         |   P   |
|u_core/u_net/u_l3/g_k1.u_mac/mult_44         |DSP48|  1   |       |      |  (A*B)  |         |   P   |
|u_core/u_net/u_l3/g_k1.u_mac/mult_46         |DSP48|  1   |       |      |(A*B)+CIN|         |   P   |
|u_core/u_net/u_l3/g_k1.u_mac/mult_48         |DSP48|  1   |       |      |         |(A*B)+CIN|   P   |
|u_core/u_net/u_l3/u_rq/mult_44               |DSP48|  1   |       |      |         |  (A*B)  | A,B,P |
|u_core/u_net/u_l3/u_rq/mult_45               |DSP48|  1   |       |      |         |  (A*B)  |  A,P  |
|u_core/u_net/u_l5/g_k1.u_mac/mult_42         |DSP48|  1   |       |      |(A*B)+CIN|         |   P   |
|u_core/u_net/u_l5/g_k1.u_mac/mult_44         |DSP48|  1   |       |      |  (A*B)  |         |   P   |
|u_core/u_net/u_l5/g_k1.u_mac/mult_46         |DSP48|  1   |       |      |(A*B)+CIN|         |   P   |
|u_core/u_net/u_l5/g_k1.u_mac/mult_48         |DSP48|  1   |       |      |         |(A*B)+CIN|   P   |
|u_core/u_net/u_l5/u_rq/mult_44               |DSP48|  1   |       |      |         |  (A*B)  | A,B,P |
|u_core/u_net/u_l5/u_rq/mult_45               |DSP48|  1   |       |      |         |  (A*B)  |  A,P  |
|u_core/u_net/u_l11/g_k1.u_mac/mult_41        |DSP48|  1   |       |      |(A*B)+CIN|         |   P   |
|u_core/u_net/u_l11/g_k1.u_mac/mult_43        |DSP48|  1   |       |      |  (A*B)  |         |   P   |
|u_core/u_net/u_l11/g_k1.u_mac/mult_45        |DSP48|  1   |       |      |(A*B)+CIN|         |   P   |
|u_core/u_net/u_l11/g_k1.u_mac/mult_47        |DSP48|  1   |       |      |         |(A*B)+CIN|   P   |
|u_core/u_net/u_l11/g_k1.u_mac/mult_49        |DSP48|  1   |       |      |(A*B)+CIN|         |   P   |
|u_core/u_net/u_l11/g_k1.u_mac/mult_51        |DSP48|  1   |       |      |  (A*B)  |         |   P   |
|u_core/u_net/u_l11/g_k1.u_mac/mult_53        |DSP48|  1   |       |      |(A*B)+CIN|         |   P   |
|u_core/u_net/u_l11/g_k1.u_mac/mult_55        |DSP48|  1   |       |      |         |(A*B)+CIN|   P   |
|u_core/u_net/u_l11/u_rq/mult_44              |DSP48|  1   |       |      |         |  (A*B)  | A,B,P |
|u_core/u_net/u_l10/u_rq/mult_44              |DSP48|  1   |       |      |         |  (A*B)  | A,B,P |
|u_core/u_net/u_l10/g_k3.g_dw.u_mac/mult_21   |DSP48|  1   |       |      |         |  (A*B)  |   P   |
|u_core/u_net/u_l10/g_k3.g_dw.u_mac/mult_23   |DSP48|  1   |       |      |         |  (A*B)  |   P   |
|u_core/u_net/u_l10/g_k3.g_dw.u_mac/mult_25   |DSP48|  1   |       |      |         |  (A*B)  |   P   |
|u_core/u_net/u_l10/g_k3.g_dw.u_mac/mult_27   |DSP48|  1   |       |      |         |  (A*B)  |   P   |
|u_core/u_net/u_st/n650_pp_0x0                |DSP48|      |       |      |  (A*B)  |  (A*B)  | A,B,O |
|u_core/u_net/u_st/n650_pp_1x1                |DSP48|  1   |       |      |         |(A*B)+CIN|A,B,W,O|
|u_core/u_net/u_st/n650_pp_1x0                |DSP48|  1   |       |      |(A*B)+CIN|(A*B)+CIN| A,B,O |
|u_core/u_net/u_st/n650_pp_0x1                |DSP48|  1   |       |      |(A*B)+CIN|         |  A,B  |
|g_raw.u_bin/mult_198                         |DSP48|      |       |      |         |  (A*B)  |       |
|g_raw.u_bin/mult_201                         |DSP48|      |       |      |         |  (A*B)  |       |
|g_raw.u_bin/mult_203                         |DSP48|      |       |      |         |  (A*B)  |       |
|g_raw.u_bin/mult_205                         |DSP48|      |       |      |         |  (A*B)  |       |
|g_raw.u_bin/mult_237                         |DSP48|      |       |      |         |  (A*B)  |       |
|g_raw.u_bin/mult_240                         |DSP48|      |       |      |         |  (A*B)  |       |
|g_raw.u_bin/mult_242                         |DSP48|      |       |      |         |  (A*B)  |       |
|g_raw.u_bin/mult_244                         |DSP48|      |       |      |         |  (A*B)  |       |
|u_core/u_net/u_l12/g_k3.g_dense.u_mac/mult_39|DSP48|  1   |       |      |(A*B)+CIN|         |  B,P  |
+---------------------------------------------+-----+------+-------+------+---------+---------+-------+

### ### Clock Load Distribution Report (begin) ### ###

+-------+----------+----------+------------+----------------+
|Clock  |Flip-Flops|Shift-Regs|Memory Ports|Multipliers/DSPs|
+-------+----------+----------+------------+----------------+
|clk_axi|     2642 |        2 |         56 |              0 |
|clk_pix|      395 |        2 |          9 |              0 |
|clk_nn |    11066 |     2746 |        256 |            117 |
|clk_cam|      285 |        0 |         23 |              0 |
+-------+----------+----------+------------+----------------+

### ### Clock Load Distribution Report (end) ### ###

### ### Memory Mapping Report (begin) ### ### ###

1. u_disp/u_font/g_one.mem (C:\CodexTemp\stylecam_v21_map_20261005\rtl\common.v:152):
	EFX_RAM10: u_disp/u_font/g_one.mem__D$2
	EFX_RAM10: u_disp/u_font/g_one.mem__D$1

2. u_core/u_net/u_l11/u_rq/u_c/g_one.mem (C:\CodexTemp\stylecam_v21_map_20261005\rtl\common.v:152):
	EFX_RAM10: u_core/u_net/u_l11/u_rq/u_c/g_one.mem

3. u_core/u_net/u_l9/u_rq/u_c/g_one.mem (C:\CodexTemp\stylecam_v21_map_20261005\rtl\common.v:152):
	EFX_RAM10: u_core/u_net/u_l9/u_rq/u_c/g_one.mem

4. u_core/u_net/u_l10/u_rq/u_c/g_one.mem (C:\CodexTemp\stylecam_v21_map_20261005\rtl\common.v:152):
	EFX_RAM10: u_core/u_net/u_l10/u_rq/u_c/g_one.mem

5. u_core/u_net/u_l4/g_k3.g_dw.u_mac/u_w/mem (C:\CodexTemp\stylecam_v21_map_20261005\rtl\common.v:94):
	EFX_RAM10: u_core/u_net/u_l4/g_k3.g_dw.u_mac/u_w/mem__D$1
	EFX_RAM10: u_core/u_net/u_l4/g_k3.g_dw.u_mac/u_w/mem__D$2

6. u_core/u_net/u_l12/g_k3.g_dense.u_mac/u_w/mem (C:\CodexTemp\stylecam_v21_map_20261005\rtl\common.v:94):
	EFX_RAM10: u_core/u_net/u_l12/g_k3.g_dense.u_mac/u_w/mem__D$h12
	EFX_RAM10: u_core/u_net/u_l12/g_k3.g_dense.u_mac/u_w/mem__D$g12
	EFX_RAM10: u_core/u_net/u_l12/g_k3.g_dense.u_mac/u_w/mem__D$f12
	EFX_RAM10: u_core/u_net/u_l12/g_k3.g_dense.u_mac/u_w/mem__D$e12
	EFX_RAM10: u_core/u_net/u_l12/g_k3.g_dense.u_mac/u_w/mem__D$d12
	EFX_RAM10: u_core/u_net/u_l12/g_k3.g_dense.u_mac/u_w/mem__D$c12
	EFX_RAM10: u_core/u_net/u_l12/g_k3.g_dense.u_mac/u_w/mem__D$b12
	EFX_RAM10: u_core/u_net/u_l12/g_k3.g_dense.u_mac/u_w/mem__D$12
	EFX_RAM10: u_core/u_net/u_l12/g_k3.g_dense.u_mac/u_w/mem__D$i1
	EFX_RAM10: u_core/u_net/u_l12/g_k3.g_dense.u_mac/u_w/mem__D$2

7. u_core/u_net/u_l8/g_k3.g_dw.u_mac/u_w/mem (C:\CodexTemp\stylecam_v21_map_20261005\rtl\common.v:94):
	EFX_RAM10: u_core/u_net/u_l8/g_k3.g_dw.u_mac/u_w/mem__D$1
	EFX_RAM10: u_core/u_net/u_l8/g_k3.g_dw.u_mac/u_w/mem__D$2

8. u_core/u_net/u_l3/u_rq/u_c/g_one.mem (C:\CodexTemp\stylecam_v21_map_20261005\rtl\common.v:152):
	EFX_RAM10: u_core/u_net/u_l3/u_rq/u_c/g_one.mem

9. u_core/u_net/u_l11/g_k1.u_mac/u_w/mem (C:\CodexTemp\stylecam_v21_map_20261005\rtl\common.v:94):
	EFX_RAM10: u_core/u_net/u_l11/g_k1.u_mac/u_w/mem__D$c1
	EFX_RAM10: u_core/u_net/u_l11/g_k1.u_mac/u_w/mem__D$b12
	EFX_RAM10: u_core/u_net/u_l11/g_k1.u_mac/u_w/mem__D$12
	EFX_RAM10: u_core/u_net/u_l11/g_k1.u_mac/u_w/mem__D$2

10. u_core/u_net/u_l3/g_k1.u_mac/u_w/mem (C:\CodexTemp\stylecam_v21_map_20261005\rtl\common.v:94):
	EFX_RAM10: u_core/u_net/u_l3/g_k1.u_mac/u_w/mem__D$1
	EFX_RAM10: u_core/u_net/u_l3/g_k1.u_mac/u_w/mem__D$2

11. u_disp/u_txt/mem (C:\CodexTemp\stylecam_v21_map_20261005\rtl\disp.v:23):
	EFX_RAM10: u_disp/u_txt/mem__D$1
	EFX_RAM10: u_disp/u_txt/mem__D$2

12. u_core/u_net/u_l1/g_k3.g_dense.u_mac/u_w/mem (C:\CodexTemp\stylecam_v21_map_20261005\rtl\common.v:94):
	EFX_RAM10: u_core/u_net/u_l1/g_k3.g_dense.u_mac/u_w/mem__D$e12
	EFX_RAM10: u_core/u_net/u_l1/g_k3.g_dense.u_mac/u_w/mem__D$d12
	EFX_RAM10: u_core/u_net/u_l1/g_k3.g_dense.u_mac/u_w/mem__D$c12
	EFX_RAM10: u_core/u_net/u_l1/g_k3.g_dense.u_mac/u_w/mem__D$b12
	EFX_RAM10: u_core/u_net/u_l1/g_k3.g_dense.u_mac/u_w/mem__D$12
	EFX_RAM10: u_core/u_net/u_l1/g_k3.g_dense.u_mac/u_w/mem__D$f1
	EFX_RAM10: u_core/u_net/u_l1/g_k3.g_dense.u_mac/u_w/mem__D$2

13. u_core/u_net/u_l10/g_k3.g_dw.u_mac/u_w/mem (C:\CodexTemp\stylecam_v21_map_20261005\rtl\common.v:94):
	EFX_RAM10: u_core/u_net/u_l10/g_k3.g_dw.u_mac/u_w/mem__D$1
	EFX_RAM10: u_core/u_net/u_l10/g_k3.g_dw.u_mac/u_w/mem__D$2

14. u_core/u_net/u_l9/g_k1.u_mac/u_w/mem (C:\CodexTemp\stylecam_v21_map_20261005\rtl\common.v:94):
	EFX_RAM10: u_core/u_net/u_l9/g_k1.u_mac/u_w/mem__D$1
	EFX_RAM10: u_core/u_net/u_l9/g_k1.u_mac/u_w/mem__D$2

15. u_core/u_net/u_l5/g_k1.u_mac/u_w/mem (C:\CodexTemp\stylecam_v21_map_20261005\rtl\common.v:94):
	EFX_RAM10: u_core/u_net/u_l5/g_k1.u_mac/u_w/mem__D$1
	EFX_RAM10: u_core/u_net/u_l5/g_k1.u_mac/u_w/mem__D$2

16. u_core/u_net/u_l8/u_rq/u_c/g_one.mem (C:\CodexTemp\stylecam_v21_map_20261005\rtl\common.v:152):
	EFX_RAM10: u_core/u_net/u_l8/u_rq/u_c/g_one.mem

17. u_core/u_net/u_l0/g_k3.g_dense.u_mac/u_w/mem (C:\CodexTemp\stylecam_v21_map_20261005\rtl\common.v:94):
	EFX_RAM10: u_core/u_net/u_l0/g_k3.g_dense.u_mac/u_w/mem__D$c12
	EFX_RAM10: u_core/u_net/u_l0/g_k3.g_dense.u_mac/u_w/mem__D$b12
	EFX_RAM10: u_core/u_net/u_l0/g_k3.g_dense.u_mac/u_w/mem__D$12
	EFX_RAM10: u_core/u_net/u_l0/g_k3.g_dense.u_mac/u_w/mem__D$d1
	EFX_RAM10: u_core/u_net/u_l0/g_k3.g_dense.u_mac/u_w/mem__D$2

18. u_core/u_net/u_l6/g_k3.g_dw.u_mac/u_w/mem (C:\CodexTemp\stylecam_v21_map_20261005\rtl\common.v:94):
	EFX_RAM10: u_core/u_net/u_l6/g_k3.g_dw.u_mac/u_w/mem__D$1
	EFX_RAM10: u_core/u_net/u_l6/g_k3.g_dw.u_mac/u_w/mem__D$2

19. u_core/u_net/u_l1/u_rq/u_c/g_one.mem (C:\CodexTemp\stylecam_v21_map_20261005\rtl\common.v:152):
	EFX_RAM10: u_core/u_net/u_l1/u_rq/u_c/g_one.mem

20. u_core/u_net/u_l2/g_k3.g_dw.u_mac/u_w/mem (C:\CodexTemp\stylecam_v21_map_20261005\rtl\common.v:94):
	EFX_RAM10: u_core/u_net/u_l2/g_k3.g_dw.u_mac/u_w/mem__D$1
	EFX_RAM10: u_core/u_net/u_l2/g_k3.g_dw.u_mac/u_w/mem__D$2

21. u_core/u_net/u_l4/u_rq/u_c/g_one.mem (C:\CodexTemp\stylecam_v21_map_20261005\rtl\common.v:152):
	EFX_RAM10: u_core/u_net/u_l4/u_rq/u_c/g_one.mem

22. u_core/u_net/u_l2/u_rq/u_c/g_one.mem (C:\CodexTemp\stylecam_v21_map_20261005\rtl\common.v:152):
	EFX_RAM10: u_core/u_net/u_l2/u_rq/u_c/g_one.mem

23. u_core/u_net/u_l7/u_rq/u_c/g_one.mem (C:\CodexTemp\stylecam_v21_map_20261005\rtl\common.v:152):
	EFX_RAM10: u_core/u_net/u_l7/u_rq/u_c/g_one.mem

24. u_core/u_net/u_l12/u_rq/u_c/g_one.mem (C:\CodexTemp\stylecam_v21_map_20261005\rtl\common.v:152):
	EFX_RAM10: u_core/u_net/u_l12/u_rq/u_c/g_one.mem

25. u_core/u_net/u_l0/u_rq/u_c/g_one.mem (C:\CodexTemp\stylecam_v21_map_20261005\rtl\common.v:152):
	EFX_RAM10: u_core/u_net/u_l0/u_rq/u_c/g_one.mem

26. u_core/u_net/u_l6/u_rq/u_c/g_one.mem (C:\CodexTemp\stylecam_v21_map_20261005\rtl\common.v:152):
	EFX_RAM10: u_core/u_net/u_l6/u_rq/u_c/g_one.mem

27. u_core/u_net/u_l7/g_k1.u_mac/u_w/mem (C:\CodexTemp\stylecam_v21_map_20261005\rtl\common.v:94):
	EFX_RAM10: u_core/u_net/u_l7/g_k1.u_mac/u_w/mem__D$1
	EFX_RAM10: u_core/u_net/u_l7/g_k1.u_mac/u_w/mem__D$2

28. u_core/u_net/u_l5/u_rq/u_c/g_one.mem (C:\CodexTemp\stylecam_v21_map_20261005\rtl\common.v:152):
	EFX_RAM10: u_core/u_net/u_l5/u_rq/u_c/g_one.mem

### ### Memory Mapping Report (end) ### ### ###

### ### Resource Summary (begin) ### ### ### 

INPUT  PORTS    : 	279
OUTPUT PORTS    : 	303

EFX_ADD                 : 	5894
EFX_LUT4                : 	20629
   1-2  Inputs          : 	4754
   3    Inputs          : 	4214
   4    Inputs          : 	11661
EFX_DSP48               : 	125
EFX_FF                  : 	14388
EFX_SRL8                : 	2750
EFX_RAM10               : 	173
### ### Resource Summary (end) ### ### ###

Plain synthesis (without verilog dump and post-map checks) time : 61s
Elapsed synthesis time : 63s
