Efinity Synthesis report for project ti60f225_oob
Version: 2026.1.132.4.5
Generated at: Oct 09, 2026 19:02:27
Copyright (C) 2013 - 2026  All rights reserved.

Top-level Entity Name : ti60f225_oob_top

family : Titanium
device : Ti60F225
project : ti60f225_oob
root : ti60f225_oob_top
I,include : C:\Users\lingye\AppData\Local\Temp\stylecam_native_rgb_mirror_20261009_build\ip\csi_rx_controller
I,include : C:\Users\lingye\AppData\Local\Temp\stylecam_native_rgb_mirror_20261009_build\ip\soc
I,include : ip/csi_rx_controller
I,include : rtl/sc431hai
I,include : rtl/sc431hai
binary-db : outflow\ti60f225_oob.vdb
insert-ios : 0
insert-gclk : 0
max-carry-cascade : 320
max-dsp-cascade : 16
max_mult : -1
max_ram : -1
mode : speed
num_srl : -1
mult-decomp-retime : 0
output-dir : outflow
proj_curr_path : C:\Users\lingye\AppData\Local\Temp\stylecam_native_rgb_mirror_20261009_build
project : ti60f225_oob
project-xml : C:\Users\lingye\AppData\Local\Temp\stylecam_native_rgb_mirror_20261009_build\ti60f225_oob.xml
retiming : 0
root : ti60f225_oob_top
seq_opt : 0
work-dir : work_syn
write-efx-verilog : outflow\ti60f225_oob.map.v

File List:

C:\Users\lingye\AppData\Local\Temp\stylecam_native_rgb_mirror_20261009_build\ip\csi_rx_controller\csi_rx_controller.sv
C:\Users\lingye\AppData\Local\Temp\stylecam_native_rgb_mirror_20261009_build\ip\soc\soc.v
C:\Users\lingye\AppData\Local\Temp\stylecam_native_rgb_mirror_20261009_build\rtl\sc_in_refresh.v
C:\Users\lingye\AppData\Local\Temp\stylecam_native_rgb_mirror_20261009_build\rtl\sc_in_math.v
C:\Users\lingye\AppData\Local\Temp\stylecam_native_rgb_mirror_20261009_build\rtl\sc_in_alu.v
C:\Users\lingye\AppData\Local\Temp\stylecam_native_rgb_mirror_20261009_build\rtl\sc_button.v
C:\Users\lingye\AppData\Local\Temp\stylecam_native_rgb_mirror_20261009_build\rtl\sc_read_arbiter.v
C:\Users\lingye\AppData\Local\Temp\stylecam_native_rgb_mirror_20261009_build\rtl\sc_replay.v
C:\Users\lingye\AppData\Local\Temp\stylecam_native_rgb_mirror_20261009_build\rtl\user_dual_port_ram.v
C:\Users\lingye\AppData\Local\Temp\stylecam_native_rgb_mirror_20261009_build\rtl\dual_clock_fifo.v
C:\Users\lingye\AppData\Local\Temp\stylecam_native_rgb_mirror_20261009_build\rtl\true_dual_port_ram.v
C:\Users\lingye\AppData\Local\Temp\stylecam_native_rgb_mirror_20261009_build\rtl\reset.v
C:\Users\lingye\AppData\Local\Temp\stylecam_native_rgb_mirror_20261009_build\rtl\simple_dual_port_ram.v
C:\Users\lingye\AppData\Local\Temp\stylecam_native_rgb_mirror_20261009_build\rtl\ddr3_controller\ddr3_top.v
C:\Users\lingye\AppData\Local\Temp\stylecam_native_rgb_mirror_20261009_build\rtl\ddr3_controller\axi4_bus_ctl\axi4_bus_ctl.v
C:\Users\lingye\AppData\Local\Temp\stylecam_native_rgb_mirror_20261009_build\rtl\ddr3_controller\local_bus_ctl\local_bus_ctl.v
C:\Users\lingye\AppData\Local\Temp\stylecam_native_rgb_mirror_20261009_build\rtl\ddr3_controller\memory_bus_ctl\memory_bus_ctl.v
C:\Users\lingye\AppData\Local\Temp\stylecam_native_rgb_mirror_20261009_build\rtl\ddr3_controller\phy_ctl\ddr_phy_wrlvl.v
C:\Users\lingye\AppData\Local\Temp\stylecam_native_rgb_mirror_20261009_build\rtl\ddr3_controller\phy_ctl\ddr_phy_rdlvl_dqs.v
C:\Users\lingye\AppData\Local\Temp\stylecam_native_rgb_mirror_20261009_build\rtl\ddr3_controller\phy_ctl\ddr_phy_wrcal.v
C:\Users\lingye\AppData\Local\Temp\stylecam_native_rgb_mirror_20261009_build\rtl\ddr3_controller\phy_ctl\ddr_calibration_ini.v
C:\Users\lingye\AppData\Local\Temp\stylecam_native_rgb_mirror_20261009_build\rtl\ddr3_controller\phy_ctl\ddr_phy_if.v
C:\Users\lingye\AppData\Local\Temp\stylecam_native_rgb_mirror_20261009_build\rtl\ddr3_controller\phy_ctl\phy_ctl.v
C:\Users\lingye\AppData\Local\Temp\stylecam_native_rgb_mirror_20261009_build\rtl\ddr3_controller\phy_ctl\ddr_mpr_rdlvl.v
C:\Users\lingye\AppData\Local\Temp\stylecam_native_rgb_mirror_20261009_build\rtl\ddr3_controller\ddr3_parameter.vh
C:\Users\lingye\AppData\Local\Temp\stylecam_native_rgb_mirror_20261009_build\rtl\ddr3_controller\lb2_axi_clk.v
C:\Users\lingye\AppData\Local\Temp\stylecam_native_rgb_mirror_20261009_build\rtl\ddr3_controller\common\efx_fifo_v2.3\efx_fifo_wrapper.v
C:\Users\lingye\AppData\Local\Temp\stylecam_native_rgb_mirror_20261009_build\rtl\dvi_tx\ecc_calc_v1.v
C:\Users\lingye\AppData\Local\Temp\stylecam_native_rgb_mirror_20261009_build\rtl\dvi_tx\audio_clock_regeneration_packet.sv
C:\Users\lingye\AppData\Local\Temp\stylecam_native_rgb_mirror_20261009_build\rtl\dvi_tx\audio_packet.sv
C:\Users\lingye\AppData\Local\Temp\stylecam_native_rgb_mirror_20261009_build\rtl\dvi_tx\auxiliary_video_information_info_frame.sv
C:\Users\lingye\AppData\Local\Temp\stylecam_native_rgb_mirror_20261009_build\rtl\dvi_tx\audio_infoframe_packet.sv
C:\Users\lingye\AppData\Local\Temp\stylecam_native_rgb_mirror_20261009_build\rtl\dvi_tx\efx_fifo.v
C:\Users\lingye\AppData\Local\Temp\stylecam_native_rgb_mirror_20261009_build\rtl\dvi_tx\Sc_Fifo_Slr8.v
C:\Users\lingye\AppData\Local\Temp\stylecam_native_rgb_mirror_20261009_build\rtl\dvi_tx\packet_assembler.sv
C:\Users\lingye\AppData\Local\Temp\stylecam_native_rgb_mirror_20261009_build\rtl\dvi_tx\encode.v_encrypted.v
C:\Users\lingye\AppData\Local\Temp\stylecam_native_rgb_mirror_20261009_build\rtl\dvi_tx\tx_aux.v_encrypted.v
C:\Users\lingye\AppData\Local\Temp\stylecam_native_rgb_mirror_20261009_build\rtl\dvi_tx\dvi_encoder.v_encrypted.v
C:\Users\lingye\AppData\Local\Temp\stylecam_native_rgb_mirror_20261009_build\rtl\common.v
C:\Users\lingye\AppData\Local\Temp\stylecam_native_rgb_mirror_20261009_build\rtl\conv_layer.v
C:\Users\lingye\AppData\Local\Temp\stylecam_native_rgb_mirror_20261009_build\rtl\mac.v
C:\Users\lingye\AppData\Local\Temp\stylecam_native_rgb_mirror_20261009_build\rtl\requant.v
C:\Users\lingye\AppData\Local\Temp\stylecam_native_rgb_mirror_20261009_build\rtl\sc_async_fifo.v
C:\Users\lingye\AppData\Local\Temp\stylecam_native_rgb_mirror_20261009_build\rtl\sc_display.v
C:\Users\lingye\AppData\Local\Temp\stylecam_native_rgb_mirror_20261009_build\rtl\sc_engine.v
C:\Users\lingye\AppData\Local\Temp\stylecam_native_rgb_mirror_20261009_build\rtl\sc_apb_regs.v
C:\Users\lingye\AppData\Local\Temp\stylecam_native_rgb_mirror_20261009_build\rtl\stylenet_top.v
C:\Users\lingye\AppData\Local\Temp\stylecam_native_rgb_mirror_20261009_build\rtl\swg3.v
C:\Users\lingye\AppData\Local\Temp\stylecam_native_rgb_mirror_20261009_build\rtl\swg3b.v
C:\Users\lingye\AppData\Local\Temp\stylecam_native_rgb_mirror_20261009_build\rtl\ti60f225_oob_top.v
C:\Users\lingye\AppData\Local\Temp\stylecam_native_rgb_mirror_20261009_build\rtl\sc_camera_rgb.v
C:\Users\lingye\AppData\Local\Temp\stylecam_native_rgb_mirror_20261009_build\rtl\sc_capture.v
C:\Users\lingye\AppData\Local\Temp\stylecam_native_rgb_mirror_20261009_build\rtl\sc_video_schedule.v
C:\Users\lingye\AppData\Local\Temp\stylecam_native_rgb_mirror_20261009_build\rtl\sc_write_arbiter.v
C:\Users\lingye\AppData\Local\Temp\stylecam_native_rgb_mirror_20261009_build\rtl\sc431hai\i2c_reg16.v

### ### Report Section Start ### ###

"MEM|SYN-0677" : ... Memory 'line0' is not initialized, assuming empty initial contents. (C:\Users\lingye\AppData\Local\Temp\stylecam_native_rgb_mirror_20261009_build\rtl\sc_camera_rgb.v:61)
"MEM|SYN-0677" : ... Memory 'line1' is not initialized, assuming empty initial contents. (C:\Users\lingye\AppData\Local\Temp\stylecam_native_rgb_mirror_20261009_build\rtl\sc_camera_rgb.v:61)
"MEM|SYN-0677" : ... Memory 'line2' is not initialized, assuming empty initial contents. (C:\Users\lingye\AppData\Local\Temp\stylecam_native_rgb_mirror_20261009_build\rtl\sc_camera_rgb.v:61)
"MEM|SYN-0677" : ... Memory 'line3' is not initialized, assuming empty initial contents. (C:\Users\lingye\AppData\Local\Temp\stylecam_native_rgb_mirror_20261009_build\rtl\sc_camera_rgb.v:61)
"MEM|SYN-0677" : ... Memory 'row_rgb' is not initialized, assuming empty initial contents. (C:\Users\lingye\AppData\Local\Temp\stylecam_native_rgb_mirror_20261009_build\rtl\sc_camera_rgb.v:157)
"MEM|SYN-0677" : ... Memory 'mem' is not initialized, assuming empty initial contents. (C:\Users\lingye\AppData\Local\Temp\stylecam_native_rgb_mirror_20261009_build\rtl\sc_async_fifo.v:6)
"MEM|SYN-0677" : ... Memory 'ram' is not initialized, assuming empty initial contents. (C:\Users\lingye\AppData\Local\Temp\stylecam_native_rgb_mirror_20261009_build\ip\csi_rx_controller\csi_rx_controller.sv:7842)
"MEM|SYN-0677" : ... Memory 'ram' is not initialized, assuming empty initial contents. (C:\Users\lingye\AppData\Local\Temp\stylecam_native_rgb_mirror_20261009_build\ip\csi_rx_controller\csi_rx_controller.sv:7842)
"MEM|SYN-0677" : ... Memory 'mem' is not initialized, assuming empty initial contents. (C:\Users\lingye\AppData\Local\Temp\stylecam_native_rgb_mirror_20261009_build\rtl\sc_async_fifo.v:6)
"MEM|SYN-0677" : ... Memory 'trace' is not initialized, assuming empty initial contents. (C:\Users\lingye\AppData\Local\Temp\stylecam_native_rgb_mirror_20261009_build\rtl\sc_in_refresh.v:10)
"MEM|SYN-0677" : ... Memory 'g_one.mem' is not initialized, assuming empty initial contents. (C:\Users\lingye\AppData\Local\Temp\stylecam_native_rgb_mirror_20261009_build\rtl\common.v:152)
"MEM|SYN-0677" : ... Memory 'mem' is not initialized, assuming empty initial contents. (C:\Users\lingye\AppData\Local\Temp\stylecam_native_rgb_mirror_20261009_build\rtl\common.v:94)
"MEM|SYN-0677" : ... Memory 'prod' is not initialized, assuming empty initial contents. (C:\Users\lingye\AppData\Local\Temp\stylecam_native_rgb_mirror_20261009_build\rtl\mac.v:81)
"MEM|SYN-0677" : ... Memory 'g_one.mem' is not initialized, assuming empty initial contents. (C:\Users\lingye\AppData\Local\Temp\stylecam_native_rgb_mirror_20261009_build\rtl\common.v:152)
"MEM|SYN-0677" : ... Memory 'g_split.m0' is not initialized, assuming empty initial contents. (C:\Users\lingye\AppData\Local\Temp\stylecam_native_rgb_mirror_20261009_build\rtl\common.v:133)
"MEM|SYN-0677" : ... Memory 'g_split.m1' is not initialized, assuming empty initial contents. (C:\Users\lingye\AppData\Local\Temp\stylecam_native_rgb_mirror_20261009_build\rtl\common.v:134)
"MEM|SYN-0677" : ... Memory 'mem' is not initialized, assuming empty initial contents. (C:\Users\lingye\AppData\Local\Temp\stylecam_native_rgb_mirror_20261009_build\rtl\common.v:94)
"MEM|SYN-0677" : ... Memory 'prod' is not initialized, assuming empty initial contents. (C:\Users\lingye\AppData\Local\Temp\stylecam_native_rgb_mirror_20261009_build\rtl\mac.v:81)
"MEM|SYN-0677" : ... Memory 'g_one.mem' is not initialized, assuming empty initial contents. (C:\Users\lingye\AppData\Local\Temp\stylecam_native_rgb_mirror_20261009_build\rtl\common.v:152)
"MEM|SYN-0677" : ... Memory 'g_one.mem' is not initialized, assuming empty initial contents. (C:\Users\lingye\AppData\Local\Temp\stylecam_native_rgb_mirror_20261009_build\rtl\common.v:152)
"MEM|SYN-0677" : ... Memory 'mem' is not initialized, assuming empty initial contents. (C:\Users\lingye\AppData\Local\Temp\stylecam_native_rgb_mirror_20261009_build\rtl\common.v:94)
"MEM|SYN-0677" : ... Memory 'prod' is not initialized, assuming empty initial contents. (C:\Users\lingye\AppData\Local\Temp\stylecam_native_rgb_mirror_20261009_build\rtl\mac.v:228)
"MEM|SYN-0677" : ... Memory 'acc' is not initialized, assuming empty initial contents. (C:\Users\lingye\AppData\Local\Temp\stylecam_native_rgb_mirror_20261009_build\rtl\mac.v:229)
"MEM|SYN-0677" : ... Memory 'obank' is not initialized, assuming empty initial contents. (C:\Users\lingye\AppData\Local\Temp\stylecam_native_rgb_mirror_20261009_build\rtl\mac.v:234)
"MEM|SYN-0677" : ... Memory 'oside' is not initialized, assuming empty initial contents. (C:\Users\lingye\AppData\Local\Temp\stylecam_native_rgb_mirror_20261009_build\rtl\mac.v:235)
"MEM|SYN-0677" : ... Memory 'mem' is not initialized, assuming empty initial contents. (C:\Users\lingye\AppData\Local\Temp\stylecam_native_rgb_mirror_20261009_build\rtl\common.v:94)
"MEM|SYN-0677" : ... Memory 'prod' is not initialized, assuming empty initial contents. (C:\Users\lingye\AppData\Local\Temp\stylecam_native_rgb_mirror_20261009_build\rtl\mac.v:81)
"MEM|SYN-0677" : ... Memory 'mem' is not initialized, assuming empty initial contents. (C:\Users\lingye\AppData\Local\Temp\stylecam_native_rgb_mirror_20261009_build\rtl\common.v:94)
"MEM|SYN-0677" : ... Memory 'prod' is not initialized, assuming empty initial contents. (C:\Users\lingye\AppData\Local\Temp\stylecam_native_rgb_mirror_20261009_build\rtl\mac.v:81)
"MEM|SYN-0677" : ... Memory 'g_split.m0' is not initialized, assuming empty initial contents. (C:\Users\lingye\AppData\Local\Temp\stylecam_native_rgb_mirror_20261009_build\rtl\common.v:133)
"MEM|SYN-0677" : ... Memory 'g_split.m1' is not initialized, assuming empty initial contents. (C:\Users\lingye\AppData\Local\Temp\stylecam_native_rgb_mirror_20261009_build\rtl\common.v:134)
"MEM|SYN-0677" : ... Memory 'mem' is not initialized, assuming empty initial contents. (C:\Users\lingye\AppData\Local\Temp\stylecam_native_rgb_mirror_20261009_build\rtl\common.v:94)
"MEM|SYN-0677" : ... Memory 'prod' is not initialized, assuming empty initial contents. (C:\Users\lingye\AppData\Local\Temp\stylecam_native_rgb_mirror_20261009_build\rtl\mac.v:81)
"MEM|SYN-0677" : ... Memory 'g_one.mem' is not initialized, assuming empty initial contents. (C:\Users\lingye\AppData\Local\Temp\stylecam_native_rgb_mirror_20261009_build\rtl\common.v:152)
"MEM|SYN-0677" : ... Memory 'm1' is not initialized, assuming empty initial contents. (C:\Users\lingye\AppData\Local\Temp\stylecam_native_rgb_mirror_20261009_build\rtl\common.v:187)
"MEM|SYN-0677" : ... Memory 'm2' is not initialized, assuming empty initial contents. (C:\Users\lingye\AppData\Local\Temp\stylecam_native_rgb_mirror_20261009_build\rtl\common.v:188)
"MEM|SYN-0677" : ... Memory 'odd' is not initialized, assuming empty initial contents. (C:\Users\lingye\AppData\Local\Temp\stylecam_native_rgb_mirror_20261009_build\rtl\conv_layer.v:143)
"MEM|SYN-0677" : ... Memory 'rotation' is not initialized, assuming empty initial contents. (C:\Users\lingye\AppData\Local\Temp\stylecam_native_rgb_mirror_20261009_build\rtl\sc_engine.v:31)
"MEM|SYN-0677" : ... Memory 'RegFilePlugin_regFile' is not initialized, assuming empty initial contents. (C:\Users\lingye\AppData\Local\Temp\stylecam_native_rgb_mirror_20261009_build\ip\soc\soc.v:6193)
"MEM|SYN-0677" : ... Memory 'logic_ram' is not initialized, assuming empty initial contents. (C:\Users\lingye\AppData\Local\Temp\stylecam_native_rgb_mirror_20261009_build\ip\soc\soc.v:10254)
"MEM|SYN-0677" : ... Memory 'logic_ram' is not initialized, assuming empty initial contents. (C:\Users\lingye\AppData\Local\Temp\stylecam_native_rgb_mirror_20261009_build\ip\soc\soc.v:9437)
"MEM|SYN-0677" : ... Memory 'logic_ram' is not initialized, assuming empty initial contents. (C:\Users\lingye\AppData\Local\Temp\stylecam_native_rgb_mirror_20261009_build\ip\soc\soc.v:9266)
"MEM|SYN-0677" : ... Memory 'mem' is not initialized, assuming empty initial contents. (C:\Users\lingye\AppData\Local\Temp\stylecam_native_rgb_mirror_20261009_build\rtl\sc_async_fifo.v:6)
"MEM|SYN-0677" : ... Memory 'g_one.mem' is not initialized, assuming empty initial contents. (C:\Users\lingye\AppData\Local\Temp\stylecam_native_rgb_mirror_20261009_build\rtl\common.v:152)
"MEM|SYN-0677" : ... Memory 'mem' is not initialized, assuming empty initial contents. (C:\Users\lingye\AppData\Local\Temp\stylecam_native_rgb_mirror_20261009_build\rtl\sc_async_fifo.v:6)
"MEM|SYN-0677" : ... Memory 'ram' is not initialized, assuming empty initial contents. (C:\Users\lingye\AppData\Local\Temp\stylecam_native_rgb_mirror_20261009_build\rtl\simple_dual_port_ram.v:32)
"MEM|SYN-0677" : ... Memory 'ram' is not initialized, assuming empty initial contents. (C:\Users\lingye\AppData\Local\Temp\stylecam_native_rgb_mirror_20261009_build\rtl\ddr3_controller\common\efx_fifo_v2.3\efx_fifo_wrapper.v:800)
"MEM|SYN-0677" : ... Memory 'ram' is not initialized, assuming empty initial contents. (C:\Users\lingye\AppData\Local\Temp\stylecam_native_rgb_mirror_20261009_build\rtl\ddr3_controller\common\efx_fifo_v2.3\efx_fifo_wrapper.v:800)
"MEM|SYN-0677" : ... Memory 'ram' is not initialized, assuming empty initial contents. (C:\Users\lingye\AppData\Local\Temp\stylecam_native_rgb_mirror_20261009_build\rtl\ddr3_controller\common\efx_fifo_v2.3\efx_fifo_wrapper.v:800)
"MEM|SYN-0677" : ... Memory 'ram' is not initialized, assuming empty initial contents. (C:\Users\lingye\AppData\Local\Temp\stylecam_native_rgb_mirror_20261009_build\rtl\ddr3_controller\common\efx_fifo_v2.3\efx_fifo_wrapper.v:800)
"MULT|SYN-0666" : Mapping into logic multiplier 'mult_36'. (C:\Users\lingye\AppData\Local\Temp\stylecam_native_rgb_mirror_20261009_build\rtl\sc_in_refresh.v:48)
"MEM|OPT-0656" : Optimizing into logic zero initialized read-only memory block 'g_compact.epsilon__D$b12'. (C:\Users\lingye\AppData\Local\Temp\stylecam_native_rgb_mirror_20261009_build\rtl\sc_in_refresh.v:15)
"MEM|OPT-0656" : Optimizing into logic zero initialized read-only memory block 'g_compact.epsilon__D$12'. (C:\Users\lingye\AppData\Local\Temp\stylecam_native_rgb_mirror_20261009_build\rtl\sc_in_refresh.v:15)
"MEM|OPT-0656" : Optimizing into logic zero initialized read-only memory block 'g_compact.epsilon__D$2'. (C:\Users\lingye\AppData\Local\Temp\stylecam_native_rgb_mirror_20261009_build\rtl\sc_in_refresh.v:15)
"MEM|SYN-0657" : Mapping into logic memory block 'oside' (32 bits) (C:\Users\lingye\AppData\Local\Temp\stylecam_native_rgb_mirror_20261009_build\rtl\mac.v:235) because size is too small (<=64)
"MULT|SYN-0666" : Mapping into logic multiplier 'mult_86'. (C:\Users\lingye\AppData\Local\Temp\stylecam_native_rgb_mirror_20261009_build\rtl\swg3.v:77)
"MEM|SYN-0657" : Mapping into logic memory block 'rotation' (12 bits) (C:\Users\lingye\AppData\Local\Temp\stylecam_native_rgb_mirror_20261009_build\rtl\sc_engine.v:31) because size is too small (<=64)
"MEM|SYN-0690" : Inserted write-first bypass logic for memory block 'engine/net/u_ps/odd__D$12' (C:\Users\lingye\AppData\Local\Temp\stylecam_native_rgb_mirror_20261009_build\rtl\conv_layer.v:143).
"MEM|SYN-0690" : Inserted write-first bypass logic for memory block 'engine/net/u_ps/odd__D$b1' (C:\Users\lingye\AppData\Local\Temp\stylecam_native_rgb_mirror_20261009_build\rtl\conv_layer.v:143).
"MEM|SYN-0690" : Inserted write-first bypass logic for memory block 'engine/net/u_ps/odd__D$2' (C:\Users\lingye\AppData\Local\Temp\stylecam_native_rgb_mirror_20261009_build\rtl\conv_layer.v:143).
"MEM|SYN-0657" : Mapping into logic memory block 'engine/net/u_l12/g_k3.g_dense.u_mac/prod' (408 bits) (C:\Users\lingye\AppData\Local\Temp\stylecam_native_rgb_mirror_20261009_build\rtl\mac.v:81) because it has all constant reader/writer.
"MEM|SYN-0657" : Mapping into logic memory block 'engine/net/u_l1/g_k3.g_dense.u_mac/prod' (272 bits) (C:\Users\lingye\AppData\Local\Temp\stylecam_native_rgb_mirror_20261009_build\rtl\mac.v:81) because it has all constant reader/writer.
"MEM|SYN-0657" : Mapping into logic memory block 'engine/net/u_l2/g_k3.g_dw.u_mac/prod' (68 bits) (C:\Users\lingye\AppData\Local\Temp\stylecam_native_rgb_mirror_20261009_build\rtl\mac.v:228) because it has all constant reader/writer.
"MEM|SYN-0657" : Mapping into logic memory block 'engine/net/u_l2/g_k3.g_dw.u_mac/acc' (104 bits) (C:\Users\lingye\AppData\Local\Temp\stylecam_native_rgb_mirror_20261009_build\rtl\mac.v:229) because it has all constant reader/writer.
"MEM|SYN-0657" : Mapping into logic memory block 'engine/net/u_l2/g_k3.g_dw.u_mac/obank' (104 bits) (C:\Users\lingye\AppData\Local\Temp\stylecam_native_rgb_mirror_20261009_build\rtl\mac.v:234) because it failed ram decomposition synthesis.
"MEM|SYN-0657" : Mapping into logic memory block 'engine/net/u_l6/g_k3.g_dw.u_mac/prod' (68 bits) (C:\Users\lingye\AppData\Local\Temp\stylecam_native_rgb_mirror_20261009_build\rtl\mac.v:228) because it has all constant reader/writer.
"MEM|SYN-0657" : Mapping into logic memory block 'engine/net/u_l6/g_k3.g_dw.u_mac/acc' (104 bits) (C:\Users\lingye\AppData\Local\Temp\stylecam_native_rgb_mirror_20261009_build\rtl\mac.v:229) because it has all constant reader/writer.
"MEM|SYN-0657" : Mapping into logic memory block 'engine/net/u_l6/g_k3.g_dw.u_mac/obank' (104 bits) (C:\Users\lingye\AppData\Local\Temp\stylecam_native_rgb_mirror_20261009_build\rtl\mac.v:234) because it failed ram decomposition synthesis.
"MEM|SYN-0657" : Mapping into logic memory block 'engine/net/u_l4/g_k3.g_dw.u_mac/prod' (68 bits) (C:\Users\lingye\AppData\Local\Temp\stylecam_native_rgb_mirror_20261009_build\rtl\mac.v:228) because it has all constant reader/writer.
"MEM|SYN-0657" : Mapping into logic memory block 'engine/net/u_l4/g_k3.g_dw.u_mac/acc' (104 bits) (C:\Users\lingye\AppData\Local\Temp\stylecam_native_rgb_mirror_20261009_build\rtl\mac.v:229) because it has all constant reader/writer.
"MEM|SYN-0657" : Mapping into logic memory block 'engine/net/u_l4/g_k3.g_dw.u_mac/obank' (104 bits) (C:\Users\lingye\AppData\Local\Temp\stylecam_native_rgb_mirror_20261009_build\rtl\mac.v:234) because it failed ram decomposition synthesis.
"MEM|SYN-0657" : Mapping into logic memory block 'engine/net/u_l8/g_k3.g_dw.u_mac/prod' (68 bits) (C:\Users\lingye\AppData\Local\Temp\stylecam_native_rgb_mirror_20261009_build\rtl\mac.v:228) because it has all constant reader/writer.
"MEM|SYN-0657" : Mapping into logic memory block 'engine/net/u_l8/g_k3.g_dw.u_mac/acc' (104 bits) (C:\Users\lingye\AppData\Local\Temp\stylecam_native_rgb_mirror_20261009_build\rtl\mac.v:229) because it has all constant reader/writer.
"MEM|SYN-0657" : Mapping into logic memory block 'engine/net/u_l8/g_k3.g_dw.u_mac/obank' (104 bits) (C:\Users\lingye\AppData\Local\Temp\stylecam_native_rgb_mirror_20261009_build\rtl\mac.v:234) because it failed ram decomposition synthesis.
"MEM|SYN-0657" : Mapping into logic memory block 'engine/net/u_l0/g_k3.g_dense.u_mac/prod' (204 bits) (C:\Users\lingye\AppData\Local\Temp\stylecam_native_rgb_mirror_20261009_build\rtl\mac.v:81) because it has all constant reader/writer.
"MEM|SYN-0657" : Mapping into logic memory block 'engine/net/u_l7/g_k1.u_mac/prod' (68 bits) (C:\Users\lingye\AppData\Local\Temp\stylecam_native_rgb_mirror_20261009_build\rtl\mac.v:81) because it has all constant reader/writer.
"MEM|SYN-0657" : Mapping into logic memory block 'engine/net/u_l9/g_k1.u_mac/prod' (68 bits) (C:\Users\lingye\AppData\Local\Temp\stylecam_native_rgb_mirror_20261009_build\rtl\mac.v:81) because it has all constant reader/writer.
"MEM|SYN-0657" : Mapping into logic memory block 'engine/net/u_l3/g_k1.u_mac/prod' (68 bits) (C:\Users\lingye\AppData\Local\Temp\stylecam_native_rgb_mirror_20261009_build\rtl\mac.v:81) because it has all constant reader/writer.
"MEM|SYN-0657" : Mapping into logic memory block 'engine/net/u_l5/g_k1.u_mac/prod' (68 bits) (C:\Users\lingye\AppData\Local\Temp\stylecam_native_rgb_mirror_20261009_build\rtl\mac.v:81) because it has all constant reader/writer.
"MEM|SYN-0657" : Mapping into logic memory block 'engine/net/u_l11/g_k1.u_mac/prod' (136 bits) (C:\Users\lingye\AppData\Local\Temp\stylecam_native_rgb_mirror_20261009_build\rtl\mac.v:81) because it has all constant reader/writer.
"MEM|SYN-0657" : Mapping into logic memory block 'engine/net/u_l10/g_k3.g_dw.u_mac/prod' (68 bits) (C:\Users\lingye\AppData\Local\Temp\stylecam_native_rgb_mirror_20261009_build\rtl\mac.v:228) because it has all constant reader/writer.
"MEM|SYN-0657" : Mapping into logic memory block 'engine/net/u_l10/g_k3.g_dw.u_mac/acc' (104 bits) (C:\Users\lingye\AppData\Local\Temp\stylecam_native_rgb_mirror_20261009_build\rtl\mac.v:229) because it has all constant reader/writer.
"MEM|SYN-0657" : Mapping into logic memory block 'engine/net/u_l10/g_k3.g_dw.u_mac/obank' (104 bits) (C:\Users\lingye\AppData\Local\Temp\stylecam_native_rgb_mirror_20261009_build\rtl\mac.v:234) because it failed ram decomposition synthesis.
"MEM|SYN-0657" : Mapping into logic memory block 'u_ddr3_top/u_memory_bus_ctl/col_mach/fifo_ram[1].RAM32M0/memory' (256 bits) (C:\Users\lingye\AppData\Local\Temp\stylecam_native_rgb_mirror_20261009_build\rtl\ddr3_controller\memory_bus_ctl\memory_bus_ctl.v:5169) because 'syn_ram_style' directive is 'register' or 'logic'.
"MEM|SYN-0657" : Mapping into logic memory block 'preprocess/gamma' (10240 bits) (C:\Users\lingye\AppData\Local\Temp\stylecam_native_rgb_mirror_20261009_build\rtl\sc_camera_rgb.v:91) because 'syn_ram_style' directive is 'register' or 'logic'.

### ### EFX_FF CE enables (begin) ### ### ###

Total number of enable signals: 964
Total number of FFs with enable signals: 18692
+-------------------------------------------------------------------------------------------------------------------------------------+------------------+
|CE Signal                                                                                                                            |Number of FF loads|
+-------------------------------------------------------------------------------------------------------------------------------------+------------------+
|ceg_net3126                                                                                                                          |              488 |
|engine/net/u_l2/g_k3.g_lb2.u_swg/pwr                                                                                                 |              453 |
|engine/net/u_l6/g_k3.g_lb2.u_swg/pwr                                                                                                 |              453 |
|engine/net/u_l8/g_k3.g_lb2.u_swg/pwr                                                                                                 |              453 |
|engine/net/u_l4/g_k3.g_lb2.u_swg/pwr                                                                                                 |              453 |
|engine/in_update/math/n13021                                                                                                         |              322 |
|engine/net/u_l12/g_k3.g_dense.u_mac/acc_en                                                                                           |              312 |
|engine/net/u_l12/g_k3.g_dense.u_mac/of_we                                                                                            |              310 |
|ceg_net2619                                                                                                                          |              248 |
|engine/in_update/math/n13011                                                                                                         |              245 |
|engine/net/u_l5/g_k1.u_mac/of_we                                                                                                     |              238 |
|engine/net/u_l7/g_k1.u_mac/of_we                                                                                                     |              238 |
|engine/net/u_l9/g_k1.u_mac/of_we                                                                                                     |              238 |
|engine/net/u_l3/g_k1.u_mac/of_we                                                                                                     |              238 |
|preprocess/window_valid                                                                                                              |              216 |
|cpu/u_EfxSapphireSoc/system_cores_0_logic_cpu/execute_arbitration_isStuck                                                            |              214 |
|preprocess/qvalid                                                                                                                    |              192 |
|ceg_net3450                                                                                                                          |              160 |
|engine/in_update/math/n16738                                                                                                         |              160 |
|ceg_net3291                                                                                                                          |              160 |
|ceg_net5479                                                                                                                          |              160 |
|ceg_net3609                                                                                                                          |              160 |
|engine/in_update/math/n16104                                                                                                         |              160 |
|display/n11362                                                                                                                       |              148 |
|engine/net/u_l4/g_k3.g_dw.u_mac/n1260                                                                                                |              136 |
|engine/net/u_l8/g_k3.g_dw.u_mac/n1260                                                                                                |              136 |
|engine/net/u_l2/g_k3.g_dw.u_mac/n1260                                                                                                |              136 |
|engine/net/u_l6/g_k3.g_dw.u_mac/n1260                                                                                                |              136 |
|s_axi_wready                                                                                                                         |              129 |
|u_ddr3_top/u_local_bus_ctl/u1_rdreq                                                                                                  |              128 |
|u_ddr3_top/lb_wdf_rdy                                                                                                                |              128 |
|u_ddr3_top/u_phy_top/u_ddr_phy_if/mpr_rd_en                                                                                          |              128 |
|rs_p[2]                                                                                                                              |              121 |
|preprocess/v1                                                                                                                        |              120 |
|capture/n7151                                                                                                                        |              116 |
|engine/nrst                                                                                                                          |              108 |
|engine/net/u_l4/g_k3.g_dw.u_mac/n587                                                                                                 |              104 |
|engine/net/u_l8/g_k3.g_dw.u_mac/n587                                                                                                 |              104 |
|engine/net/u_l2/g_k3.g_dw.u_mac/n587                                                                                                 |              104 |
|engine/net/u_l10/g_k3.g_dw.u_mac/n587                                                                                                |              104 |
|engine/net/u_l10/g_k3.g_dw.u_mac/n1260                                                                                               |              104 |
|engine/net/u_l6/g_k3.g_dw.u_mac/n587                                                                                                 |              104 |
|engine/net/u_l2/u_rq/n1560                                                                                                           |               96 |
|preprocess/v3                                                                                                                        |               96 |
|engine/net/u_l8/u_rq/n1560                                                                                                           |               96 |
|engine/net/u_l4/u_rq/n1560                                                                                                           |               96 |
|engine/net/u_l6/u_rq/n1560                                                                                                           |               96 |
|preprocess/v2                                                                                                                        |               96 |
|cpu/u_EfxSapphireSoc/system_cores_0_logic_cpu/when_DBusSimplePlugin_l490                                                             |               80 |
|display/n3336                                                                                                                        |               71 |
|cpu/u_EfxSapphireSoc/system_cores_0_dBus_cmd_s2mPipe_ready                                                                           |               71 |
|engine/net/u_l7/u_rq/n2830                                                                                                           |               70 |
|cpu/u_EfxSapphireSoc/system_cores_0_dBus_cmd_rValidN                                                                                 |               70 |
|engine/net/u_l3/u_rq/n2832                                                                                                           |               70 |
|engine/net/u_l5/u_rq/n2832                                                                                                           |               70 |
|engine/net/u_l9/u_rq/n2833                                                                                                           |               69 |
|engine/net/u_l6/u_rq/n2844                                                                                                           |               64 |
|engine/net/u_l2/u_rq/n2844                                                                                                           |               64 |
|engine/net/u_l8/u_rq/n2844                                                                                                           |               64 |
|engine/net/u_l4/u_rq/n2844                                                                                                           |               64 |
|capture/n6                                                                                                                           |               63 |
|replay/fr                                                                                                                            |               63 |
|engine/net/u_l2/u_rq/n2805                                                                                                           |               62 |
|engine/net/u_l6/u_rq/n2805                                                                                                           |               61 |
|engine/net/u_l4/u_rq/n2805                                                                                                           |               60 |
|engine/net/u_l11/u_rq/n2787                                                                                                          |               60 |
|engine/net/u_l8/u_rq/n2805                                                                                                           |               60 |
|cpu/u_EfxSapphireSoc/system_hardJtag_debug_logic_debugger/n557                                                                       |               60 |
|engine/net/u_l0/u_rq/n2787                                                                                                           |               59 |
|engine/net/u_l10/u_rq/n2805                                                                                                          |               59 |
|engine/net/u_l1/u_rq/n2805                                                                                                           |               58 |
|engine/net/u_l12/u_rq/n2794                                                                                                          |               57 |
|engine/n4781                                                                                                                         |               57 |
|cpu/u_EfxSapphireSoc/system_bmbPeripheral_bmb_decoder/io_input_cmd_rValid                                                            |               57 |
|preprocess/n5690                                                                                                                     |               54 |
|preprocess/n9710                                                                                                                     |               54 |
|engine/in_update/n3194                                                                                                               |               50 |
|preprocess/n138                                                                                                                      |               49 |
|regs/n1735                                                                                                                           |               49 |
|preprocess/v6                                                                                                                        |               48 |
|capture/n7667                                                                                                                        |               48 |
|preprocess/accept                                                                                                                    |               46 |
|engine/net/u_l6/g_k3.g_dw.u_mac/n97                                                                                                  |               40 |
|engine/net/u_l4/g_k3.g_dw.u_mac/n97                                                                                                  |               40 |
|engine/net/u_l10/g_k3.g_dw.u_mac/n97                                                                                                 |               40 |
|engine/net/u_l2/g_k3.g_dw.u_mac/n97                                                                                                  |               40 |
|engine/net/u_l8/g_k3.g_dw.u_mac/n97                                                                                                  |               40 |
|engine/in_update/math/n17090                                                                                                         |               38 |
|engine/n6239                                                                                                                         |               37 |
|engine/net/u_l0/g_k3.g_lb3.u_swg/n1945                                                                                               |               36 |
|u_ddr3_top/lb_rdy                                                                                                                    |               36 |
|engine/net/u_l10/g_k3.g_lb3.u_swg/n2026                                                                                              |               36 |
|engine/net/u_l1/g_k3.g_lb3.u_swg/n1979                                                                                               |               36 |
|engine/net/u_l1/g_k3.g_lb3.u_swg/n1976                                                                                               |               35 |
|engine/net/u_l0/g_k3.g_lb3.u_swg/n1942                                                                                               |               35 |
|ceg_net4351                                                                                                                          |               34 |
|engine/n820                                                                                                                          |               34 |
|engine/auto_busy                                                                                                                     |               34 |
|schedule/n1627                                                                                                                       |               33 |
|display/n3265                                                                                                                        |               33 |
|preprocess/n9704                                                                                                                     |               33 |
|ceg_net4287                                                                                                                          |               33 |
|regs/cam_i2c/equal_20/n7                                                                                                             |               33 |
|engine/net/u_l0/g_k3.g_dense.u_mac/u_w/n970                                                                                          |               32 |
|engine/net/u_l3/u_rq/n2871                                                                                                           |               32 |
|engine/net/u_l5/g_k1.u_mac/n3629                                                                                                     |               32 |
|engine/net/u_l0/g_k3.g_dense.u_mac/u_w/n1010                                                                                         |               32 |
|engine/net/u_l4/g_k3.g_dw.u_mac/n1885                                                                                                |               32 |
|engine/net/u_l5/u_rq/n2871                                                                                                           |               32 |
|replay/n2326                                                                                                                         |               32 |
|preprocess/n807                                                                                                                      |               32 |
|cpu/u_EfxSapphireSoc/system_cores_0_logic_cpu/IBusSimplePlugin_rspJoin_rspBuffer_c/fifo/n500                                         |               32 |
|cpu/u_EfxSapphireSoc/system_cores_0_logic_cpu/IBusSimplePlugin_rspJoin_rspBuffer_c/fifo/n499                                         |               32 |
|cpu/u_EfxSapphireSoc/system_cores_0_iBus_cmd_s2mPipe_ready                                                                           |               32 |
|engine/net/u_l2/g_k3.g_dw.u_mac/n1885                                                                                                |               32 |
|cpu/u_EfxSapphireSoc/system_clint_logic/n995                                                                                         |               32 |
|cpu/u_EfxSapphireSoc/system_clint_logic/n994                                                                                         |               32 |
|engine/net/u_ps/n1139                                                                                                                |               32 |
|engine/net/u_ps/n1141                                                                                                                |               32 |
|engine/net/u_l10/u_rq/n2844                                                                                                          |               32 |
|engine/net/u_l1/u_rq/n2844                                                                                                           |               32 |
|engine/n479                                                                                                                          |               32 |
|inst_efx_csi2_rx/u_efx_csi2_rx/csi2_rx_top_inst/genblk3.byte2pixel_inst/valid_depack_64bit                                           |               32 |
|regs/n1689                                                                                                                           |               32 |
|engine/net/u_l12/g_k3.g_dense.u_mac/n4769                                                                                            |               32 |
|engine/net/u_l11/g_k1.u_mac/n3368                                                                                                    |               32 |
|engine/net/u_l11/g_k1.u_mac/u_w/n582                                                                                                 |               32 |
|engine/net/u_l11/u_rq/n2826                                                                                                          |               32 |
|ceg_net6205                                                                                                                          |               32 |
|ceg_net6589                                                                                                                          |               32 |
|engine/net/u_l9/u_rq/n2872                                                                                                           |               32 |
|display/n8392                                                                                                                        |               32 |
|engine/net/u_l8/g_k3.g_dw.u_mac/n1885                                                                                                |               32 |
|engine/net/u_l12/u_rq/n2833                                                                                                          |               32 |
|engine/net/u_l1/g_k3.g_dense.u_mac/n4852                                                                                             |               32 |
|engine/net/u_l1/g_k3.g_dense.u_mac/u_w/n1437                                                                                         |               32 |
|engine/net/u_l6/g_k3.g_dw.u_mac/n1885                                                                                                |               32 |
|engine/net/u_l1/g_k3.g_dense.u_mac/u_w/n1357                                                                                         |               32 |
|engine/net/u_l0/u_rq/n2826                                                                                                           |               32 |
|engine/net/u_l1/g_k3.g_dense.u_mac/u_w/n1477                                                                                         |               32 |
|engine/net/u_l7/g_k1.u_mac/n3629                                                                                                     |               32 |
|engine/net/u_l7/u_rq/n2869                                                                                                           |               32 |
|engine/net/u_l9/g_k1.u_mac/n3629                                                                                                     |               32 |
|engine/net/u_l3/g_k1.u_mac/n3629                                                                                                     |               32 |
|ceg_net3658                                                                                                                          |               32 |
|engine/net/u_l12/g_k3.g_dense.u_mac/u_w/n2349                                                                                        |               32 |
|engine/net/u_l12/g_k3.g_dense.u_mac/u_w/n2133                                                                                        |               32 |
|engine/net/u_l12/g_k3.g_dense.u_mac/u_w/n2213                                                                                        |               32 |
|engine/net/u_l12/g_k3.g_dense.u_mac/u_w/n2253                                                                                        |               32 |
|ceg_net3654                                                                                                                          |               32 |
|engine/net/u_l12/g_k3.g_dense.u_mac/u_w/n2333                                                                                        |               32 |
|ceg_net2558                                                                                                                          |               32 |
|ceg_net2560                                                                                                                          |               32 |
|capture/n7244                                                                                                                        |               32 |
|cpu/u_EfxSapphireSoc/system_cores_0_logic_cpu/when_Pipeline_l124_42                                                                  |               32 |
|ceg_net6063                                                                                                                          |               32 |
|ceg_net4071                                                                                                                          |               32 |
|capture/n7182                                                                                                                        |               32 |
|capture/n8255                                                                                                                        |               32 |
|cpu/u_EfxSapphireSoc/system_cores_0_iBus_cmd_rValidN                                                                                 |               31 |
|inst_efx_csi2_rx/u_efx_csi2_rx/csi2_rx_top_inst/depacketizer_inst/n2788                                                              |               30 |
|cpu/u_EfxSapphireSoc/system_cores_0_logic_cpu/when_Fetcher_l160                                                                      |               30 |
|cpu/u_EfxSapphireSoc/system_cores_0_logic_cpu/decode_arbitration_isStuck                                                             |               30 |
|display/upload_fifo/n79                                                                                                              |               30 |
|cpu/u_EfxSapphireSoc/system_cores_0_logic_cpu/IBusSimplePlugin_iBusRsp_stages_2_output_ready                                         |               30 |
|cpu/u_EfxSapphireSoc/system_cores_0_logic_cpu/CsrPlugin_exceptionPortCtrl_exceptionValidsRegs_writeBack                              |               30 |
|cpu/u_EfxSapphireSoc/system_cores_0_logic_cpu/n16118                                                                                 |               30 |
|cpu/u_EfxSapphireSoc/system_uart_0_io_logic_io_bus_cmd_ready                                                                         |               29 |
|replay/n1159                                                                                                                         |               29 |
|display/n8409                                                                                                                        |               28 |
|cpu/u_EfxSapphireSoc/system_uart_0_io_ctrl_slaveModel_arbiterGen_oneToOne_arbiter_cmd_rValid                                         |               28 |
|cpu/u_EfxSapphireSoc/_zz_system_uart_0_io_ctrl_slaveModel_arbiterGen_oneToOne_arbiter_rsp_valid_1                                    |               28 |
|engine/net/u_l0/g_k3.g_dense.u_mac/n375                                                                                              |               28 |
|ceg_net4355                                                                                                                          |               28 |
|engine/net/u_l5/n43                                                                                                                  |               27 |
|engine/net/u_l4/n89                                                                                                                  |               27 |
|u_ddr3_top/u_memory_bus_ctl/u_bank_mach/idle_ns[0]                                                                                   |               27 |
|u_ddr3_top/u_memory_bus_ctl/u_bank_mach/idle_ns[1]                                                                                   |               27 |
|engine/net/u_l1/n89                                                                                                                  |               27 |
|engine/net/u_l9/n43                                                                                                                  |               27 |
|engine/net/u_l3/n43                                                                                                                  |               27 |
|engine/net/u_l8/n89                                                                                                                  |               27 |
|engine/net/u_l2/n89                                                                                                                  |               27 |
|engine/net/u_l10/n89                                                                                                                 |               27 |
|engine/net/u_l6/n89                                                                                                                  |               27 |
|u_ddr3_top/u_memory_bus_ctl/u_bank_mach/idle_ns[3]                                                                                   |               27 |
|engine/net/u_l7/n43                                                                                                                  |               27 |
|u_ddr3_top/u_memory_bus_ctl/u_bank_mach/idle_ns[2]                                                                                   |               27 |
|engine/net/u_l0/n81                                                                                                                  |               26 |
|cpu/u_EfxSapphireSoc/system_spi_0_io_ctrl_slaveModel_arbiterGen_oneToOne_arbiter_cmd_rValid                                          |               26 |
|engine/net/u_l12/n89                                                                                                                 |               26 |
|engine/net/u_l11/n43                                                                                                                 |               26 |
|regs/n1720                                                                                                                           |               25 |
|ceg_net4279                                                                                                                          |               25 |
|regs/cam_i2c/n2153                                                                                                                   |               25 |
|u_ddr3_top/u_local_bus_ctl/n7                                                                                                        |               24 |
|display/n11991                                                                                                                       |               24 |
|display/n12039                                                                                                                       |               24 |
|ceg_net5470                                                                                                                          |               24 |
|engine/net/u_l0/g_k3.g_dense.u_mac/n3840                                                                                             |               24 |
|display/n11672                                                                                                                       |               24 |
|engine/net/u_ps/n1142                                                                                                                |               24 |
|inst_efx_csi2_rx/u_efx_csi2_rx/csi2_rx_top_inst/depacketizer_inst/genblk4.ecc_check_inst/n232                                        |               24 |
|ceg_net3735                                                                                                                          |               22 |
|replay/n1042                                                                                                                         |               21 |
|display/n8431                                                                                                                        |               21 |
|reads/n425                                                                                                                           |               21 |
|u_ddr3_top/u_memory_bus_ctl/rank_mach/u_rank_common/n64                                                                              |               20 |
|engine/net/u_l1/g_k3.g_lb3.u_swg/wr_fire                                                                                             |               20 |
|cpu/u_EfxSapphireSoc/system_uart_0_io_logic/n687                                                                                     |               20 |
|display/equal_314/n23                                                                                                                |               20 |
|regs/n70                                                                                                                             |               19 |
|capture/fifo/n764                                                                                                                    |               19 |
|engine/take                                                                                                                          |               19 |
|display/display_fifo/n91                                                                                                             |               19 |
|display/display_fifo/n1040                                                                                                           |               19 |
|engine/net/u_l9/u_rq/n1588                                                                                                           |               19 |
|capture/fifo/n91                                                                                                                     |               19 |
|regs/n1702                                                                                                                           |               19 |
|engine/in_update/math/n15776                                                                                                         |               18 |
|engine/net/u_l6/g_k3.g_lb2.u_swg/n7275                                                                                               |               18 |
|engine/net/u_l6/g_k3.g_lb2.u_swg/n7272                                                                                               |               18 |
|engine/net/u_l10/g_k3.g_lb3.u_swg/n2031                                                                                              |               18 |
|engine/net/u_l2/g_k3.g_lb2.u_swg/n7275                                                                                               |               18 |
|engine/net/u_l2/g_k3.g_lb2.u_swg/n7272                                                                                               |               18 |
|engine/net/u_l4/g_k3.g_lb2.u_swg/n7272                                                                                               |               18 |
|engine/net/u_l4/g_k3.g_lb2.u_swg/n7275                                                                                               |               18 |
|engine/net/u_l12/g_k3.g_lb2.u_swg/n5626                                                                                              |               18 |
|engine/net/u_l12/g_k3.g_lb2.u_swg/n5629                                                                                              |               18 |
|engine/net/u_l8/g_k3.g_lb2.u_swg/n7272                                                                                               |               18 |
|engine/net/u_l8/g_k3.g_lb2.u_swg/n7275                                                                                               |               18 |
|inst_efx_csi2_rx/u_efx_csi2_rx/csi2_rx_top_inst/n41                                                                                  |               18 |
|engine/net/u_l8/g_k3.g_lb2.u_swg/n7242                                                                                               |               17 |
|engine/net/u_l6/g_k3.g_lb2.u_swg/n7242                                                                                               |               17 |
|engine/net/u_l4/g_k3.g_lb2.u_swg/n7242                                                                                               |               17 |
|engine/net/u_l12/g_k3.g_lb2.u_swg/n5596                                                                                              |               17 |
|engine/net/u_l2/g_k3.g_lb2.u_swg/n7242                                                                                               |               17 |
|engine/net/u_l6/u_rq/n2798                                                                                                           |               16 |
|ceg_net3073                                                                                                                          |               16 |
|engine/net/u_l0/g_k3.g_dense.u_mac/n3094                                                                                             |               16 |
|engine/net/u_l8/g_k3.g_lb2.u_swg/n7235                                                                                               |               16 |
|engine/net/u_l0/g_k3.g_dense.u_mac/n194                                                                                              |               16 |
|engine/net/u_l12/g_k3.g_lb2.u_swg/n5603                                                                                              |               16 |
|engine/net/u_l12/g_k3.g_lb2.u_swg/n5602                                                                                              |               16 |
|ceg_net3035                                                                                                                          |               16 |
|engine/net/u_l7/g_k1.u_mac/n2659                                                                                                     |               16 |
|engine/net/u_l12/g_k3.g_lb2.u_swg/n5589                                                                                              |               16 |
|engine/net/u_l7/g_k1.u_mac/n160                                                                                                      |               16 |
|regs/n1698                                                                                                                           |               16 |
|regs/n1696                                                                                                                           |               16 |
|engine/net/u_l6/u_rq/n2896                                                                                                           |               16 |
|engine/net/u_l6/u_rq/n2922                                                                                                           |               16 |
|engine/net/u_l6/u_rq/n2930                                                                                                           |               16 |
|engine/net/u_l4/g_k3.g_lb2.u_swg/n7249                                                                                               |               16 |
|engine/net/u_l4/g_k3.g_lb2.u_swg/n7248                                                                                               |               16 |
|ceg_net3064                                                                                                                          |               16 |
|engine/net/u_l4/g_k3.g_lb2.u_swg/n7235                                                                                               |               16 |
|regs/n1697                                                                                                                           |               16 |
|engine/net/u_l5/g_k1.u_mac/n2659                                                                                                     |               16 |
|engine/net/u_l2/g_k3.g_lb2.u_swg/n7235                                                                                               |               16 |
|engine/net/u_l2/u_rq/n2896                                                                                                           |               16 |
|engine/net/u_l2/u_rq/n2921                                                                                                           |               16 |
|engine/net/u_l2/u_rq/n2929                                                                                                           |               16 |
|engine/net/u_l6/g_k3.g_lb2.u_swg/n7249                                                                                               |               16 |
|engine/net/u_l6/g_k3.g_lb2.u_swg/n7248                                                                                               |               16 |
|ceg_net3055                                                                                                                          |               16 |
|engine/net/u_l6/g_k3.g_lb2.u_swg/n7235                                                                                               |               16 |
|engine/net/u_ps/n1137                                                                                                                |               16 |
|engine/net/u_l2/g_k3.g_lb2.u_swg/n7249                                                                                               |               16 |
|engine/net/u_l2/g_k3.g_lb2.u_swg/n7248                                                                                               |               16 |
|ceg_net3046                                                                                                                          |               16 |
|engine/net/u_l8/g_k3.g_lb2.u_swg/n7248                                                                                               |               16 |
|n93                                                                                                                                  |               16 |
|engine/net/u_l12/g_k3.g_dense.u_mac/n297                                                                                             |               16 |
|engine/net/u_l2/u_rq/n2798                                                                                                           |               16 |
|engine/net/u_l12/g_k3.g_dense.u_mac/n4112                                                                                            |               16 |
|engine/net/u_l11/g_k1.u_mac/n171                                                                                                     |               16 |
|engine/net/u_l11/g_k1.u_mac/n2606                                                                                                    |               16 |
|engine/net/u_l10/u_rq/n2798                                                                                                          |               16 |
|engine/net/u_l0/g_k3.g_lb3.u_swg/n1910                                                                                               |               16 |
|engine/net/u_l4/u_rq/n2931                                                                                                           |               16 |
|engine/net/u_l0/g_k3.g_lb3.u_swg/n1909                                                                                               |               16 |
|engine/net/u_l8/g_k3.g_lb2.u_swg/n7249                                                                                               |               16 |
|engine/net/u_l9/g_k1.u_mac/n2659                                                                                                     |               16 |
|engine/net/u_l8/u_rq/n2896                                                                                                           |               16 |
|engine/net/u_l4/u_rq/n2798                                                                                                           |               16 |
|engine/net/u_l8/u_rq/n2923                                                                                                           |               16 |
|engine/net/u_l3/g_k1.u_mac/n160                                                                                                      |               16 |
|engine/net/u_l9/g_k1.u_mac/n160                                                                                                      |               16 |
|engine/net/u_l8/u_rq/n2931                                                                                                           |               16 |
|engine/net/u_l1/g_k3.g_lb3.u_swg/n1944                                                                                               |               16 |
|engine/net/u_l1/g_k3.g_lb3.u_swg/n1943                                                                                               |               16 |
|engine/net/u_l1/g_k3.g_dense.u_mac/n254                                                                                              |               16 |
|engine/net/u_l1/g_k3.g_dense.u_mac/n3883                                                                                             |               16 |
|engine/net/u_l10/g_k3.g_lb3.u_swg/n1982                                                                                              |               16 |
|engine/net/u_l5/g_k1.u_mac/n160                                                                                                      |               16 |
|engine/net/u_l10/g_k3.g_lb3.u_swg/n1983                                                                                              |               16 |
|engine/net/u_l8/u_rq/n2798                                                                                                           |               16 |
|engine/net/u_l4/u_rq/n2896                                                                                                           |               16 |
|engine/net/u_l4/u_rq/n2923                                                                                                           |               16 |
|engine/net/u_l3/g_k1.u_mac/n2659                                                                                                     |               16 |
|ceg_net1243                                                                                                                          |               14 |
|engine/in_update/n3140                                                                                                               |               14 |
|ceg_net1228                                                                                                                          |               13 |
|replay/fifo/n1124                                                                                                                    |               13 |
|ceg_net1231                                                                                                                          |               13 |
|ceg_net3611                                                                                                                          |               13 |
|display/upload_fifo/n1244                                                                                                            |               13 |
|replay/fifo/n79                                                                                                                      |               13 |
|ceg_net2418                                                                                                                          |               12 |
|cpu/u_EfxSapphireSoc/system_spi_0_io_logic/n843                                                                                      |               12 |
|ceg_net2383                                                                                                                          |               12 |
|cpu/u_EfxSapphireSoc/system_spi_0_io_logic/n844                                                                                      |               12 |
|cpu/u_EfxSapphireSoc/system_spi_0_io_logic/n845                                                                                      |               12 |
|cpu/u_EfxSapphireSoc/system_spi_0_io_logic/n846                                                                                      |               12 |
|u_ddr3_top/u_phy_top/u_ddr_mpr_rdlvl/n520                                                                                            |               12 |
|ceg_net2453                                                                                                                          |               12 |
|cpu/u_EfxSapphireSoc/system_spi_0_io_logic/mapping_cmdLogic_streamUnbuffered_queueWithAvailability_io_pop_s2mPipe_ready              |               12 |
|ceg_net2348                                                                                                                          |               12 |
|cpu/u_EfxSapphireSoc/when_ClockDomainGenerator_l222                                                                                  |               12 |
|inst_efx_csi2_rx/u_efx_csi2_rx/csi2_rx_top_inst/genblk3.byte2pixel_inst/u1_inst/wr_en_int                                            |               11 |
|engine/net/u_l12/u_rq/n1551                                                                                                          |               11 |
|cpu/u_EfxSapphireSoc/system_spi_0_io_logic/mapping_cmdLogic_streamUnbuffered_queueWithAvailability_io_pop_rValidN                    |               11 |
|u_ddr3_top/u_phy_top/u_ddr_phy_if/u4_din_fifo/u_efx_fifo_top/rd_en_int                                                               |               10 |
|u_ddr3_top/u_phy_top/u_ddr_phy_if/u1_cmd_fifo/u_efx_fifo_top/rd_en_int                                                               |               10 |
|u_ddr3_top/u_phy_top/u_ddr_phy_if/u2_ctl_fifo/u_efx_fifo_top/rd_en_int                                                               |               10 |
|u_ddr3_top/u_phy_top/u_ddr_phy_if/u3_dout_fifo/u_efx_fifo_top/rd_en_int                                                              |               10 |
|engine/n5                                                                                                                            |               10 |
|display/n2220                                                                                                                        |                9 |
|u_ddr3_top/u_phy_top/u_ddr_phy_init/pwron_ce_r                                                                                       |                9 |
|u_ddr3_top/u_axi4_bus_ctl/axi_mc_cmd_arbiter_0/n310                                                                                  |                9 |
|u_ddr3_top/u_axi4_bus_ctl/axi_mc_cmd_arbiter_0/n309                                                                                  |                9 |
|ceg_net2499                                                                                                                          |                8 |
|engine/net/u_l9/u_rq/n2829                                                                                                           |                8 |
|engine/net/u_l12/g_k3.g_dense.u_mac/n4766                                                                                            |                8 |
|engine/net/u_l9/u_rq/n2924                                                                                                           |                8 |
|engine/net/u_l0/g_k3.g_lb3.u_swg/n1938                                                                                               |                8 |
|engine/net/u_l1/u_rq/n2801                                                                                                           |                8 |
|ceg_net2486                                                                                                                          |                8 |
|engine/net/u_l1/u_rq/n2896                                                                                                           |                8 |
|cpu/u_EfxSapphireSoc/system_hardJtag_debug_logic_debugger/n555                                                                       |                8 |
|u_ddr3_top/u_phy_top/u_ddr_mpr_rdlvl/rd_active_r                                                                                     |                8 |
|ceg_net3683                                                                                                                          |                8 |
|engine/net/u_l5/g_k1.u_mac/n3626                                                                                                     |                8 |
|engine/net/u_l6/g_k3.g_lb2.u_swg/wr_fire                                                                                             |                8 |
|engine/net/u_l6/g_k3.g_lb2.u_swg/commit                                                                                              |                8 |
|engine/net/u_l6/g_k3.g_lb2.u_swg/n7270                                                                                               |                8 |
|engine/in_update/n2636                                                                                                               |                8 |
|engine/net/u_l3/g_k1.u_mac/n357                                                                                                      |                8 |
|engine/net/u_l1/u_rq/n2925                                                                                                           |                8 |
|engine/net/u_l1/u_rq/n2933                                                                                                           |                8 |
|engine/net/u_l8/u_rq/n2801                                                                                                           |                8 |
|engine/net/u_l1/u_rq/n1560                                                                                                           |                8 |
|engine/net/u_l4/u_rq/n2801                                                                                                           |                8 |
|engine/net/u_l2/g_k3.g_lb2.u_swg/commit                                                                                              |                8 |
|engine/net/u_l2/g_k3.g_lb2.u_swg/n7270                                                                                               |                8 |
|engine/net/u_l7/u_rq/n2826                                                                                                           |                8 |
|engine/net/u_l12/g_k3.g_lb2.u_swg/wr_fire                                                                                            |                8 |
|engine/net/u_l12/g_k3.g_lb2.u_swg/n5624                                                                                              |                8 |
|engine/net/u_l9/g_k1.u_mac/n3626                                                                                                     |                8 |
|engine/net/u_l0/u_rq/n2932                                                                                                           |                8 |
|engine/net/u_l0/u_rq/n2924                                                                                                           |                8 |
|engine/net/u_l6/u_rq/n2801                                                                                                           |                8 |
|engine/net/u_l0/u_rq/n2896                                                                                                           |                8 |
|engine/net/u_l7/u_rq/n2954                                                                                                           |                8 |
|engine/net/u_l7/u_rq/n2946                                                                                                           |                8 |
|engine/net/u_l7/u_rq/n2921                                                                                                           |                8 |
|engine/net/u_l7/g_k1.u_mac/n357                                                                                                      |                8 |
|engine/net/u_l12/g_k3.g_lb2.u_swg/commit                                                                                             |                8 |
|engine/net/u_l4/g_k3.g_lb2.u_swg/wr_fire                                                                                             |                8 |
|engine/net/u_l9/g_k1.u_mac/n357                                                                                                      |                8 |
|engine/net/u_l4/g_k3.g_lb2.u_swg/commit                                                                                              |                8 |
|engine/net/u_l4/g_k3.g_lb2.u_swg/n7270                                                                                               |                8 |
|engine/net/u_l1/g_k3.g_dense.u_mac/n4849                                                                                             |                8 |
|ceg_net6080                                                                                                                          |                8 |
|ceg_net6083                                                                                                                          |                8 |
|ceg_net6421                                                                                                                          |                8 |
|engine/net/u_l12/u_rq/n2885                                                                                                          |                8 |
|engine/net/u_l12/u_rq/n2915                                                                                                          |                8 |
|engine/net/u_l12/u_rq/n2923                                                                                                          |                8 |
|engine/net/u_l10/u_rq/n2932                                                                                                          |                8 |
|engine/net/u_l5/u_rq/n2956                                                                                                           |                8 |
|engine/net/u_l9/u_rq/n2950                                                                                                           |                8 |
|engine/net/u_l9/u_rq/n2958                                                                                                           |                8 |
|engine/net/u_l11/g_k1.u_mac/n3365                                                                                                    |                8 |
|engine/net/u_l1/g_k3.g_lb3.u_swg/n1972                                                                                               |                8 |
|engine/net/u_l11/u_rq/n2896                                                                                                          |                8 |
|engine/net/u_l11/u_rq/n2923                                                                                                          |                8 |
|engine/net/u_l11/u_rq/n2931                                                                                                          |                8 |
|engine/net/u_l10/u_rq/n2801                                                                                                          |                8 |
|engine/net/u_l10/u_rq/n2896                                                                                                          |                8 |
|engine/net/u_l10/u_rq/n2924                                                                                                          |                8 |
|engine/net/u_l5/u_rq/n2948                                                                                                           |                8 |
|engine/net/u_l0/g_k3.g_dense.u_mac/n3837                                                                                             |                8 |
|engine/net/u_l8/g_k3.g_lb2.u_swg/wr_fire                                                                                             |                8 |
|engine/net/u_l3/g_k1.u_mac/n3626                                                                                                     |                8 |
|engine/net/u_l8/g_k3.g_lb2.u_swg/commit                                                                                              |                8 |
|engine/net/u_l5/g_k1.u_mac/n357                                                                                                      |                8 |
|engine/net/u_l3/u_rq/n2828                                                                                                           |                8 |
|engine/net/u_l8/g_k3.g_lb2.u_swg/n7270                                                                                               |                8 |
|ceg_net6023                                                                                                                          |                8 |
|engine/net/u_l10/g_k3.g_lb3.u_swg/n2024                                                                                              |                8 |
|engine/net/u_l7/g_k1.u_mac/n3626                                                                                                     |                8 |
|engine/net/u_l3/u_rq/n2923                                                                                                           |                8 |
|engine/net/u_l3/u_rq/n2948                                                                                                           |                8 |
|engine/net/u_l2/u_rq/n2801                                                                                                           |                8 |
|ceg_net2512                                                                                                                          |                8 |
|ceg_net2525                                                                                                                          |                8 |
|engine/net/u_l3/u_rq/n2956                                                                                                           |                8 |
|engine/net/u_l5/u_rq/n2828                                                                                                           |                8 |
|engine/net/u_l5/u_rq/n2923                                                                                                           |                8 |
|display/equal_424/n9                                                                                                                 |                7 |
|cpu/u_EfxSapphireSoc/system_uart_0_io_logic/uartCtrl_1/rx/when_UartCtrlRx_l69                                                        |                7 |
|engine/net/u_l12/u_rq/n2790                                                                                                          |                7 |
|cpu/u_EfxSapphireSoc/system_spi_0_io_logic/ctrl_io_rsp_queueWithOccupancy/logic_pop_sync_readArbitation_fire                         |                7 |
|cpu/u_EfxSapphireSoc/system_spi_0_io_logic/mapping_cmdLogic_streamUnbuffered_queueWithAvailability/io_push_fire                      |                7 |
|engine/net/u_l11/u_rq/n2783                                                                                                          |                7 |
|cpu/u_EfxSapphireSoc/system_spi_0_io_logic/ctrl_io_rsp_queueWithOccupancy/io_push_fire                                               |                7 |
|cpu/u_EfxSapphireSoc/system_uart_0_io_logic/bridge_write_streamUnbuffered_queueWithOccupancy/logic_pop_addressGen_fire               |                7 |
|cpu/u_EfxSapphireSoc/system_spi_0_io_logic/ctrl_io_rsp_queueWithOccupancy/logic_pop_addressGen_fire                                  |                7 |
|cpu/u_EfxSapphireSoc/system_uart_0_io_logic/bridge_write_streamUnbuffered_queueWithOccupancy/io_push_fire                            |                7 |
|cpu/u_EfxSapphireSoc/system_uart_0_io_logic/uartCtrl_1_io_read_queueWithOccupancy/io_push_fire                                       |                7 |
|cpu/u_EfxSapphireSoc/system_uart_0_io_logic/uartCtrl_1_io_read_queueWithOccupancy/logic_pop_addressGen_fire                          |                7 |
|cpu/u_EfxSapphireSoc/system_spi_0_io_logic/mapping_cmdLogic_streamUnbuffered_queueWithAvailability/logic_pop_sync_readArbitation_fire|                7 |
|cpu/u_EfxSapphireSoc/system_uart_0_io_logic/bridge_write_streamUnbuffered_queueWithOccupancy/logic_pop_sync_readArbitation_fire      |                7 |
|cpu/u_EfxSapphireSoc/system_uart_0_io_logic/uartCtrl_1_io_read_queueWithOccupancy/logic_pop_sync_readArbitation_fire                 |                7 |
|cpu/u_EfxSapphireSoc/system_spi_0_io_logic/mapping_cmdLogic_streamUnbuffered_queueWithAvailability/logic_pop_addressGen_fire         |                7 |
|engine/net/u_l0/u_rq/n2783                                                                                                           |                7 |
|u_ddr3_top/u_phy_top/u_ddr_phy_init/equal_205/n13                                                                                    |                6 |
|regs/n1797                                                                                                                           |                6 |
|u_ddr3_top/u_memory_bus_ctl/rank_mach/u_rank_common/n28                                                                              |                6 |
|capture/taking                                                                                                                       |                6 |
|cpu/u_EfxSapphireSoc/system_bmbPeripheral_bmb_decoder/io_input_cmd_fire                                                              |                6 |
|cpu/u_EfxSapphireSoc/when_ClockDomainGenerator_l222_1                                                                                |                6 |
|regs/n1686                                                                                                                           |                6 |
|cpu/u_EfxSapphireSoc/system_uart_0_io_logic/n699                                                                                     |                6 |
|display/flush                                                                                                                        |                6 |
|ceg_net3652                                                                                                                          |                6 |
|cpu/u_EfxSapphireSoc/system_cores_0_logic_cpu/n16068                                                                                 |                6 |
|ceg_net3648                                                                                                                          |                6 |
|u_ddr3_top/phy_rddata_valid                                                                                                          |                5 |
|inst_efx_csi2_rx/u_efx_csi2_rx/csi2_rx_top_inst/genblk2.lane_aligner_inst/genblk1[0].u1_inst/wr_en_int                               |                5 |
|cpu/u_EfxSapphireSoc/system_cores_0_logic_cpu/n16432                                                                                 |                5 |
|inst_efx_csi2_rx/u_efx_csi2_rx/csi2_rx_top_inst/genblk2.lane_aligner_inst/genblk1[3].u1_inst/wr_en_int                               |                5 |
|u_ddr3_top/u_memory_bus_ctl/mc_cmd_ns[1]                                                                                             |                5 |
|u_ddr3_top/u_phy_top/u_ddr_phy_if/u1_cmd_fifo/u_efx_fifo_top/wr_en_int                                                               |                5 |
|inst_efx_csi2_rx/u_efx_csi2_rx/csi2_rx_top_inst/genblk2.lane_aligner_inst/genblk1[2].u1_inst/wr_en_int                               |                5 |
|n1000                                                                                                                                |                5 |
|ceg_net3024                                                                                                                          |                5 |
|inst_efx_csi2_rx/u_efx_csi2_rx/csi2_rx_top_inst/genblk2.lane_aligner_inst/genblk1[1].u1_inst/wr_en_int                               |                5 |
|ceg_net3731                                                                                                                          |                5 |
|u_ddr3_top/u_phy_top/u_ddr_phy_if/u4_din_fifo/u_efx_fifo_top/wr_en_int                                                               |                5 |
|u_ddr3_top/u_memory_bus_ctl/u_bank_mach/rnk_config_strobe                                                                            |                5 |
|u_ddr3_top/u_memory_bus_ctl/rank_mach/u_rank_common/n168                                                                             |                5 |
|display/n5344                                                                                                                        |                5 |
|ceg_net4083                                                                                                                          |                5 |
|u_ddr3_top/u_phy_top/u_ddr_phy_if/u3_dout_fifo/u_efx_fifo_top/wr_en_int                                                              |                5 |
|u_ddr3_top/u_phy_top/u_ddr_phy_if/u2_ctl_fifo/u_efx_fifo_top/wr_en_int                                                               |                5 |
|cpu/u_EfxSapphireSoc/system_bmbPeripheral_bmb_decoder/when_BmbDecoder_l56                                                            |                5 |
|ceg_net3684                                                                                                                          |                5 |
|engine/n228                                                                                                                          |                4 |
|u_ddr3_top/u_phy_top/u_ddr_phy_rdlvl_dqs/n525                                                                                        |                4 |
|ceg_net4353                                                                                                                          |                4 |
|ceg_net6166                                                                                                                          |                4 |
|u_ddr3_top/u_memory_bus_ctl/u_bank_mach/u_arb_mux/send_cmd2_pre                                                                      |                4 |
|engine/net/u_l1/u_rq/n1548                                                                                                           |                4 |
|u_ddr3_top/mc_debug_port[15]                                                                                                         |                4 |
|u_ddr3_top/u_memory_bus_ctl/u_bank_mach/sent_row                                                                                     |                4 |
|engine/net/u_l2/u_rq/n1548                                                                                                           |                4 |
|engine/net/u_l12/g_k3.g_dense.u_mac/n4779                                                                                            |                4 |
|ceg_net4089                                                                                                                          |                4 |
|u_ddr3_top/u_phy_top/u_ddr_phy_rdlvl_dqs/equal_63/n5                                                                                 |                4 |
|engine/net/u_l3/u_rq/n1575                                                                                                           |                4 |
|ceg_net3639                                                                                                                          |                4 |
|u_ddr3_top/u_phy_top/u_ddr_phy_wrlvl/n737                                                                                            |                4 |
|ceg_net3708                                                                                                                          |                4 |
|u_ddr3_top/u_phy_top/u_ddr_phy_wrlvl/n573                                                                                            |                4 |
|cpu/u_EfxSapphireSoc/system_uart_0_io_logic/uartCtrl_1/clockDivider_tickReg                                                          |                4 |
|ceg_net3662                                                                                                                          |                4 |
|engine/net/u_l10/u_rq/n1548                                                                                                          |                4 |
|engine/net/u_l0/u_rq/n1532                                                                                                           |                4 |
|ceg_net3707                                                                                                                          |                4 |
|u_ddr3_top/u_phy_top/u_ddr_phy_init/equal_184/n13                                                                                    |                4 |
|engine/net/u_l7/u_rq/n1573                                                                                                           |                4 |
|engine/net/u_l11/u_rq/n1532                                                                                                          |                4 |
|publish                                                                                                                              |                4 |
|engine/net/u_l6/u_rq/n1548                                                                                                           |                4 |
|u_ddr3_top/u_phy_top/u_ddr_phy_if/n2410                                                                                              |                4 |
|regs/n1687                                                                                                                           |                4 |
|u_ddr3_top/u_phy_top/u_ddr_phy_if/n2476                                                                                              |                4 |
|u_ddr3_top/u_phy_top/u_ddr_phy_rdlvl_dqs/n674                                                                                        |                4 |
|display/n5357                                                                                                                        |                4 |
|u_ddr3_top/u_phy_top/u_ddr_phy_rdlvl_dqs/n567                                                                                        |                4 |
|replay/n965                                                                                                                          |                4 |
|ceg_net6546                                                                                                                          |                4 |
|u_ddr3_top/u_phy_top/u_ddr_phy_wrlvl/n358                                                                                            |                4 |
|engine/net/u_l11/g_k1.u_mac/n368                                                                                                     |                4 |
|ceg_net4070                                                                                                                          |                4 |
|ceg_net965                                                                                                                           |                4 |
|ceg_net962                                                                                                                           |                4 |
|engine/net/u_l9/u_rq/n1576                                                                                                           |                4 |
|engine/net/u_l12/g_k3.g_lb2.u_swg/pwr                                                                                                |                4 |
|ceg_net959                                                                                                                           |                4 |
|ceg_net1199                                                                                                                          |                4 |
|engine/net/u_l12/u_rq/n1539                                                                                                          |                4 |
|engine/net/u_l4/u_rq/n1548                                                                                                           |                4 |
|engine/net/u_l1/g_k3.g_dense.u_mac/n451                                                                                              |                4 |
|engine/net/u_l8/u_rq/n1548                                                                                                           |                4 |
|engine/net/u_l5/u_rq/n1575                                                                                                           |                4 |
|cpu/u_EfxSapphireSoc/system_spi_0_io_logic/n786                                                                                      |                4 |
|u_ddr3_top/u_phy_top/u_ddr_phy_wrlvl/n622                                                                                            |                4 |
|u_ddr3_top/u_memory_bus_ctl/u_bank_mach/bank_cntrl[1].u_bank_cntrl/u_bank_state/n159                                                 |                3 |
|u_ddr3_top/u_memory_bus_ctl/u_bank_mach/bank_cntrl[2].u_bank_cntrl/u_bank_state/n159                                                 |                3 |
|u_ddr3_top/u_phy_top/u_ddr_phy_init/cnt_pwron_cke_done_r                                                                             |                3 |
|capture/n873                                                                                                                         |                3 |
|ceg_net6592                                                                                                                          |                3 |
|ceg_net6370                                                                                                                          |                3 |
|u_ddr3_top/u_memory_bus_ctl/rank_mach/u_rank_common/upd_last_master_pls                                                              |                3 |
|engine/in_update/math_busy                                                                                                           |                3 |
|capture/n4902                                                                                                                        |                3 |
|ceg_net3119                                                                                                                          |                3 |
|inst_efx_csi2_rx/u_efx_csi2_rx/csi2_rx_top_inst/genblk3.byte2pixel_inst/n1520                                                        |                3 |
|ceg_net3701                                                                                                                          |                3 |
|cpu/u_EfxSapphireSoc/system_cores_0_logic_cpu/n16439                                                                                 |                3 |
|cpu/u_EfxSapphireSoc/system_spi_0_io_logic/ctrl/n470                                                                                 |                3 |
|ceg_net3702                                                                                                                          |                3 |
|u_ddr3_top/u_memory_bus_ctl/rank_mach/rank_cntrl[0].u_rank_cntrl/n243                                                                |                3 |
|u_ddr3_top/u_memory_bus_ctl/u_bank_mach/bank_cntrl[3].u_bank_cntrl/u_bank_state/n159                                                 |                3 |
|ceg_net3697                                                                                                                          |                3 |
|ceg_net3695                                                                                                                          |                3 |
|ceg_net3723                                                                                                                          |                3 |
|cpu/u_EfxSapphireSoc/system_bridge_bmb_arbiter_io_output_cmd_valid                                                                   |                3 |
|ceg_net4065                                                                                                                          |                3 |
|u_ddr3_top/u_memory_bus_ctl/u_bank_mach/u_bank_common/n396                                                                           |                3 |
|cpu/u_EfxSapphireSoc/system_cores_0_logic_cpu/n16088                                                                                 |                3 |
|ceg_net3699                                                                                                                          |                3 |
|ceg_net3728                                                                                                                          |                3 |
|cpu/u_EfxSapphireSoc/n6015                                                                                                           |                3 |
|engine/n2804                                                                                                                         |                3 |
|engine/net/u_l1/g_k3.g_lb3.u_swg/can_issue                                                                                           |                3 |
|u_ddr3_top/u_memory_bus_ctl/u_bank_mach/bank_cntrl[0].u_bank_cntrl/u_bank_state/n159                                                 |                3 |
|cpu/u_EfxSapphireSoc/system_uart_0_io_logic/uartCtrl_1/rx/sampler_tick                                                               |                3 |
|u_ddr3_top/u_phy_top/u_ddr_phy_wrlvl/equal_57/n5                                                                                     |                3 |
|ceg_net3700                                                                                                                          |                3 |
|ceg_net3030                                                                                                                          |                3 |
|ceg_net6504                                                                                                                          |                3 |
|ceg_net6359                                                                                                                          |                3 |
|ceg_net3713                                                                                                                          |                3 |
|ceg_net3718                                                                                                                          |                3 |
|ceg_net1165                                                                                                                          |                2 |
|engine/net/u_l8/g_k3.g_lb2.u_swg/can_issue                                                                                           |                2 |
|engine/net/u_l0/g_k3.g_dense.u_mac/stall                                                                                             |                2 |
|engine/net/u_l4/g_k3.g_lb2.u_swg/can_issue                                                                                           |                2 |
|ceg_net6543                                                                                                                          |                2 |
|engine/net/u_l4/g_k3.g_dw.u_mac/stall                                                                                                |                2 |
|engine/net/u_l6/g_k3.g_dw.u_mac/stall                                                                                                |                2 |
|capture/n8060                                                                                                                        |                2 |
|u_ddr3_top/u_memory_bus_ctl/u_bank_mach/bank_cntrl[3].u_bank_cntrl/u_bank_state/n261                                                 |                2 |
|u_ddr3_top/u_phy_top/u_ddr_phy_if/rdlvl_check_ena                                                                                    |                2 |
|ceg_net3717                                                                                                                          |                2 |
|engine/net/u_l6/g_k3.g_lb2.u_swg/n7268                                                                                               |                2 |
|ceg_net3712                                                                                                                          |                2 |
|engine/net/u_l10/g_k3.g_dw.u_mac/stall                                                                                               |                2 |
|ceg_net1103                                                                                                                          |                2 |
|ceg_net6596                                                                                                                          |                2 |
|engine/net/u_l0/g_k3.g_lb3.u_swg/n1936                                                                                               |                2 |
|engine/net/u_l0/g_k3.g_lb3.u_swg/can_issue                                                                                           |                2 |
|engine/net/u_l12/g_k3.g_lb2.u_swg/can_issue                                                                                          |                2 |
|engine/net/u_l7/g_k1.u_mac/stall                                                                                                     |                2 |
|u_ddr3_top/u_memory_bus_ctl/u_bank_mach/bank_cntrl[0].u_bank_cntrl/u_bank_state/n261                                                 |                2 |
|u_ddr3_top/u_memory_bus_ctl/u_bank_mach/u_bank_common/n101                                                                           |                2 |
|ceg_net3672                                                                                                                          |                2 |
|engine/in_update/math/alu/n9213                                                                                                      |                2 |
|ceg_net3727                                                                                                                          |                2 |
|ceg_net3122                                                                                                                          |                2 |
|cpu/u_EfxSapphireSoc/system_cores_0_logic_cpu/IBusSimplePlugin_rspJoin_rspBuffer_c/fifo/logic_pop_addressGen_fire                    |                2 |
|ceg_net4018                                                                                                                          |                2 |
|ceg_net5484                                                                                                                          |                2 |
|engine/net/u_l12/g_k3.g_lb2.u_swg/n5622                                                                                              |                2 |
|engine/net/u_l2/g_k3.g_lb2.u_swg/can_issue                                                                                           |                2 |
|ceg_net4024                                                                                                                          |                2 |
|engine/in_busy                                                                                                                       |                2 |
|engine/net/u_l1/g_k3.g_lb3.u_swg/n1970                                                                                               |                2 |
|engine/net/u_l6/g_k3.g_lb2.u_swg/can_issue                                                                                           |                2 |
|cpu/u_EfxSapphireSoc/system_bmbPeripheral_bmb_decoder/logic_input_fire                                                               |                2 |
|u_ddr3_top/u_memory_bus_ctl/u_bank_mach/bank_cntrl[2].u_bank_cntrl/u_bank_state/n261                                                 |                2 |
|ceg_net6597                                                                                                                          |                2 |
|engine/net/u_l10/g_k3.g_lb3.u_swg/n2032                                                                                              |                2 |
|ceg_net6322                                                                                                                          |                2 |
|cpu/u_EfxSapphireSoc/system_cores_0_logic_cpu/IBusSimplePlugin_rspJoin_rspBuffer_c/fifo/logic_ptr_doPush                             |                2 |
|engine/net/u_l1/g_k3.g_dense.u_mac/stall                                                                                             |                2 |
|w_arstn                                                                                                                              |                2 |
|u_ddr3_top/u_memory_bus_ctl/u_bank_mach/bank_cntrl[1].u_bank_cntrl/u_bank_state/n261                                                 |                2 |
|ceg_net4035                                                                                                                          |                2 |
|cpu/u_EfxSapphireSoc/system_spi_0_io_logic/n783                                                                                      |                2 |
|cpu/u_EfxSapphireSoc/system_uart_0_io_logic/n685                                                                                     |                2 |
|engine/net/u_l10/g_k3.g_lb3.u_swg/can_issue                                                                                          |                2 |
|engine/net/u_l8/g_k3.g_dw.u_mac/stall                                                                                                |                2 |
|ceg_net1122                                                                                                                          |                2 |
|engine/net/u_l5/g_k1.u_mac/stall                                                                                                     |                2 |
|ceg_net5472                                                                                                                          |                2 |
|engine/net/u_l4/g_k3.g_lb2.u_swg/n7268                                                                                               |                2 |
|engine/net/u_l8/g_k3.g_lb2.u_swg/n7268                                                                                               |                2 |
|ceg_net1146                                                                                                                          |                2 |
|ceg_net3667                                                                                                                          |                2 |
|engine/net/u_l10/g_k3.g_lb3.u_swg/n2022                                                                                              |                2 |
|ceg_net3704                                                                                                                          |                2 |
|cpu/u_EfxSapphireSoc/userInterruptA_interrupt_plic_gateway_waitCompletion                                                            |                2 |
|cpu/u_EfxSapphireSoc/system_hardJtag_debug_logic_jtagBridge/flowCCUnsafeByToggle_1/outputArea_flow_valid                             |                2 |
|ceg_net6545                                                                                                                          |                2 |
|engine/net/u_l11/g_k1.u_mac/stall                                                                                                    |                2 |
|cpu/u_EfxSapphireSoc/system_uart_0_io_interrupt_plic_gateway_waitCompletion                                                          |                2 |
|engine/net/u_l3/g_k1.u_mac/stall                                                                                                     |                2 |
|replay/n166                                                                                                                          |                2 |
|cpu/u_EfxSapphireSoc/system_spi_0_io_interrupt_plic_gateway_waitCompletion                                                           |                2 |
|ceg_net5520                                                                                                                          |                2 |
|cpu/u_EfxSapphireSoc/system_bridge_bmb_decoder/logic_input_fire                                                                      |                2 |
|display/n4897                                                                                                                        |                2 |
|engine/net/u_l9/g_k1.u_mac/stall                                                                                                     |                2 |
|cpu/u_EfxSapphireSoc/system_bridge_bmb_decoder/when_BmbDecoder_l56                                                                   |                2 |
|engine/net/u_l2/g_k3.g_dw.u_mac/stall                                                                                                |                2 |
|ceg_net6447                                                                                                                          |                2 |
|ceg_net3722                                                                                                                          |                2 |
|engine/net/u_l2/g_k3.g_lb2.u_swg/n7268                                                                                               |                2 |
|engine/net/u_l12/g_k3.g_dense.u_mac/stall                                                                                            |                2 |
|cpu/u_EfxSapphireSoc/n6104                                                                                                           |                2 |
|cpu/u_EfxSapphireSoc/n6105                                                                                                           |                2 |
|ceg_net1221                                                                                                                          |                2 |
|cpu/u_EfxSapphireSoc/n6106                                                                                                           |                2 |
|cpu/u_EfxSapphireSoc/n6107                                                                                                           |                2 |
|i418/n76                                                                                                                             |                1 |
|ceg_net4054                                                                                                                          |                1 |
|u_ddr3_top/u_memory_bus_ctl/rank_mach/rank_cntrl[0].u_rank_cntrl/n95                                                                 |                1 |
|ceg_net3089                                                                                                                          |                1 |
|u_ddr3_top/u_memory_bus_ctl/u_bank_mach/bank_cntrl[2].u_bank_cntrl/u_bank_queue/bank_mach_accept                                     |                1 |
|i418/n77                                                                                                                             |                1 |
|ceg_net6019                                                                                                                          |                1 |
|u_ddr3_top/u_memory_bus_ctl/u_bank_mach/bank_cntrl[2].u_bank_cntrl/u_bank_queue/n250                                                 |                1 |
|i418/n86                                                                                                                             |                1 |
|i418/n91                                                                                                                             |                1 |
|i418/n90                                                                                                                             |                1 |
|i418/n92                                                                                                                             |                1 |
|i418/n89                                                                                                                             |                1 |
|i418/n88                                                                                                                             |                1 |
|i418/n93                                                                                                                             |                1 |
|i418/n94                                                                                                                             |                1 |
|i418/n95                                                                                                                             |                1 |
|i418/n96                                                                                                                             |                1 |
|i418/n97                                                                                                                             |                1 |
|i418/n87                                                                                                                             |                1 |
|i418/n98                                                                                                                             |                1 |
|i418/n99                                                                                                                             |                1 |
|i418/n100                                                                                                                            |                1 |
|i418/n78                                                                                                                             |                1 |
|i418/n85                                                                                                                             |                1 |
|i418/n101                                                                                                                            |                1 |
|i418/n102                                                                                                                            |                1 |
|i418/n84                                                                                                                             |                1 |
|i418/n103                                                                                                                            |                1 |
|i418/n104                                                                                                                            |                1 |
|i418/n105                                                                                                                            |                1 |
|engine/net/u_l10/g_k3.g_lb3.u_swg/n2029                                                                                              |                1 |
|i418/n83                                                                                                                             |                1 |
|i418/n82                                                                                                                             |                1 |
|i418/n81                                                                                                                             |                1 |
|cpu/u_EfxSapphireSoc/system_spi_0_io_logic/n784                                                                                      |                1 |
|i418/n80                                                                                                                             |                1 |
|i418/n79                                                                                                                             |                1 |
|ceg_net5514                                                                                                                          |                1 |
|ceg_net5511                                                                                                                          |                1 |
|ceg_net5512                                                                                                                          |                1 |
|ceg_net3068                                                                                                                          |                1 |
|ceg_net4042                                                                                                                          |                1 |
|cpu/u_EfxSapphireSoc/bmbDecoder_4_io_outputs_0_cmd_valid                                                                             |                1 |
|cpu/u_EfxSapphireSoc/system_cores_0_logic_cpu/when_DebugPlugin_l240                                                                  |                1 |
|cpu/u_EfxSapphireSoc/system_cores_0_logic_cpu/n16128                                                                                 |                1 |
|ceg_net4037                                                                                                                          |                1 |
|ceg_net4033                                                                                                                          |                1 |
|ceg_net5513                                                                                                                          |                1 |
|ceg_net3077                                                                                                                          |                1 |
|inst_efx_csi2_rx/u_efx_csi2_rx/RxValidHS[2]                                                                                          |                1 |
|ceg_net5515                                                                                                                          |                1 |
|ceg_net4028                                                                                                                          |                1 |
|ceg_net4026                                                                                                                          |                1 |
|cpu/u_EfxSapphireSoc/system_cores_0_logic_cpu/CsrPlugin_pipelineLiberator_active                                                     |                1 |
|cpu/u_EfxSapphireSoc/system_cores_0_logic_cpu/n16073                                                                                 |                1 |
|cpu/u_EfxSapphireSoc/system_cores_0_logic_cpu/n16071                                                                                 |                1 |
|ceg_net4020                                                                                                                          |                1 |
|ceg_net4016                                                                                                                          |                1 |
|writes/n190                                                                                                                          |                1 |
|ceg_net3097                                                                                                                          |                1 |
|u_ddr3_top/u_phy_top/u_ddr_phy_init/n2315                                                                                            |                1 |
|u_ddr3_top/u_phy_top/u_ddr_phy_init/equal_756/n9                                                                                     |                1 |
|u_ddr3_top/u_phy_top/u_ddr_phy_init/n2370                                                                                            |                1 |
|u_ddr3_top/u_phy_top/u_ddr_phy_init/n2378                                                                                            |                1 |
|key2/n156                                                                                                                            |                1 |
|key3/n156                                                                                                                            |                1 |
|u_ddr3_top/u_phy_top/u_ddr_phy_init/equal_5/n13                                                                                      |                1 |
|ceg_net4427                                                                                                                          |                1 |
|writes/n211                                                                                                                          |                1 |
|ceg_net5516                                                                                                                          |                1 |
|ceg_net6600                                                                                                                          |                1 |
|ceg_net4361                                                                                                                          |                1 |
|ceg_net6502                                                                                                                          |                1 |
|engine/n7090                                                                                                                         |                1 |
|engine/n7089                                                                                                                         |                1 |
|ceg_net3643                                                                                                                          |                1 |
|ceg_net3079                                                                                                                          |                1 |
|replay/fifo/n173                                                                                                                     |                1 |
|ceg_net3099                                                                                                                          |                1 |
|ceg_net6182                                                                                                                          |                1 |
|ceg_net2356                                                                                                                          |                1 |
|ceg_net3730                                                                                                                          |                1 |
|u_ddr3_top/u_memory_bus_ctl/u_bank_mach/bank_cntrl[0].u_bank_cntrl/u_bank_queue/set_order_q                                          |                1 |
|u_ddr3_top/u_memory_bus_ctl/u_bank_mach/bank_cntrl[0].u_bank_cntrl/u_bank_queue/n250                                                 |                1 |
|u_ddr3_top/u_memory_bus_ctl/u_bank_mach/bank_cntrl[0].u_bank_cntrl/u_bank_queue/bank_mach_accept                                     |                1 |
|ceg_net2358                                                                                                                          |                1 |
|ceg_net3725                                                                                                                          |                1 |
|capture/fifo/n218                                                                                                                    |                1 |
|ceg_net4291                                                                                                                          |                1 |
|ceg_net4289                                                                                                                          |                1 |
|u_ddr3_top/u_memory_bus_ctl/rank_mach/u_rank_common/periodic_read_request.upd_last_master_ns                                         |                1 |
|u_ddr3_top/u_memory_bus_ctl/u_bank_mach/bank_cntrl[3].u_bank_cntrl/u_bank_queue/bank_mach_accept                                     |                1 |
|ceg_net4281                                                                                                                          |                1 |
|u_ddr3_top/u_memory_bus_ctl/u_bank_mach/bank_cntrl[3].u_bank_cntrl/u_bank_queue/n254                                                 |                1 |
|u_ddr3_top/u_memory_bus_ctl/u_bank_mach/bank_cntrl[3].u_bank_cntrl/u_bank_queue/set_order_q                                          |                1 |
|ceg_net3715                                                                                                                          |                1 |
|ceg_net4273                                                                                                                          |                1 |
|ceg_net4271                                                                                                                          |                1 |
|ceg_net4269                                                                                                                          |                1 |
|i418/n74                                                                                                                             |                1 |
|display/n8412                                                                                                                        |                1 |
|cpu/u_EfxSapphireSoc/system_bmbPeripheral_bmb_decoder_io_outputs_3_cmd_valid                                                         |                1 |
|display/upload_fifo/n173                                                                                                             |                1 |
|ceg_net5517                                                                                                                          |                1 |
|ceg_net3091                                                                                                                          |                1 |
|display/n8377                                                                                                                        |                1 |
|ceg_net5518                                                                                                                          |                1 |
|ceg_net4087                                                                                                                          |                1 |
|display/n4907                                                                                                                        |                1 |
|ceg_net4085                                                                                                                          |                1 |
|i418/n75                                                                                                                             |                1 |
|display/n8408                                                                                                                        |                1 |
|ceg_net5519                                                                                                                          |                1 |
|ceg_net3737                                                                                                                          |                1 |
|display/display_fifo/n218                                                                                                            |                1 |
|u_ddr3_top/u_axi4_bus_ctl/axi_mc_b_channel_0/bhandshake                                                                              |                1 |
|ceg_net3093                                                                                                                          |                1 |
|ceg_net3066                                                                                                                          |                1 |
|u_ddr3_top/u_memory_bus_ctl/rank_mach/clr_rd_req[0]                                                                                  |                1 |
|ceg_net5496                                                                                                                          |                1 |
|u_ddr3_top/u_memory_bus_ctl/rank_mach/u_rank_common/ckesr_timer_r[0]                                                                 |                1 |
|ceg_net5497                                                                                                                          |                1 |
|engine/n4780                                                                                                                         |                1 |
|ceg_net3026                                                                                                                          |                1 |
|engine/n7058                                                                                                                         |                1 |
|ceg_net995                                                                                                                           |                1 |
|ceg_net3664                                                                                                                          |                1 |
|ceg_net3022                                                                                                                          |                1 |
|ceg_net1234                                                                                                                          |                1 |
|ceg_net5498                                                                                                                          |                1 |
|engine/net/u_l2/g_k3.g_lb2.u_swg/n7273                                                                                               |                1 |
|ceg_net5499                                                                                                                          |                1 |
|ceg_net5500                                                                                                                          |                1 |
|ceg_net3048                                                                                                                          |                1 |
|engine/n4787                                                                                                                         |                1 |
|ceg_net1014                                                                                                                          |                1 |
|u_ddr3_top/u_phy_top/u_ddr_phy_if/n2450                                                                                              |                1 |
|ceg_net5501                                                                                                                          |                1 |
|ceg_net3043                                                                                                                          |                1 |
|ceg_net5502                                                                                                                          |                1 |
|ceg_net5503                                                                                                                          |                1 |
|cpu/u_EfxSapphireSoc/system_spi_0_io_logic/mapping_cmdLogic_streamUnbuffered_queueWithAvailability_io_pop_valid                      |                1 |
|ceg_net5504                                                                                                                          |                1 |
|ceg_net3124                                                                                                                          |                1 |
|ceg_net5505                                                                                                                          |                1 |
|ceg_net5506                                                                                                                          |                1 |
|ceg_net5507                                                                                                                          |                1 |
|ceg_net2497                                                                                                                          |                1 |
|engine/net/u_l1/g_k3.g_lb3.u_swg/n2998                                                                                               |                1 |
|ceg_net3101                                                                                                                          |                1 |
|engine/st_arm                                                                                                                        |                1 |
|regs/i2c_fin                                                                                                                         |                1 |
|ceg_net4347                                                                                                                          |                1 |
|engine/net/u_l1/g_k3.g_lb3.u_swg/n1977                                                                                               |                1 |
|ceg_net4349                                                                                                                          |                1 |
|ceg_net4030                                                                                                                          |                1 |
|cpu/u_EfxSapphireSoc/system_cores_0_logic_cpu/n19698                                                                                 |                1 |
|engine/net/u_l1/g_k3.g_lb3.u_swg/n3000                                                                                               |                1 |
|ceg_net2509                                                                                                                          |                1 |
|ceg_net2510                                                                                                                          |                1 |
|ceg_net2496                                                                                                                          |                1 |
|ceg_net2523                                                                                                                          |                1 |
|ceg_net2483                                                                                                                          |                1 |
|ceg_net2484                                                                                                                          |                1 |
|ceg_net2463                                                                                                                          |                1 |
|ceg_net2461                                                                                                                          |                1 |
|ceg_net2428                                                                                                                          |                1 |
|ceg_net2426                                                                                                                          |                1 |
|ceg_net2393                                                                                                                          |                1 |
|ceg_net2391                                                                                                                          |                1 |
|u_ddr3_top/u_phy_top/u_ddr_phy_wrcal/cal2_done_r                                                                                     |                1 |
|u_ddr3_top/u_phy_top/u_ddr_phy_wrlvl/i134_pre                                                                                        |                1 |
|s_axi_awready                                                                                                                        |                1 |
|u_ddr3_top/u_phy_top/u_ddr_phy_if/wr_ctl_en_temp                                                                                     |                1 |
|cpu/u_EfxSapphireSoc/system_cores_0_logic_cpu_dBus_cmd_valid                                                                         |                1 |
|engine/net/u_st/n1435                                                                                                                |                1 |
|engine/net/u_st/n1434                                                                                                                |                1 |
|engine/net/u_st/n1433                                                                                                                |                1 |
|engine/net/u_st/n1432                                                                                                                |                1 |
|engine/net/u_st/n1431                                                                                                                |                1 |
|ceg_net3109                                                                                                                          |                1 |
|engine/net/u_st/n1430                                                                                                                |                1 |
|engine/net/u_l6/g_k3.g_lb2.u_swg/n7273                                                                                               |                1 |
|cpu/u_EfxSapphireSoc/bmbDecoder_4/when_BmbDecoder_l56                                                                                |                1 |
|cpu/u_EfxSapphireSoc/system_bridge_bmb_decoder_io_outputs_1_cmd_valid                                                                |                1 |
|ceg_net3057                                                                                                                          |                1 |
|ceg_net4067                                                                                                                          |                1 |
|cpu/u_EfxSapphireSoc/system_hardJtag_debug_logic_debugger/n552                                                                       |                1 |
|engine/net/u_st/n1436                                                                                                                |                1 |
|cpu/u_EfxSapphireSoc/system_cores_0_logic_cpu_iBus_cmd_valid                                                                         |                1 |
|cpu/u_EfxSapphireSoc/system_clint_logic/n993                                                                                         |                1 |
|cpu/u_EfxSapphireSoc/system_bmbPeripheral_bmb_decoder_io_outputs_2_cmd_valid                                                         |                1 |
|ceg_net3052                                                                                                                          |                1 |
|ceg_net4062                                                                                                                          |                1 |
|u_ddr3_top/u_phy_top/u_ddr_phy_if/n2343                                                                                              |                1 |
|u_ddr3_top/u_phy_top/u_ddr_phy_if/n2507                                                                                              |                1 |
|u_ddr3_top/u_phy_top/u_ddr_phy_if/n2516                                                                                              |                1 |
|ceg_net3050                                                                                                                          |                1 |
|cpu/u_EfxSapphireSoc/system_hardJtag_debug_logic_debugger/n551                                                                       |                1 |
|u_ddr3_top/u_phy_top/u_ddr_phy_init/equal_256/n15                                                                                    |                1 |
|u_ddr3_top/u_phy_top/u_ddr_phy_init/n695                                                                                             |                1 |
|engine/net/u_st/n1449                                                                                                                |                1 |
|ceg_net2522                                                                                                                          |                1 |
|ceg_net5508                                                                                                                          |                1 |
|ceg_net5509                                                                                                                          |                1 |
|ceg_net5510                                                                                                                          |                1 |
|ceg_net5476                                                                                                                          |                1 |
|ceg_net5473                                                                                                                          |                1 |
|u_ddr3_top/u_phy_top/u_ddr_phy_if/u2_empty                                                                                           |                1 |
|ceg_net4060                                                                                                                          |                1 |
|engine/net/u_st/n1453                                                                                                                |                1 |
|engine/net/u_st/n1452                                                                                                                |                1 |
|engine/net/u_st/n1451                                                                                                                |                1 |
|engine/net/u_st/n1450                                                                                                                |                1 |
|ceg_net3669                                                                                                                          |                1 |
|engine/net/u_st/n1448                                                                                                                |                1 |
|engine/net/u_st/n1447                                                                                                                |                1 |
|engine/net/u_st/n1446                                                                                                                |                1 |
|engine/net/u_st/n1445                                                                                                                |                1 |
|engine/net/u_st/n1444                                                                                                                |                1 |
|engine/net/u_st/n1443                                                                                                                |                1 |
|engine/net/u_st/n1442                                                                                                                |                1 |
|engine/net/u_st/n1441                                                                                                                |                1 |
|engine/net/u_st/n1440                                                                                                                |                1 |
|engine/net/u_st/n1439                                                                                                                |                1 |
|engine/net/u_st/n1438                                                                                                                |                1 |
|engine/net/u_st/n1437                                                                                                                |                1 |
|ceg_net3681                                                                                                                          |                1 |
|ceg_net6020                                                                                                                          |                1 |
|u_ddr3_top/u_phy_top/wr_level_start                                                                                                  |                1 |
|u_ddr3_top/u_phy_top/u_ddr_phy_init/cnt_txpr_done_r                                                                                  |                1 |
|ceg_net4159                                                                                                                          |                1 |
|u_ddr3_top/u_phy_top/u_ddr_phy_init/cnt_dllk_zqinit_done_r                                                                           |                1 |
|cpu/u_EfxSapphireSoc/system_uart_0_io_logic/uartCtrl_1/rx/n522                                                                       |                1 |
|cpu/u_EfxSapphireSoc/system_uart_0_io_logic/uartCtrl_1/rx/n523                                                                       |                1 |
|u_ddr3_top/u_phy_top/u_ddr_phy_init/temp_lmr_done                                                                                    |                1 |
|engine/net/u_l4/g_k3.g_lb2.u_swg/n7273                                                                                               |                1 |
|u_ddr3_top/u_phy_top/wl_sm_start                                                                                                     |                1 |
|cpu/u_EfxSapphireSoc/system_uart_0_io_logic/uartCtrl_1/rx/n524                                                                       |                1 |
|cpu/u_EfxSapphireSoc/system_uart_0_io_logic/uartCtrl_1/rx/n525                                                                       |                1 |
|u_ddr3_top/u_phy_top/u_ddr_phy_init/wrlvl_active_r1                                                                                  |                1 |
|cpu/u_EfxSapphireSoc/system_uart_0_io_logic/uartCtrl_1/rx/n521                                                                       |                1 |
|cpu/u_EfxSapphireSoc/system_uart_0_io_logic/uartCtrl_1/rx/n526                                                                       |                1 |
|cpu/u_EfxSapphireSoc/system_uart_0_io_logic/uartCtrl_1/rx/n527                                                                       |                1 |
|cpu/u_EfxSapphireSoc/system_uart_0_io_logic/uartCtrl_1/rx/n528                                                                       |                1 |
|u_ddr3_top/u_phy_top/u_ddr_phy_init/dff_494/i6_pre                                                                                   |                1 |
|cpu/u_EfxSapphireSoc/system_uart_0_io_logic_io_bus_rsp_valid                                                                         |                1 |
|ceg_net1017                                                                                                                          |                1 |
|ceg_net6021                                                                                                                          |                1 |
|ceg_net3061                                                                                                                          |                1 |
|cpu/u_EfxSapphireSoc/system_uart_0_io_logic/bridge_write_streamUnbuffered_queueWithOccupancy/logic_pop_addressGen_ready              |                1 |
|ceg_net3083                                                                                                                          |                1 |
|ceg_net3059                                                                                                                          |                1 |
|cpu/u_EfxSapphireSoc/system_uart_0_io_logic/uartCtrl_1_io_read_queueWithOccupancy/logic_pop_addressGen_ready                         |                1 |
|ceg_net4056                                                                                                                          |                1 |
|ceg_net3720                                                                                                                          |                1 |
|cpu/u_EfxSapphireSoc/system_spi_0_io_logic/mapping_cmdLogic_streamUnbuffered_queueWithAvailability/logic_pop_addressGen_ready        |                1 |
|ceg_net3087                                                                                                                          |                1 |
|u_ddr3_top/ddr_phy_debug[26]                                                                                                         |                1 |
|u_ddr3_top/u_phy_top/u_ddr_phy_if/i245_pre                                                                                           |                1 |
|u_ddr3_top/u_phy_top/u_ddr_phy_if/wrlvl_check_ena                                                                                    |                1 |
|cpu/u_EfxSapphireSoc/system_spi_0_io_logic/ctrl_io_rsp_queueWithOccupancy/logic_pop_addressGen_ready                                 |                1 |
|engine/net/u_l1/g_k3.g_lb3.u_swg/n874                                                                                                |                1 |
|u_ddr3_top/u_memory_bus_ctl/u_bank_mach/bank_cntrl[1].u_bank_cntrl/u_bank_queue/bank_mach_accept                                     |                1 |
|u_ddr3_top/u_memory_bus_ctl/u_bank_mach/bank_cntrl[1].u_bank_cntrl/u_bank_queue/n250                                                 |                1 |
|ceg_net3041                                                                                                                          |                1 |
|u_ddr3_top/u_memory_bus_ctl/u_bank_mach/bank_cntrl[1].u_bank_cntrl/u_bank_queue/set_order_q                                          |                1 |
|ceg_net6066                                                                                                                          |                1 |
|ceg_net4058                                                                                                                          |                1 |
|cpu/u_EfxSapphireSoc/system_uart_0_io_logic/when_UartCtrl_l155                                                                       |                1 |
|cpu/u_EfxSapphireSoc/system_uart_0_io_logic/n682                                                                                     |                1 |
|ceg_net3039                                                                                                                          |                1 |
|u_ddr3_top/u_phy_top/u_ddr_phy_init/cnt_pwron_reset_done_r                                                                           |                1 |
|u_ddr3_top/u_axi4_bus_ctl/axi_mc_r_channel_0/load_stage2                                                                             |                1 |
|u_ddr3_top/u_axi4_bus_ctl/axi_mc_r_channel_0/load_stage1                                                                             |                1 |
|s_axi_arready                                                                                                                        |                1 |
|ceg_net3095                                                                                                                          |                1 |
|ceg_net6093                                                                                                                          |                1 |
|ceg_net6558                                                                                                                          |                1 |
|ceg_net6555                                                                                                                          |                1 |
|ceg_net3107                                                                                                                          |                1 |
|ceg_net6029                                                                                                                          |                1 |
|engine/net/u_l8/g_k3.g_lb2.u_swg/n7273                                                                                               |                1 |
|u_ddr3_top/u_phy_top/u_ddr_phy_wrlvl/n404                                                                                            |                1 |
|u_ddr3_top/u_phy_top/u_ddr_phy_wrlvl/n552                                                                                            |                1 |
|ceg_net3075                                                                                                                          |                1 |
|u_ddr3_top/u_phy_top/u_ddr_phy_wrlvl/n682                                                                                            |                1 |
|u_ddr3_top/u_phy_top/u_ddr_phy_rdlvl_dqs/n212                                                                                        |                1 |
|u_ddr3_top/u_phy_top/u_ddr_phy_rdlvl_dqs/n369                                                                                        |                1 |
|ceg_net3070                                                                                                                          |                1 |
|ceg_net3081                                                                                                                          |                1 |
|u_ddr3_top/u_phy_top/u_ddr_phy_rdlvl_dqs/n506                                                                                        |                1 |
|engine/net/u_l0/g_k3.g_lb3.u_swg/n842                                                                                                |                1 |
|preprocess/n5968                                                                                                                     |                1 |
|ceg_net4069                                                                                                                          |                1 |
|u_ddr3_top/u_phy_top/u_ddr_phy_rdlvl_dqs/n622                                                                                        |                1 |
|ceg_net3703                                                                                                                          |                1 |
|ceg_net3105                                                                                                                          |                1 |
|u_ddr3_top/u_phy_top/u_ddr_mpr_rdlvl/n545                                                                                            |                1 |
|engine/net/u_l0/g_k3.g_lb3.u_swg/n2964                                                                                               |                1 |
|engine/net/u_l0/g_k3.g_lb3.u_swg/n1943                                                                                               |                1 |
|inst_efx_csi2_rx/u_efx_csi2_rx/RxValidHS[0]                                                                                          |                1 |
|inst_efx_csi2_rx/u_efx_csi2_rx/RxValidHS[3]                                                                                          |                1 |
|u_ddr3_top/u_phy_top/u_ddr_phy_if/n2300                                                                                              |                1 |
|engine/net/u_l0/g_k3.g_lb3.u_swg/n2966                                                                                               |                1 |
|u_ddr3_top/u_phy_top/wr_level_done                                                                                                   |                1 |
|ceg_net3103                                                                                                                          |                1 |
|inst_efx_csi2_rx/u_efx_csi2_rx/csi2_rx_top_inst/n103                                                                                 |                1 |
|u_ddr3_top/u_phy_top/u_ddr_phy_if/n2441                                                                                              |                1 |
|inst_efx_csi2_rx/u_efx_csi2_rx/RxValidHS[1]                                                                                          |                1 |
|engine/net/u_l12/g_k3.g_lb2.u_swg/n5627                                                                                              |                1 |
|ceg_net3674                                                                                                                          |                1 |
|u_ddr3_top/u_phy_top/u_ddr_phy_wrcal/n2595                                                                                           |                1 |
|ceg_net6328                                                                                                                          |                1 |
|ceg_net3037                                                                                                                          |                1 |
|ceg_net5490                                                                                                                          |                1 |
|ceg_net5492                                                                                                                          |                1 |
|engine/net/u_l12/g_k3.g_lb2.u_swg/n650                                                                                               |                1 |
|u_ddr3_top/u_phy_top/u_ddr_phy_wrlvl/n217                                                                                            |                1 |
|ceg_net3085                                                                                                                          |                1 |
|u_ddr3_top/u_memory_bus_ctl/u_bank_mach/bank_cntrl[2].u_bank_cntrl/u_bank_queue/set_order_q                                          |                1 |
|u_ddr3_top/u_phy_top/u_ddr_phy_wrlvl/n225                                                                                            |                1 |
|ceg_net1186                                                                                                                          |                1 |
|ceg_net1192                                                                                                                          |                1 |
|ceg_net3032                                                                                                                          |                1 |
|ceg_net1197                                                                                                                          |                1 |
|ceg_net3131                                                                                                                          |                1 |
|ceg_net3130                                                                                                                          |                1 |
|ceg_net3128                                                                                                                          |                1 |
|ceg_net1201                                                                                                                          |                1 |
|ceg_net1203                                                                                                                          |                1 |
|u_ddr3_top/u_phy_top/u_ddr_phy_wrlvl/n243                                                                                            |                1 |
|video/tx_aux_inst/Sc_Fifo_Slr8_inst/Fifo_Wr_En                                                                                       |                1 |
+-------------------------------------------------------------------------------------------------------------------------------------+------------------+

### ### EFX_FF CE enables (end) ### ### ###

### ### EFX_FF SR set/reset (begin) ### ### ###

Total number of set/reset signals: 251
Total number of FFs with set/reset signals: 7884
+----------------------------------------------------------------------------------------------------------+------------------+
|SR Signal                                                                                                 |Number of FF loads|
+----------------------------------------------------------------------------------------------------------+------------------+
|ceg_net4078                                                                                               |             1339 |
|n1000                                                                                                     |              921 |
|DDR3_PLL_RSTN                                                                                             |              680 |
|engine/nrst                                                                                               |              535 |
|w_arstn                                                                                                   |              412 |
|cpu/u_EfxSapphireSoc/systemCd_logic_outputReset                                                           |              320 |
|engine/rst                                                                                                |              298 |
|rs_p[2]                                                                                                   |              158 |
|u_ddr3_top/rx_clk_rst_d3                                                                                  |              151 |
|engine/net/u_l1/g_k3.g_lb3.u_swg/n874                                                                     |              138 |
|engine/net/u_l0/g_k3.g_lb3.u_swg/n842                                                                     |              137 |
|engine/net/u_l4/g_k3.g_lb2.u_swg/n4059                                                                    |              129 |
|engine/net/u_l2/g_k3.g_lb2.u_swg/n4059                                                                    |              129 |
|engine/net/u_l8/g_k3.g_lb2.u_swg/n4059                                                                    |              129 |
|engine/net/u_l6/g_k3.g_lb2.u_swg/n4059                                                                    |              129 |
|engine/net/u_l12/g_k3.g_lb2.u_swg/n2924                                                                   |              128 |
|engine/net/u_l10/g_k3.g_lb3.u_swg/n923                                                                    |              121 |
|u_ddr3_top/tx_data_rst_d3                                                                                 |              118 |
|u_ddr3_top/u_axi4_bus_ctl/areset_1dly                                                                     |               92 |
|u_ddr3_top/sdram_rst_d3                                                                                   |               75 |
|engine/n7331                                                                                              |               75 |
|engine/n4829                                                                                              |               66 |
|inst_efx_csi2_rx/u_efx_csi2_rx/csi2_rx_top_inst/genblk3.byte2pixel_inst/u1_inst/wr_rst_int                |               55 |
|inst_efx_csi2_rx/u_efx_csi2_rx/csi2_rx_top_inst/genblk3.byte2pixel_inst/u1_inst/rd_rst_int                |               55 |
|video/tx_aux_inst/packet_assembler_inst/n1103                                                             |               45 |
|display/pf_reset                                                                                          |               40 |
|display/n4653                                                                                             |               39 |
|u_ddr3_top/u_phy_top/u_ddr_phy_if/n4512                                                                   |               36 |
|display/n8419                                                                                             |               35 |
|regs/cam_i2c/n2162                                                                                        |               33 |
|display/n8383                                                                                             |               32 |
|cpu/u_EfxSapphireSoc/system_clint_logic/equal_35/n29                                                      |               32 |
|display/n8382                                                                                             |               28 |
|engine/net/u_st/n1383                                                                                     |               24 |
|video/tx_aux_inst/audio_clock_regeneration_packet_inst/equal_13/n47                                       |               24 |
|engine/net/u_l8/g_k3.g_lb2.u_swg/n7250                                                                    |               24 |
|engine/net/u_l12/g_k3.g_lb2.u_swg/n5604                                                                   |               24 |
|engine/net/u_l2/g_k3.g_lb2.u_swg/n7250                                                                    |               24 |
|engine/net/u_l4/g_k3.g_lb2.u_swg/n7250                                                                    |               24 |
|engine/net/u_l6/g_k3.g_lb2.u_swg/n7250                                                                    |               24 |
|display/n11376                                                                                            |               24 |
|u_ddr3_top/u_phy_top/u_ddr_phy_if/n4592                                                                   |               22 |
|u_ddr3_top/u_phy_top/u_ddr_phy_if/u4_din_fifo/u_efx_fifo_top/genblk2.rd_rst[1]                            |               21 |
|u_ddr3_top/u_phy_top/u_ddr_phy_if/u1_cmd_fifo/u_efx_fifo_top/genblk2.rd_rst[1]                            |               21 |
|u_ddr3_top/u_phy_top/u_ddr_phy_if/u2_ctl_fifo/u_efx_fifo_top/genblk2.rd_rst[1]                            |               21 |
|u_ddr3_top/u_phy_top/u_ddr_phy_if/u3_dout_fifo/u_efx_fifo_top/genblk2.rd_rst[1]                           |               21 |
|cpu/u_EfxSapphireSoc/debugCd_logic_outputReset                                                            |               20 |
|key2/n157                                                                                                 |               20 |
|key3/n157                                                                                                 |               20 |
|u_ddr3_top/u_memory_bus_ctl/rank_mach/u_rank_common/n62                                                   |               20 |
|u_ddr3_top/u_memory_bus_ctl/u_bank_mach/u_arb_mux/send_cmd0_row                                           |               20 |
|display/n162                                                                                              |               19 |
|u_ddr3_top/u_memory_bus_ctl/u_bank_mach/u_arb_mux/send_cmd2_pre                                           |               19 |
|u_ddr3_top/u_phy_top/u_ddr_phy_wrlvl/n1027                                                                |               19 |
|engine/in_update/n2785                                                                                    |               16 |
|u_ddr3_top/u_phy_top/u_ddr_phy_if/u1_cmd_fifo/u_efx_fifo_top/genblk2.wr_rst[1]                            |               15 |
|inst_efx_csi2_rx/u_efx_csi2_rx/csi2_rx_top_inst/genblk2.lane_aligner_inst/genblk1[1].u1_inst/genblk2.a_rst|               15 |
|u_ddr3_top/u_phy_top/u_ddr_phy_if/u3_dout_fifo/u_efx_fifo_top/genblk2.wr_rst[1]                           |               15 |
|inst_efx_csi2_rx/u_efx_csi2_rx/csi2_rx_top_inst/genblk2.lane_aligner_inst/genblk1[0].u1_inst/genblk2.a_rst|               15 |
|u_ddr3_top/u_phy_top/u_ddr_phy_if/u4_din_fifo/u_efx_fifo_top/genblk2.wr_rst[1]                            |               15 |
|u_ddr3_top/u_phy_top/u_ddr_phy_if/u2_ctl_fifo/u_efx_fifo_top/genblk2.wr_rst[1]                            |               15 |
|inst_efx_csi2_rx/u_efx_csi2_rx/csi2_rx_top_inst/genblk2.lane_aligner_inst/genblk1[3].u1_inst/genblk2.a_rst|               15 |
|inst_efx_csi2_rx/u_efx_csi2_rx/csi2_rx_top_inst/genblk2.lane_aligner_inst/genblk1[2].u1_inst/genblk2.a_rst|               15 |
|u_ddr3_top/tx_clk_rst_d3                                                                                  |               14 |
|u_ddr3_top/u_axi4_bus_ctl/axi_mc_cmd_arbiter_0/n48                                                        |               14 |
|u_ddr3_top/u_axi4_bus_ctl/axi_mc_cmd_arbiter_0/n142                                                       |               14 |
|u_ddr3_top/mc_debug_port[15]                                                                              |               14 |
|cpu/u_EfxSapphireSoc/system_spi_0_io_logic/ctrl/timer_reset                                               |               12 |
|cpu/u_EfxSapphireSoc/io_asyncReset_asyncAssertSyncDeassert_buffercc_io_dataOut                            |               12 |
|video/ctrl_time_ram                                                                                       |               11 |
|global_reset                                                                                              |               11 |
|engine/net/u_l4/g_k3.g_dw.u_mac/n1887                                                                     |               10 |
|engine/net/u_l10/g_k3.g_dw.u_mac/n1887                                                                    |               10 |
|u_ddr3_top/u_phy_top/u_ddr_phy_rdlvl_dqs/n1019                                                            |               10 |
|engine/net/u_l2/g_k3.g_dw.u_mac/n1887                                                                     |               10 |
|engine/net/u_l6/g_k3.g_dw.u_mac/n1887                                                                     |               10 |
|engine/net/u_l8/g_k3.g_dw.u_mac/n1887                                                                     |               10 |
|u_ddr3_top/u_phy_top/u_ddr_phy_init/equal_186/n13                                                         |                9 |
|u_ddr3_top/u_phy_top/u_ddr_phy_init/cnt_pwron_cke_done_r                                                  |                9 |
|engine/net/u_l9/g_k1.u_mac/n3627                                                                          |                8 |
|engine/net/u_l1/g_k3.g_dense.u_mac/n4850                                                                  |                8 |
|u_ddr3_top/u_phy_top/u_ddr_phy_init/n825                                                                  |                8 |
|engine/net/u_l7/g_k1.u_mac/n3627                                                                          |                8 |
|u_ddr3_top/u_phy_top/u_ddr_phy_init/n3391                                                                 |                8 |
|engine/net/u_l5/g_k1.u_mac/n3627                                                                          |                8 |
|engine/net/u_l0/g_k3.g_dense.u_mac/n3838                                                                  |                8 |
|engine/net/u_l12/g_k3.g_dense.u_mac/n4767                                                                 |                8 |
|engine/net/u_l11/g_k1.u_mac/n3366                                                                         |                8 |
|engine/net/u_l3/g_k1.u_mac/n3627                                                                          |                8 |
|cpu/u_EfxSapphireSoc/system_uart_0_io_logic/uartCtrl_1/rx/n482                                            |                7 |
|u_ddr3_top/u_phy_top/u_ddr_phy_init/n3448                                                                 |                7 |
|u_ddr3_top/u_phy_top/u_ddr_phy_rdlvl_dqs/n1023                                                            |                6 |
|u_ddr3_top/u_phy_top/u_ddr_phy_if/n4275                                                                   |                6 |
|u_ddr3_top/u_memory_bus_ctl/rank_mach/u_rank_common/n26                                                   |                6 |
|cpu/u_EfxSapphireSoc/systemCd_logic_inputResetTrigger                                                     |                6 |
|u_ddr3_top/u_phy_top/u_ddr_phy_wrlvl/n1025                                                                |                6 |
|u_ddr3_top/u_phy_top/u_ddr_phy_init/n2490                                                                 |                6 |
|cpu/u_EfxSapphireSoc/system_spi_0_io_logic/equal_37/n23                                                   |                6 |
|display/n8421                                                                                             |                6 |
|video/post_ctlr_time                                                                                      |                6 |
|u_ddr3_top/u_memory_bus_ctl/rank_mach/u_rank_common/n167                                                  |                5 |
|u_ddr3_top/u_phy_top/u_ddr_phy_wrcal/n2065                                                                |                5 |
|u_ddr3_top/u_phy_top/u_ddr_phy_rdlvl_dqs/n1017                                                            |                5 |
|display/n8386                                                                                             |                5 |
|video/data_island_period                                                                                  |                5 |
|cpu/u_EfxSapphireSoc/system_spi_0_io_logic/ctrl/n479                                                      |                5 |
|u_ddr3_top/u_phy_top/u_ddr_phy_init/n994                                                                  |                4 |
|u_ddr3_top/u_phy_top/u_ddr_phy_init/n1023                                                                 |                4 |
|u_ddr3_top/u_phy_top/u_ddr_phy_if/n4271                                                                   |                4 |
|inst_efx_csi2_rx/u_efx_csi2_rx/csi2_rx_top_inst/genblk3.byte2pixel_inst/n33                               |                4 |
|u_ddr3_top/u_phy_top/u_ddr_phy_if/n4269                                                                   |                4 |
|u_ddr3_top/u_phy_top/u_ddr_phy_wrcal/n2063                                                                |                4 |
|u_ddr3_top/u_phy_top/u_ddr_phy_wrlvl/n1021                                                                |                4 |
|u_ddr3_top/u_memory_bus_ctl/u_bank_mach/bank_cntrl[0].u_bank_cntrl/u_bank_state/col_wait_r                |                3 |
|u_ddr3_top/u_memory_bus_ctl/u_bank_mach/bank_cntrl[3].u_bank_cntrl/u_bank_state/col_wait_r                |                3 |
|u_ddr3_top/u_phy_top/u_ddr_phy_init/n792                                                                  |                3 |
|cpu/u_EfxSapphireSoc/system_uart_0_io_logic/uartCtrl_1/rx/n512                                            |                3 |
|display/n8384                                                                                             |                3 |
|engine/in_update/math/n14562                                                                              |                3 |
|u_ddr3_top/u_phy_top/u_ddr_phy_wrlvl/n1026                                                                |                3 |
|cpu/u_EfxSapphireSoc/system_cores_0_logic_cpu/n16105                                                      |                3 |
|u_ddr3_top/u_memory_bus_ctl/rank_mach/rank_cntrl[0].u_rank_cntrl/n413                                     |                3 |
|cpu/u_EfxSapphireSoc/_zz_system_cores_0_externalInterrupt_plic_target_bestRequest_priority_2              |                3 |
|u_ddr3_top/u_memory_bus_ctl/u_bank_mach/bank_cntrl[2].u_bank_cntrl/u_bank_state/col_wait_r                |                3 |
|u_ddr3_top/u_memory_bus_ctl/u_bank_mach/bank_cntrl[1].u_bank_cntrl/u_bank_state/col_wait_r                |                3 |
|u_ddr3_top/u_memory_bus_ctl/u_bank_mach/u_bank_common/n724                                                |                3 |
|cpu/u_EfxSapphireSoc/system_cores_0_logic_cpu/BranchPlugin_branchExceptionPort_valid                      |                3 |
|u_ddr3_top/u_phy_top/u_ddr_phy_init/n3429                                                                 |                3 |
|cpu/u_EfxSapphireSoc/system_hardJtag_debug_logic_debugger/n553                                            |                2 |
|u_ddr3_top/u_phy_top/u_ddr_phy_init/n3563                                                                 |                2 |
|u_ddr3_top/u_phy_top/u_ddr_phy_init/n3907                                                                 |                2 |
|u_ddr3_top/u_memory_bus_ctl/u_bank_mach/bank_cntrl[3].u_bank_cntrl/u_bank_queue/clr_request               |                2 |
|video/n839                                                                                                |                2 |
|u_ddr3_top/u_memory_bus_ctl/u_bank_mach/bank_cntrl[3].u_bank_cntrl/u_bank_state/n186                      |                2 |
|u_ddr3_top/u_memory_bus_ctl/u_bank_mach/bank_cntrl[1].u_bank_cntrl/u_bank_queue/clr_request               |                2 |
|u_ddr3_top/u_memory_bus_ctl/u_bank_mach/bank_cntrl[1].u_bank_cntrl/u_bank_state/act_req                   |                2 |
|u_ddr3_top/u_memory_bus_ctl/u_bank_mach/bank_cntrl[1].u_bank_cntrl/u_bank_state/n186                      |                2 |
|u_ddr3_top/u_memory_bus_ctl/u_bank_mach/bank_cntrl[2].u_bank_cntrl/u_bank_queue/clr_request               |                2 |
|u_ddr3_top/u_memory_bus_ctl/u_bank_mach/bank_cntrl[2].u_bank_cntrl/u_bank_state/act_req                   |                2 |
|u_ddr3_top/u_memory_bus_ctl/u_bank_mach/bank_cntrl[2].u_bank_cntrl/u_bank_state/n186                      |                2 |
|u_ddr3_top/u_memory_bus_ctl/u_bank_mach/bank_cntrl[3].u_bank_cntrl/u_bank_state/act_req                   |                2 |
|cpu/u_EfxSapphireSoc/system_spi_0_io_logic/equal_38/n23                                                   |                2 |
|u_ddr3_top/u_phy_top/u_ddr_phy_rdlvl_dqs/n1030                                                            |                2 |
|u_ddr3_top/u_phy_top/u_ddr_phy_rdlvl_dqs/n1021                                                            |                2 |
|u_ddr3_top/u_phy_top/u_ddr_phy_wrlvl/n1023                                                                |                2 |
|u_ddr3_top/u_memory_bus_ctl/rank_mach/u_rank_common/sre_clears_sre_request                                |                2 |
|u_ddr3_top/u_phy_top/u_ddr_phy_wrlvl/n1042                                                                |                2 |
|u_ddr3_top/u_phy_top/n1452                                                                                |                2 |
|schedule/n641                                                                                             |                2 |
|u_ddr3_top/u_phy_top/u_ddr_phy_if/n4256                                                                   |                2 |
|u_ddr3_top/u_memory_bus_ctl/u_bank_mach/bank_cntrl[0].u_bank_cntrl/u_bank_queue/clr_request               |                2 |
|u_ddr3_top/u_phy_top/u_ddr_phy_if/n4261                                                                   |                2 |
|u_ddr3_top/u_memory_bus_ctl/u_bank_mach/bank_cntrl[0].u_bank_cntrl/u_bank_state/act_req                   |                2 |
|cpu/u_EfxSapphireSoc/system_cores_0_debugReset                                                            |                2 |
|u_ddr3_top/u_memory_bus_ctl/u_bank_mach/bank_cntrl[0].u_bank_cntrl/u_bank_state/n186                      |                2 |
|u_ddr3_top/u_phy_top/u_ddr_phy_if/n4281                                                                   |                2 |
|u_ddr3_top/u_phy_top/u_ddr_phy_if/n4254                                                                   |                2 |
|key3/n159                                                                                                 |                1 |
|key2/n159                                                                                                 |                1 |
|capture/n4958                                                                                             |                1 |
|engine/n7392                                                                                              |                1 |
|engine/n7393                                                                                              |                1 |
|schedule/n1567                                                                                            |                1 |
|schedule/n1565                                                                                            |                1 |
|cpu/u_EfxSapphireSoc/n6026                                                                                |                1 |
|u_ddr3_top/u_memory_bus_ctl/u_bank_mach/bank_cntrl[0].u_bank_cntrl/u_bank_queue/n348                      |                1 |
|u_ddr3_top/u_memory_bus_ctl/rank_mach/rank_cntrl[0].u_rank_cntrl/n412                                     |                1 |
|u_ddr3_top/u_phy_top/n1407                                                                                |                1 |
|cpu/u_EfxSapphireSoc/equal_392/n43                                                                        |                1 |
|display/n8420                                                                                             |                1 |
|regs/n1491                                                                                                |                1 |
|regs/n1495                                                                                                |                1 |
|regs/n1497                                                                                                |                1 |
|cpu/u_EfxSapphireSoc/system_cores_0_logic_cpu/n16137                                                      |                1 |
|cpu/u_EfxSapphireSoc/n6027                                                                                |                1 |
|cpu/u_EfxSapphireSoc/n6028                                                                                |                1 |
|cpu/u_EfxSapphireSoc/system_cores_0_logic_cpu/n16093                                                      |                1 |
|cpu/u_EfxSapphireSoc/system_cores_0_logic_cpu/n16099                                                      |                1 |
|cpu/u_EfxSapphireSoc/system_cores_0_logic_cpu/n16101                                                      |                1 |
|cpu/u_EfxSapphireSoc/system_cores_0_logic_cpu/n16104                                                      |                1 |
|cpu/u_EfxSapphireSoc/system_cores_0_logic_cpu/n19704                                                      |                1 |
|u_ddr3_top/u_phy_top/u_ddr_phy_if/n4279                                                                   |                1 |
|video/n707                                                                                                |                1 |
|video/n717                                                                                                |                1 |
|video/n712                                                                                                |                1 |
|video/n833                                                                                                |                1 |
|video/tx_aux_inst/Sc_Fifo_Slr8_inst/n2697                                                                 |                1 |
|cpu/u_EfxSapphireSoc/system_bmbPeripheral_bmb_decoder/n877                                                |                1 |
|cpu/u_EfxSapphireSoc/system_bridge_bmb_arbiter/memory_arbiter_io_chosenOH[0]                              |                1 |
|cpu/u_EfxSapphireSoc/system_bridge_bmb_arbiter/memory_arbiter/n123                                        |                1 |
|u_ddr3_top/u_phy_top/wrcal_en                                                                             |                1 |
|u_ddr3_top/u_phy_top/u_ddr_phy_if/n4257                                                                   |                1 |
|u_ddr3_top/u_phy_top/u_ddr_phy_if/n4259                                                                   |                1 |
|cpu/u_EfxSapphireSoc/system_spi_0_io_logic/ctrl/n482                                                      |                1 |
|cpu/u_EfxSapphireSoc/system_spi_0_io_logic/ctrl/n484                                                      |                1 |
|cpu/u_EfxSapphireSoc/system_spi_0_io_logic/n156                                                           |                1 |
|cpu/u_EfxSapphireSoc/system_spi_0_io_logic/equal_36/n23                                                   |                1 |
|cpu/u_EfxSapphireSoc/system_uart_0_io_logic/n689                                                          |                1 |
|cpu/u_EfxSapphireSoc/system_uart_0_io_logic/n690                                                          |                1 |
|u_ddr3_top/u_phy_top/u_ddr_phy_init/n3684                                                                 |                1 |
|u_ddr3_top/u_phy_top/u_ddr_phy_init/n1123                                                                 |                1 |
|u_ddr3_top/u_phy_top/u_ddr_phy_init/n2313                                                                 |                1 |
|u_ddr3_top/u_phy_top/u_ddr_phy_init/n2360                                                                 |                1 |
|u_ddr3_top/u_phy_top/u_ddr_phy_init/n2366                                                                 |                1 |
|u_ddr3_top/u_phy_top/u_ddr_phy_init/n2376                                                                 |                1 |
|u_ddr3_top/u_phy_top/u_ddr_phy_init/n3435                                                                 |                1 |
|u_ddr3_top/u_phy_top/u_ddr_phy_init/n2413                                                                 |                1 |
|u_ddr3_top/u_phy_top/u_ddr_phy_init/n3689                                                                 |                1 |
|regs/n1493                                                                                                |                1 |
|replay/n2328                                                                                              |                1 |
|replay/n2329                                                                                              |                1 |
|replay/n2330                                                                                              |                1 |
|u_ddr3_top/u_memory_bus_ctl/u_bank_mach/bank_cntrl[3].u_bank_cntrl/u_bank_queue/n352                      |                1 |
|u_ddr3_top/u_memory_bus_ctl/u_bank_mach/bank_cntrl[2].u_bank_cntrl/u_bank_queue/n348                      |                1 |
|u_ddr3_top/u_memory_bus_ctl/u_bank_mach/bank_cntrl[1].u_bank_cntrl/u_bank_queue/n348                      |                1 |
|u_ddr3_top/u_phy_top/mpr_rdlvl_en                                                                         |                1 |
|engine/in_update/n2644                                                                                    |                1 |
|cpu/u_EfxSapphireSoc/n6020                                                                                |                1 |
|cpu/u_EfxSapphireSoc/n6021                                                                                |                1 |
|cpu/u_EfxSapphireSoc/n6022                                                                                |                1 |
|cpu/u_EfxSapphireSoc/n6023                                                                                |                1 |
|cpu/u_EfxSapphireSoc/n6024                                                                                |                1 |
|cpu/u_EfxSapphireSoc/n6025                                                                                |                1 |
|engine/net/u_st/n1384                                                                                     |                1 |
|engine/in_update/n2650                                                                                    |                1 |
|cpu/u_EfxSapphireSoc/n6019                                                                                |                1 |
|engine/in_update/math/n13021                                                                              |                1 |
|engine/n4831                                                                                              |                1 |
|engine/n4841                                                                                              |                1 |
|engine/n4839                                                                                              |                1 |
|engine/n4844                                                                                              |                1 |
|engine/n7357                                                                                              |                1 |
|cpu/u_EfxSapphireSoc/system_cores_0_logic_cpu/n16436                                                      |                1 |
|preprocess/n9706                                                                                          |                1 |
|u_ddr3_top/u_phy_top/u_ddr_phy_rdlvl_dqs/n1026                                                            |                1 |
|u_ddr3_top/u_phy_top/u_ddr_phy_wrcal/n2575                                                                |                1 |
|u_ddr3_top/u_phy_top/u_ddr_phy_wrlvl/n1029                                                                |                1 |
|u_ddr3_top/u_phy_top/u_ddr_phy_wrlvl/n1030                                                                |                1 |
|u_ddr3_top/u_phy_top/u_ddr_phy_wrlvl/n1033                                                                |                1 |
|u_ddr3_top/u_phy_top/u_ddr_phy_wrlvl/n1037                                                                |                1 |
|u_ddr3_top/u_phy_top/u_ddr_phy_wrlvl/n1040                                                                |                1 |
|u_ddr3_top/u_phy_top/u_ddr_phy_wrlvl/n1043                                                                |                1 |
|u_ddr3_top/u_phy_top/u_ddr_phy_wrlvl/n1044                                                                |                1 |
|u_ddr3_top/cal_done_r                                                                                     |                1 |
|u_ddr3_top/u_phy_top/u_ddr_phy_rdlvl_dqs/n1028                                                            |                1 |
|u_ddr3_top/u_phy_top/u_ddr_phy_rdlvl_dqs/n1029                                                            |                1 |
|u_ddr3_top/u_phy_top/u_ddr_phy_rdlvl_dqs/n1031                                                            |                1 |
|u_ddr3_top/u_phy_top/u_ddr_phy_rdlvl_dqs/n1032                                                            |                1 |
|u_ddr3_top/u_phy_top/n1466                                                                                |                1 |
|replay/n2323                                                                                              |                1 |
|cpu/u_EfxSapphireSoc/n6018                                                                                |                1 |
+----------------------------------------------------------------------------------------------------------+------------------+

### ### EFX_FF SR set/reset (end) ### ### ###

### ### Memory Trimming Report (begin) ### ### ### 
Memory instance 'engine/in_update/g_compact.parameters__D$2' Port WDATA is tied off because it is disabled.
Memory instance 'engine/in_update/g_compact.epsilon__D$c12' Port WDATA is tied off because it is disabled.
Memory instance 'engine/in_update/g_compact.epsilon__D$d12' Port WDATA is tied off because it is disabled.
Memory instance 'engine/in_update/g_compact.epsilon__D$e12' Port WDATA is tied off because it is disabled.
Memory instance 'engine/in_update/g_compact.epsilon__D$f1' Port WDATA is tied off because it is disabled.
Memory instance 'engine/in_update/g_compact.parameters__D$b12' Port WDATA is tied off because it is disabled.
Memory instance 'engine/in_update/g_compact.parameters__D$c12' Port WDATA is tied off because it is disabled.
Memory instance 'engine/in_update/g_compact.parameters__D$d12' Port WDATA is tied off because it is disabled.
Memory instance 'engine/in_update/g_compact.parameters__D$e12' Port WDATA is tied off because it is disabled.
Memory instance 'engine/in_update/g_compact.parameters__D$f12' Port WDATA is tied off because it is disabled.
Memory instance 'engine/in_update/g_compact.parameters__D$g12' Port WDATA is tied off because it is disabled.
Memory instance 'engine/in_update/g_compact.parameters__D$h12' Port WDATA is tied off because it is disabled.
Memory instance 'engine/in_update/g_compact.parameters__D$i12' Port WDATA is tied off because it is disabled.
Memory instance 'engine/in_update/g_compact.parameters__D$j12' Port WDATA is tied off because it is disabled.
Memory instance 'engine/in_update/g_compact.parameters__D$k12' Port WDATA is tied off because it is disabled.
Memory instance 'engine/in_update/g_compact.parameters__D$l1' Port WDATA is tied off because it is disabled.
Memory instance 'engine/in_update/g_compact.parameters__D$12' Port WDATA is tied off because it is disabled.
Memory instance 'display/osd_font/g_one.mem__D$2' Port WDATA is tied off because it is disabled.
Memory instance 'display/osd_font/g_one.mem__D$1' Port WDATA is tied off because it is disabled.
### ### Memory Trimming Report (end) ### ### ### 

### ### Sequential Elements/Signals Trimming Report (begin) ### ### ### 
'engine/net/u_l12/u_rq/b2[0]' (rtl\requant.v:97) (optimized to 0)
'engine/net/u_l12/u_rq/k2[0]' (rtl\requant.v:97) (optimized to 0)
'engine/net/u_l12/u_rq/k2[1]' (rtl\requant.v:97) (optimized to 0)
'engine/net/u_l12/u_rq/k2[2]' (rtl\requant.v:97) (optimized to 0)
'engine/net/u_l12/u_rq/k2[3]' (rtl\requant.v:97) (optimized to 0)
'engine/net/u_l12/u_rq/b2[9]' (rtl\requant.v:97) (optimized to 0)
'engine/net/u_l12/u_rq/b2[10]' (rtl\requant.v:97) (optimized to 0)
'engine/net/u_l12/u_rq/b2[11]' (rtl\requant.v:97) (optimized to 0)
'engine/net/u_l12/u_rq/b2[12]' (rtl\requant.v:97) (optimized to 0)
'engine/net/u_l12/u_rq/b2[13]' (rtl\requant.v:97) (optimized to 0)
'engine/net/u_l12/u_rq/b2[2]' (rtl\requant.v:97) (optimized to 0)
'engine/net/u_l12/u_rq/b2[3]' (rtl\requant.v:97) (optimized to 0)
'engine/net/u_l12/u_rq/b2[4]' (rtl\requant.v:97) (optimized to 0)
'engine/net/u_l12/u_rq/b2[5]' (rtl\requant.v:97) (optimized to 0)
'engine/net/u_l12/u_rq/b2[6]' (rtl\requant.v:97) (optimized to 0)
'engine/net/u_l12/u_rq/b2[7]' (rtl\requant.v:97) (optimized to 0)
'engine/net/u_l12/u_rq/b2[8]' (rtl\requant.v:97) (optimized to 0)
'engine/net/u_l12/u_rq/b2[1]' (rtl\requant.v:97) (optimized to 0)
'engine/net/u_l12/u_rq/k2[39]' (rtl\requant.v:97) (optimized to 0)
'engine/net/u_l12/u_rq/k2[38]' (rtl\requant.v:97) (optimized to 0)
'engine/net/u_l12/u_rq/k2[37]' (rtl\requant.v:97) (optimized to 0)
'engine/net/u_l12/u_rq/k2[36]' (rtl\requant.v:97) (optimized to 0)
'engine/net/u_l12/u_rq/k2[35]' (rtl\requant.v:97) (optimized to 0)
'engine/net/u_l12/u_rq/k2[34]' (rtl\requant.v:97) (optimized to 0)
'engine/net/u_l12/u_rq/k2[33]' (rtl\requant.v:97) (optimized to 0)
'engine/net/u_l12/u_rq/k2[32]' (rtl\requant.v:97) (optimized to 0)
'engine/net/u_l12/u_rq/k2[31]' (rtl\requant.v:97) (optimized to 0)
'engine/net/u_l12/u_rq/k2[30]' (rtl\requant.v:97) (optimized to 0)
'engine/net/u_l12/u_rq/k2[29]' (rtl\requant.v:97) (optimized to 0)
'engine/net/u_l12/u_rq/k2[28]' (rtl\requant.v:97) (optimized to 0)
'engine/net/u_l12/u_rq/k2[27]' (rtl\requant.v:97) (optimized to 0)
'engine/net/u_l12/u_rq/k2[26]' (rtl\requant.v:97) (optimized to 0)
'engine/net/u_l12/u_rq/k2[25]' (rtl\requant.v:97) (optimized to 0)
'engine/net/u_l12/u_rq/k2[24]' (rtl\requant.v:97) (optimized to 0)
'engine/net/u_l12/u_rq/k2[4]' (rtl\requant.v:97) (optimized to 0)
'engine/net/u_l12/u_rq/k2[23]' (rtl\requant.v:97) (optimized to 0)
'engine/net/u_l12/u_rq/k2[22]' (rtl\requant.v:97) (optimized to 0)
'engine/net/u_l12/u_rq/k2[5]' (rtl\requant.v:97) (optimized to 0)
'engine/net/u_l12/u_rq/k2[21]' (rtl\requant.v:97) (optimized to 0)
'engine/net/u_l12/u_rq/k2[20]' (rtl\requant.v:97) (optimized to 0)
'engine/net/u_l12/u_rq/k2[19]' (rtl\requant.v:97) (optimized to 0)
'engine/net/u_l12/u_rq/k2[18]' (rtl\requant.v:97) (optimized to 0)
'engine/net/u_l12/u_rq/k2[17]' (rtl\requant.v:97) (optimized to 0)
'engine/net/u_l12/u_rq/k2[16]' (rtl\requant.v:97) (optimized to 0)
'engine/net/u_l12/u_rq/k2[15]' (rtl\requant.v:97) (optimized to 0)
'engine/net/u_l12/u_rq/k2[14]' (rtl\requant.v:97) (optimized to 0)
'engine/net/u_l12/u_rq/k2[13]' (rtl\requant.v:97) (optimized to 0)
'engine/net/u_l12/u_rq/k2[12]' (rtl\requant.v:97) (optimized to 0)
'engine/net/u_l12/u_rq/k2[11]' (rtl\requant.v:97) (optimized to 0)
'engine/net/u_l12/u_rq/k2[10]' (rtl\requant.v:97) (optimized to 0)
'engine/net/u_l12/u_rq/k2[9]' (rtl\requant.v:97) (optimized to 0)
'engine/net/u_l12/u_rq/k2[8]' (rtl\requant.v:97) (optimized to 0)
'engine/net/u_l12/u_rq/k2[7]' (rtl\requant.v:97) (optimized to 0)
'engine/net/u_l12/u_rq/k2[6]' (rtl\requant.v:97) (optimized to 0)
'engine/net/u_l1/u_rq/b2[0]' (rtl\requant.v:97) (optimized to 0)
'engine/net/u_l1/u_rq/k2[0]' (rtl\requant.v:97) (optimized to 0)
'engine/net/u_l1/u_rq/k2[1]' (rtl\requant.v:97) (optimized to 0)
'engine/net/u_l1/u_rq/k2[2]' (rtl\requant.v:97) (optimized to 0)
'engine/net/u_l1/u_rq/k2[3]' (rtl\requant.v:97) (optimized to 0)
'engine/net/u_l1/u_rq/k2[4]' (rtl\requant.v:97) (optimized to 0)
'engine/net/u_l1/u_rq/b2[9]' (rtl\requant.v:97) (optimized to 0)
'engine/net/u_l1/u_rq/b2[10]' (rtl\requant.v:97) (optimized to 0)
'engine/net/u_l1/u_rq/b2[11]' (rtl\requant.v:97) (optimized to 0)
'engine/net/u_l1/u_rq/b2[12]' (rtl\requant.v:97) (optimized to 0)
'engine/net/u_l1/u_rq/b2[2]' (rtl\requant.v:97) (optimized to 0)
'engine/net/u_l1/u_rq/b2[3]' (rtl\requant.v:97) (optimized to 0)
'engine/net/u_l1/u_rq/b2[4]' (rtl\requant.v:97) (optimized to 0)
'engine/net/u_l1/u_rq/b2[5]' (rtl\requant.v:97) (optimized to 0)
'engine/net/u_l1/u_rq/b2[6]' (rtl\requant.v:97) (optimized to 0)
'engine/net/u_l1/u_rq/b2[7]' (rtl\requant.v:97) (optimized to 0)
'engine/net/u_l1/u_rq/b2[8]' (rtl\requant.v:97) (optimized to 0)
'engine/net/u_l1/u_rq/b2[1]' (rtl\requant.v:97) (optimized to 0)
'engine/net/u_l1/u_rq/k2[39]' (rtl\requant.v:97) (optimized to 0)
'engine/net/u_l1/u_rq/k2[38]' (rtl\requant.v:97) (optimized to 0)
'engine/net/u_l1/u_rq/k2[37]' (rtl\requant.v:97) (optimized to 0)
'engine/net/u_l1/u_rq/k2[36]' (rtl\requant.v:97) (optimized to 0)
'engine/net/u_l1/u_rq/k2[35]' (rtl\requant.v:97) (optimized to 0)
'engine/net/u_l1/u_rq/k2[34]' (rtl\requant.v:97) (optimized to 0)
'engine/net/u_l1/u_rq/k2[33]' (rtl\requant.v:97) (optimized to 0)
'engine/net/u_l1/u_rq/k2[32]' (rtl\requant.v:97) (optimized to 0)
'engine/net/u_l1/u_rq/k2[31]' (rtl\requant.v:97) (optimized to 0)
'engine/net/u_l1/u_rq/k2[30]' (rtl\requant.v:97) (optimized to 0)
'engine/net/u_l1/u_rq/k2[29]' (rtl\requant.v:97) (optimized to 0)
'engine/net/u_l1/u_rq/k2[28]' (rtl\requant.v:97) (optimized to 0)
'engine/net/u_l1/u_rq/k2[27]' (rtl\requant.v:97) (optimized to 0)
'engine/net/u_l1/u_rq/k2[26]' (rtl\requant.v:97) (optimized to 0)
'engine/net/u_l1/u_rq/k2[25]' (rtl\requant.v:97) (optimized to 0)
'engine/net/u_l1/u_rq/k2[24]' (rtl\requant.v:97) (optimized to 0)
'engine/net/u_l1/u_rq/k2[5]' (rtl\requant.v:97) (optimized to 0)
'engine/net/u_l1/u_rq/k2[23]' (rtl\requant.v:97) (optimized to 0)
'engine/net/u_l1/u_rq/k2[22]' (rtl\requant.v:97) (optimized to 0)
'engine/net/u_l1/u_rq/k2[6]' (rtl\requant.v:97) (optimized to 0)
'engine/net/u_l1/u_rq/k2[21]' (rtl\requant.v:97) (optimized to 0)
'engine/net/u_l1/u_rq/k2[20]' (rtl\requant.v:97) (optimized to 0)
'engine/net/u_l1/u_rq/k2[19]' (rtl\requant.v:97) (optimized to 0)
'engine/net/u_l1/u_rq/k2[18]' (rtl\requant.v:97) (optimized to 0)
'engine/net/u_l1/u_rq/k2[17]' (rtl\requant.v:97) (optimized to 0)
'engine/net/u_l1/u_rq/k2[16]' (rtl\requant.v:97) (optimized to 0)
'engine/net/u_l1/u_rq/k2[15]' (rtl\requant.v:97) (optimized to 0)
'engine/net/u_l1/u_rq/k2[14]' (rtl\requant.v:97) (optimized to 0)
'engine/net/u_l1/u_rq/k2[13]' (rtl\requant.v:97) (optimized to 0)
'engine/net/u_l1/u_rq/k2[12]' (rtl\requant.v:97) (optimized to 0)
'engine/net/u_l1/u_rq/k2[11]' (rtl\requant.v:97) (optimized to 0)
'engine/net/u_l1/u_rq/k2[10]' (rtl\requant.v:97) (optimized to 0)
'engine/net/u_l1/u_rq/k2[9]' (rtl\requant.v:97) (optimized to 0)
'engine/net/u_l1/u_rq/k2[8]' (rtl\requant.v:97) (optimized to 0)
'engine/net/u_l1/u_rq/k2[7]' (rtl\requant.v:97) (optimized to 0)
'engine/net/u_l2/u_rq/b2[0]' (rtl\requant.v:97) (optimized to 0)
'engine/net/u_l2/u_rq/k2[0]' (rtl\requant.v:97) (optimized to 0)
'engine/net/u_l2/u_rq/k2[1]' (rtl\requant.v:97) (optimized to 0)
'engine/net/u_l2/u_rq/k2[2]' (rtl\requant.v:97) (optimized to 0)
'engine/net/u_l2/u_rq/k2[3]' (rtl\requant.v:97) (optimized to 0)
'engine/net/u_l2/u_rq/k2[4]' (rtl\requant.v:97) (optimized to 0)
'engine/net/u_l2/u_rq/b2[2]' (rtl\requant.v:97) (optimized to 0)
'engine/net/u_l2/u_rq/b2[3]' (rtl\requant.v:97) (optimized to 0)
'engine/net/u_l2/u_rq/b2[4]' (rtl\requant.v:97) (optimized to 0)
'engine/net/u_l2/u_rq/b2[5]' (rtl\requant.v:97) (optimized to 0)
'engine/net/u_l2/u_rq/b2[6]' (rtl\requant.v:97) (optimized to 0)
'engine/net/u_l2/u_rq/b2[7]' (rtl\requant.v:97) (optimized to 0)
'engine/net/u_l2/u_rq/b2[8]' (rtl\requant.v:97) (optimized to 0)
'engine/net/u_l2/u_rq/b2[1]' (rtl\requant.v:97) (optimized to 0)
'engine/net/u_l2/u_rq/k2[39]' (rtl\requant.v:97) (optimized to 0)
'engine/net/u_l2/u_rq/k2[38]' (rtl\requant.v:97) (optimized to 0)
'engine/net/u_l2/u_rq/k2[37]' (rtl\requant.v:97) (optimized to 0)
'engine/net/u_l2/u_rq/k2[36]' (rtl\requant.v:97) (optimized to 0)
'engine/net/u_l2/u_rq/k2[35]' (rtl\requant.v:97) (optimized to 0)
'engine/net/u_l2/u_rq/k2[34]' (rtl\requant.v:97) (optimized to 0)
'engine/net/u_l2/u_rq/k2[33]' (rtl\requant.v:97) (optimized to 0)
'engine/net/u_l2/u_rq/k2[32]' (rtl\requant.v:97) (optimized to 0)
'engine/net/u_l2/u_rq/k2[31]' (rtl\requant.v:97) (optimized to 0)
'engine/net/u_l2/u_rq/k2[30]' (rtl\requant.v:97) (optimized to 0)
'engine/net/u_l2/u_rq/k2[29]' (rtl\requant.v:97) (optimized to 0)
'engine/net/u_l2/u_rq/k2[28]' (rtl\requant.v:97) (optimized to 0)
'engine/net/u_l2/u_rq/k2[27]' (rtl\requant.v:97) (optimized to 0)
'engine/net/u_l2/u_rq/k2[26]' (rtl\requant.v:97) (optimized to 0)
'engine/net/u_l2/u_rq/k2[25]' (rtl\requant.v:97) (optimized to 0)
'engine/net/u_l2/u_rq/k2[24]' (rtl\requant.v:97) (optimized to 0)
'engine/net/u_l2/u_rq/k2[5]' (rtl\requant.v:97) (optimized to 0)
'engine/net/u_l2/u_rq/k2[23]' (rtl\requant.v:97) (optimized to 0)
'engine/net/u_l2/u_rq/k2[22]' (rtl\requant.v:97) (optimized to 0)
'engine/net/u_l2/u_rq/k2[6]' (rtl\requant.v:97) (optimized to 0)
'engine/net/u_l2/u_rq/k2[21]' (rtl\requant.v:97) (optimized to 0)
'engine/net/u_l2/u_rq/k2[20]' (rtl\requant.v:97) (optimized to 0)
'engine/net/u_l2/u_rq/k2[19]' (rtl\requant.v:97) (optimized to 0)
'engine/net/u_l2/u_rq/k2[18]' (rtl\requant.v:97) (optimized to 0)
'engine/net/u_l2/u_rq/k2[17]' (rtl\requant.v:97) (optimized to 0)
'engine/net/u_l2/u_rq/k2[16]' (rtl\requant.v:97) (optimized to 0)
'engine/net/u_l2/u_rq/k2[15]' (rtl\requant.v:97) (optimized to 0)
'engine/net/u_l2/u_rq/k2[14]' (rtl\requant.v:97) (optimized to 0)
'engine/net/u_l2/u_rq/k2[13]' (rtl\requant.v:97) (optimized to 0)
'engine/net/u_l2/u_rq/k2[12]' (rtl\requant.v:97) (optimized to 0)
'engine/net/u_l2/u_rq/k2[11]' (rtl\requant.v:97) (optimized to 0)
'engine/net/u_l2/u_rq/k2[10]' (rtl\requant.v:97) (optimized to 0)
'engine/net/u_l2/u_rq/k2[9]' (rtl\requant.v:97) (optimized to 0)
'engine/net/u_l2/u_rq/k2[8]' (rtl\requant.v:97) (optimized to 0)
'engine/net/u_l2/u_rq/k2[7]' (rtl\requant.v:97) (optimized to 0)
'engine/net/u_l6/u_rq/b2[0]' (rtl\requant.v:97) (optimized to 0)
'engine/net/u_l6/u_rq/k2[0]' (rtl\requant.v:97) (optimized to 0)
'engine/net/u_l6/u_rq/k2[1]' (rtl\requant.v:97) (optimized to 0)
'engine/net/u_l6/u_rq/k2[2]' (rtl\requant.v:97) (optimized to 0)
'engine/net/u_l6/u_rq/k2[3]' (rtl\requant.v:97) (optimized to 0)
'engine/net/u_l6/u_rq/k2[4]' (rtl\requant.v:97) (optimized to 0)
'engine/net/u_l6/u_rq/b2[9]' (rtl\requant.v:97) (optimized to 0)
'engine/net/u_l6/u_rq/b2[2]' (rtl\requant.v:97) (optimized to 0)
'engine/net/u_l6/u_rq/b2[3]' (rtl\requant.v:97) (optimized to 0)
'engine/net/u_l6/u_rq/b2[4]' (rtl\requant.v:97) (optimized to 0)
'engine/net/u_l6/u_rq/b2[5]' (rtl\requant.v:97) (optimized to 0)
'engine/net/u_l6/u_rq/b2[6]' (rtl\requant.v:97) (optimized to 0)
'engine/net/u_l6/u_rq/b2[7]' (rtl\requant.v:97) (optimized to 0)
'engine/net/u_l6/u_rq/b2[8]' (rtl\requant.v:97) (optimized to 0)
'engine/net/u_l6/u_rq/b2[1]' (rtl\requant.v:97) (optimized to 0)
'engine/net/u_l6/u_rq/k2[39]' (rtl\requant.v:97) (optimized to 0)
'engine/net/u_l6/u_rq/k2[38]' (rtl\requant.v:97) (optimized to 0)
'engine/net/u_l6/u_rq/k2[37]' (rtl\requant.v:97) (optimized to 0)
'engine/net/u_l6/u_rq/k2[36]' (rtl\requant.v:97) (optimized to 0)
'engine/net/u_l6/u_rq/k2[35]' (rtl\requant.v:97) (optimized to 0)
'engine/net/u_l6/u_rq/k2[34]' (rtl\requant.v:97) (optimized to 0)
'engine/net/u_l6/u_rq/k2[33]' (rtl\requant.v:97) (optimized to 0)
'engine/net/u_l6/u_rq/k2[32]' (rtl\requant.v:97) (optimized to 0)
'engine/net/u_l6/u_rq/k2[31]' (rtl\requant.v:97) (optimized to 0)
'engine/net/u_l6/u_rq/k2[30]' (rtl\requant.v:97) (optimized to 0)
'engine/net/u_l6/u_rq/k2[29]' (rtl\requant.v:97) (optimized to 0)
'engine/net/u_l6/u_rq/k2[28]' (rtl\requant.v:97) (optimized to 0)
'engine/net/u_l6/u_rq/k2[27]' (rtl\requant.v:97) (optimized to 0)
'engine/net/u_l6/u_rq/k2[26]' (rtl\requant.v:97) (optimized to 0)
'engine/net/u_l6/u_rq/k2[25]' (rtl\requant.v:97) (optimized to 0)
'engine/net/u_l6/u_rq/k2[24]' (rtl\requant.v:97) (optimized to 0)
'engine/net/u_l6/u_rq/k2[5]' (rtl\requant.v:97) (optimized to 0)
'engine/net/u_l6/u_rq/k2[23]' (rtl\requant.v:97) (optimized to 0)
'engine/net/u_l6/u_rq/k2[22]' (rtl\requant.v:97) (optimized to 0)
'engine/net/u_l6/u_rq/k2[6]' (rtl\requant.v:97) (optimized to 0)
'engine/net/u_l6/u_rq/k2[21]' (rtl\requant.v:97) (optimized to 0)
'engine/net/u_l6/u_rq/k2[20]' (rtl\requant.v:97) (optimized to 0)
'engine/net/u_l6/u_rq/k2[19]' (rtl\requant.v:97) (optimized to 0)
'engine/net/u_l6/u_rq/k2[18]' (rtl\requant.v:97) (optimized to 0)
'engine/net/u_l6/u_rq/k2[17]' (rtl\requant.v:97) (optimized to 0)
'engine/net/u_l6/u_rq/k2[16]' (rtl\requant.v:97) (optimized to 0)
'engine/net/u_l6/u_rq/k2[15]' (rtl\requant.v:97) (optimized to 0)
'engine/net/u_l6/u_rq/k2[14]' (rtl\requant.v:97) (optimized to 0)
'engine/net/u_l6/u_rq/k2[13]' (rtl\requant.v:97) (optimized to 0)
'engine/net/u_l6/u_rq/k2[12]' (rtl\requant.v:97) (optimized to 0)
'engine/net/u_l6/u_rq/k2[11]' (rtl\requant.v:97) (optimized to 0)
'engine/net/u_l6/u_rq/k2[10]' (rtl\requant.v:97) (optimized to 0)
'engine/net/u_l6/u_rq/k2[9]' (rtl\requant.v:97) (optimized to 0)
'engine/net/u_l6/u_rq/k2[8]' (rtl\requant.v:97) (optimized to 0)
'engine/net/u_l6/u_rq/k2[7]' (rtl\requant.v:97) (optimized to 0)
'engine/net/u_l4/u_rq/b2[0]' (rtl\requant.v:97) (optimized to 0)
'engine/net/u_l4/u_rq/k2[0]' (rtl\requant.v:97) (optimized to 0)
'engine/net/u_l4/u_rq/k2[1]' (rtl\requant.v:97) (optimized to 0)
'engine/net/u_l4/u_rq/k2[2]' (rtl\requant.v:97) (optimized to 0)
'engine/net/u_l4/u_rq/k2[3]' (rtl\requant.v:97) (optimized to 0)
'engine/net/u_l4/u_rq/k2[4]' (rtl\requant.v:97) (optimized to 0)
'engine/net/u_l4/u_rq/b2[9]' (rtl\requant.v:97) (optimized to 0)
'engine/net/u_l4/u_rq/b2[10]' (rtl\requant.v:97) (optimized to 0)
'engine/net/u_l4/u_rq/b2[2]' (rtl\requant.v:97) (optimized to 0)
'engine/net/u_l4/u_rq/b2[3]' (rtl\requant.v:97) (optimized to 0)
'engine/net/u_l4/u_rq/b2[4]' (rtl\requant.v:97) (optimized to 0)
'engine/net/u_l4/u_rq/b2[5]' (rtl\requant.v:97) (optimized to 0)
'engine/net/u_l4/u_rq/b2[6]' (rtl\requant.v:97) (optimized to 0)
'engine/net/u_l4/u_rq/b2[7]' (rtl\requant.v:97) (optimized to 0)
'engine/net/u_l4/u_rq/b2[8]' (rtl\requant.v:97) (optimized to 0)
'engine/net/u_l4/u_rq/b2[1]' (rtl\requant.v:97) (optimized to 0)
'engine/net/u_l4/u_rq/k2[39]' (rtl\requant.v:97) (optimized to 0)
'engine/net/u_l4/u_rq/k2[38]' (rtl\requant.v:97) (optimized to 0)
'engine/net/u_l4/u_rq/k2[37]' (rtl\requant.v:97) (optimized to 0)
'engine/net/u_l4/u_rq/k2[36]' (rtl\requant.v:97) (optimized to 0)
'engine/net/u_l4/u_rq/k2[35]' (rtl\requant.v:97) (optimized to 0)
'engine/net/u_l4/u_rq/k2[34]' (rtl\requant.v:97) (optimized to 0)
'engine/net/u_l4/u_rq/k2[33]' (rtl\requant.v:97) (optimized to 0)
'engine/net/u_l4/u_rq/k2[32]' (rtl\requant.v:97) (optimized to 0)
'engine/net/u_l4/u_rq/k2[31]' (rtl\requant.v:97) (optimized to 0)
'engine/net/u_l4/u_rq/k2[30]' (rtl\requant.v:97) (optimized to 0)
'engine/net/u_l4/u_rq/k2[29]' (rtl\requant.v:97) (optimized to 0)
'engine/net/u_l4/u_rq/k2[28]' (rtl\requant.v:97) (optimized to 0)
'engine/net/u_l4/u_rq/k2[27]' (rtl\requant.v:97) (optimized to 0)
'engine/net/u_l4/u_rq/k2[26]' (rtl\requant.v:97) (optimized to 0)
'engine/net/u_l4/u_rq/k2[25]' (rtl\requant.v:97) (optimized to 0)
'engine/net/u_l4/u_rq/k2[24]' (rtl\requant.v:97) (optimized to 0)
'engine/net/u_l4/u_rq/k2[5]' (rtl\requant.v:97) (optimized to 0)
'engine/net/u_l4/u_rq/k2[23]' (rtl\requant.v:97) (optimized to 0)
'engine/net/u_l4/u_rq/k2[22]' (rtl\requant.v:97) (optimized to 0)
'engine/net/u_l4/u_rq/k2[6]' (rtl\requant.v:97) (optimized to 0)
'engine/net/u_l4/u_rq/k2[21]' (rtl\requant.v:97) (optimized to 0)
'engine/net/u_l4/u_rq/k2[20]' (rtl\requant.v:97) (optimized to 0)
'engine/net/u_l4/u_rq/k2[19]' (rtl\requant.v:97) (optimized to 0)
'engine/net/u_l4/u_rq/k2[18]' (rtl\requant.v:97) (optimized to 0)
'engine/net/u_l4/u_rq/k2[17]' (rtl\requant.v:97) (optimized to 0)
'engine/net/u_l4/u_rq/k2[16]' (rtl\requant.v:97) (optimized to 0)
'engine/net/u_l4/u_rq/k2[15]' (rtl\requant.v:97) (optimized to 0)
'engine/net/u_l4/u_rq/k2[14]' (rtl\requant.v:97) (optimized to 0)
'engine/net/u_l4/u_rq/k2[13]' (rtl\requant.v:97) (optimized to 0)
'engine/net/u_l4/u_rq/k2[12]' (rtl\requant.v:97) (optimized to 0)
'engine/net/u_l4/u_rq/k2[11]' (rtl\requant.v:97) (optimized to 0)
'engine/net/u_l4/u_rq/k2[10]' (rtl\requant.v:97) (optimized to 0)
'engine/net/u_l4/u_rq/k2[9]' (rtl\requant.v:97) (optimized to 0)
'engine/net/u_l4/u_rq/k2[8]' (rtl\requant.v:97) (optimized to 0)
'engine/net/u_l4/u_rq/k2[7]' (rtl\requant.v:97) (optimized to 0)
'engine/net/u_l8/u_rq/b2[0]' (rtl\requant.v:97) (optimized to 0)
'engine/net/u_l8/u_rq/k2[0]' (rtl\requant.v:97) (optimized to 0)
'engine/net/u_l8/u_rq/k2[1]' (rtl\requant.v:97) (optimized to 0)
'engine/net/u_l8/u_rq/k2[2]' (rtl\requant.v:97) (optimized to 0)
'engine/net/u_l8/u_rq/k2[3]' (rtl\requant.v:97) (optimized to 0)
'engine/net/u_l8/u_rq/k2[4]' (rtl\requant.v:97) (optimized to 0)
'engine/net/u_l8/u_rq/b2[9]' (rtl\requant.v:97) (optimized to 0)
'engine/net/u_l8/u_rq/b2[10]' (rtl\requant.v:97) (optimized to 0)
'engine/net/u_l8/u_rq/b2[2]' (rtl\requant.v:97) (optimized to 0)
'engine/net/u_l8/u_rq/b2[3]' (rtl\requant.v:97) (optimized to 0)
'engine/net/u_l8/u_rq/b2[4]' (rtl\requant.v:97) (optimized to 0)
'engine/net/u_l8/u_rq/b2[5]' (rtl\requant.v:97) (optimized to 0)
'engine/net/u_l8/u_rq/b2[6]' (rtl\requant.v:97) (optimized to 0)
'engine/net/u_l8/u_rq/b2[7]' (rtl\requant.v:97) (optimized to 0)
'engine/net/u_l8/u_rq/b2[8]' (rtl\requant.v:97) (optimized to 0)
'engine/net/u_l8/u_rq/b2[1]' (rtl\requant.v:97) (optimized to 0)
'engine/net/u_l8/u_rq/k2[39]' (rtl\requant.v:97) (optimized to 0)
'engine/net/u_l8/u_rq/k2[38]' (rtl\requant.v:97) (optimized to 0)
'engine/net/u_l8/u_rq/k2[37]' (rtl\requant.v:97) (optimized to 0)
'engine/net/u_l8/u_rq/k2[36]' (rtl\requant.v:97) (optimized to 0)
'engine/net/u_l8/u_rq/k2[35]' (rtl\requant.v:97) (optimized to 0)
'engine/net/u_l8/u_rq/k2[34]' (rtl\requant.v:97) (optimized to 0)
'engine/net/u_l8/u_rq/k2[33]' (rtl\requant.v:97) (optimized to 0)
'engine/net/u_l8/u_rq/k2[32]' (rtl\requant.v:97) (optimized to 0)
'engine/net/u_l8/u_rq/k2[31]' (rtl\requant.v:97) (optimized to 0)
'engine/net/u_l8/u_rq/k2[30]' (rtl\requant.v:97) (optimized to 0)
'engine/net/u_l8/u_rq/k2[29]' (rtl\requant.v:97) (optimized to 0)
'engine/net/u_l8/u_rq/k2[28]' (rtl\requant.v:97) (optimized to 0)
'engine/net/u_l8/u_rq/k2[27]' (rtl\requant.v:97) (optimized to 0)
'engine/net/u_l8/u_rq/k2[26]' (rtl\requant.v:97) (optimized to 0)
'engine/net/u_l8/u_rq/k2[25]' (rtl\requant.v:97) (optimized to 0)
'engine/net/u_l8/u_rq/k2[24]' (rtl\requant.v:97) (optimized to 0)
'engine/net/u_l8/u_rq/k2[5]' (rtl\requant.v:97) (optimized to 0)
'engine/net/u_l8/u_rq/k2[23]' (rtl\requant.v:97) (optimized to 0)
'engine/net/u_l8/u_rq/k2[22]' (rtl\requant.v:97) (optimized to 0)
'engine/net/u_l8/u_rq/k2[6]' (rtl\requant.v:97) (optimized to 0)
'engine/net/u_l8/u_rq/k2[21]' (rtl\requant.v:97) (optimized to 0)
'engine/net/u_l8/u_rq/k2[20]' (rtl\requant.v:97) (optimized to 0)
'engine/net/u_l8/u_rq/k2[19]' (rtl\requant.v:97) (optimized to 0)
'engine/net/u_l8/u_rq/k2[18]' (rtl\requant.v:97) (optimized to 0)
'engine/net/u_l8/u_rq/k2[17]' (rtl\requant.v:97) (optimized to 0)
'engine/net/u_l8/u_rq/k2[16]' (rtl\requant.v:97) (optimized to 0)
'engine/net/u_l8/u_rq/k2[15]' (rtl\requant.v:97) (optimized to 0)
'engine/net/u_l8/u_rq/k2[14]' (rtl\requant.v:97) (optimized to 0)
'engine/net/u_l8/u_rq/k2[13]' (rtl\requant.v:97) (optimized to 0)
'engine/net/u_l8/u_rq/k2[12]' (rtl\requant.v:97) (optimized to 0)
'engine/net/u_l8/u_rq/k2[11]' (rtl\requant.v:97) (optimized to 0)
'engine/net/u_l8/u_rq/k2[10]' (rtl\requant.v:97) (optimized to 0)
'engine/net/u_l8/u_rq/k2[9]' (rtl\requant.v:97) (optimized to 0)
'engine/net/u_l8/u_rq/k2[8]' (rtl\requant.v:97) (optimized to 0)
'engine/net/u_l8/u_rq/k2[7]' (rtl\requant.v:97) (optimized to 0)
'engine/net/u_l0/u_rq/k2[1]' (rtl\requant.v:97) (optimized to 0)
'engine/net/u_l0/u_rq/b2[0]' (rtl\requant.v:97) (optimized to 0)
'engine/net/u_l0/u_rq/k2[0]' (rtl\requant.v:97) (optimized to 0)
'engine/net/u_l0/u_rq/k2[2]' (rtl\requant.v:97) (optimized to 0)
'engine/net/u_l0/u_rq/k2[3]' (rtl\requant.v:97) (optimized to 0)
'engine/net/u_l0/u_rq/k2[4]' (rtl\requant.v:97) (optimized to 0)
'engine/net/u_l0/u_rq/k2[5]' (rtl\requant.v:97) (optimized to 0)
'engine/net/u_l0/u_rq/b2[9]' (rtl\requant.v:97) (optimized to 0)
'engine/net/u_l0/u_rq/b2[10]' (rtl\requant.v:97) (optimized to 0)
'engine/net/u_l0/u_rq/b2[11]' (rtl\requant.v:97) (optimized to 0)
'engine/net/u_l0/u_rq/b2[2]' (rtl\requant.v:97) (optimized to 0)
'engine/net/u_l0/u_rq/b2[3]' (rtl\requant.v:97) (optimized to 0)
'engine/net/u_l0/u_rq/b2[4]' (rtl\requant.v:97) (optimized to 0)
'engine/net/u_l0/u_rq/b2[5]' (rtl\requant.v:97) (optimized to 0)
'engine/net/u_l0/u_rq/b2[6]' (rtl\requant.v:97) (optimized to 0)
'engine/net/u_l0/u_rq/b2[7]' (rtl\requant.v:97) (optimized to 0)
'engine/net/u_l0/u_rq/b2[8]' (rtl\requant.v:97) (optimized to 0)
'engine/net/u_l0/u_rq/b2[1]' (rtl\requant.v:97) (optimized to 0)
'engine/net/u_l0/u_rq/k2[39]' (rtl\requant.v:97) (optimized to 0)
'engine/net/u_l0/u_rq/k2[38]' (rtl\requant.v:97) (optimized to 0)
'engine/net/u_l0/u_rq/k2[37]' (rtl\requant.v:97) (optimized to 0)
'engine/net/u_l0/u_rq/k2[36]' (rtl\requant.v:97) (optimized to 0)
'engine/net/u_l0/u_rq/k2[35]' (rtl\requant.v:97) (optimized to 0)
'engine/net/u_l0/u_rq/k2[34]' (rtl\requant.v:97) (optimized to 0)
'engine/net/u_l0/u_rq/k2[33]' (rtl\requant.v:97) (optimized to 0)
'engine/net/u_l0/u_rq/k2[32]' (rtl\requant.v:97) (optimized to 0)
'engine/net/u_l0/u_rq/k2[31]' (rtl\requant.v:97) (optimized to 0)
'engine/net/u_l0/u_rq/k2[30]' (rtl\requant.v:97) (optimized to 0)
'engine/net/u_l0/u_rq/k2[29]' (rtl\requant.v:97) (optimized to 0)
'engine/net/u_l0/u_rq/k2[28]' (rtl\requant.v:97) (optimized to 0)
'engine/net/u_l0/u_rq/k2[27]' (rtl\requant.v:97) (optimized to 0)
'engine/net/u_l0/u_rq/k2[26]' (rtl\requant.v:97) (optimized to 0)
'engine/net/u_l0/u_rq/k2[25]' (rtl\requant.v:97) (optimized to 0)
'engine/net/u_l0/u_rq/k2[24]' (rtl\requant.v:97) (optimized to 0)
'engine/net/u_l0/u_rq/k2[6]' (rtl\requant.v:97) (optimized to 0)
'engine/net/u_l0/u_rq/k2[23]' (rtl\requant.v:97) (optimized to 0)
'engine/net/u_l0/u_rq/k2[22]' (rtl\requant.v:97) (optimized to 0)
'engine/net/u_l0/u_rq/k2[7]' (rtl\requant.v:97) (optimized to 0)
'engine/net/u_l0/u_rq/k2[21]' (rtl\requant.v:97) (optimized to 0)
'engine/net/u_l0/u_rq/k2[20]' (rtl\requant.v:97) (optimized to 0)
'engine/net/u_l0/u_rq/k2[19]' (rtl\requant.v:97) (optimized to 0)
'engine/net/u_l0/u_rq/k2[18]' (rtl\requant.v:97) (optimized to 0)
'engine/net/u_l0/u_rq/k2[17]' (rtl\requant.v:97) (optimized to 0)
'engine/net/u_l0/u_rq/k2[16]' (rtl\requant.v:97) (optimized to 0)
'engine/net/u_l0/u_rq/k2[15]' (rtl\requant.v:97) (optimized to 0)
'engine/net/u_l0/u_rq/k2[14]' (rtl\requant.v:97) (optimized to 0)
'engine/net/u_l0/u_rq/k2[13]' (rtl\requant.v:97) (optimized to 0)
'engine/net/u_l0/u_rq/k2[12]' (rtl\requant.v:97) (optimized to 0)
'engine/net/u_l0/u_rq/k2[11]' (rtl\requant.v:97) (optimized to 0)
'engine/net/u_l0/u_rq/k2[10]' (rtl\requant.v:97) (optimized to 0)
'engine/net/u_l0/u_rq/k2[9]' (rtl\requant.v:97) (optimized to 0)
'engine/net/u_l0/u_rq/k2[8]' (rtl\requant.v:97) (optimized to 0)
'engine/net/u_l7/u_rq/b2[0]' (rtl\requant.v:97) (optimized to 0)
'engine/net/u_l7/u_rq/k2[0]' (rtl\requant.v:97) (optimized to 0)
'engine/net/u_l7/u_rq/k2[1]' (rtl\requant.v:97) (optimized to 0)
'engine/net/u_l7/u_rq/k2[2]' (rtl\requant.v:97) (optimized to 0)
'engine/net/u_l7/u_rq/b2[2]' (rtl\requant.v:97) (optimized to 0)
'engine/net/u_l7/u_rq/b2[3]' (rtl\requant.v:97) (optimized to 0)
'engine/net/u_l7/u_rq/b2[4]' (rtl\requant.v:97) (optimized to 0)
'engine/net/u_l7/u_rq/b2[5]' (rtl\requant.v:97) (optimized to 0)
'engine/net/u_l7/u_rq/b2[6]' (rtl\requant.v:97) (optimized to 0)
'engine/net/u_l7/u_rq/b2[7]' (rtl\requant.v:97) (optimized to 0)
'engine/net/u_l7/u_rq/b2[8]' (rtl\requant.v:97) (optimized to 0)
'engine/net/u_l7/u_rq/b2[1]' (rtl\requant.v:97) (optimized to 0)
'engine/net/u_l9/u_rq/b2[0]' (rtl\requant.v:97) (optimized to 0)
'engine/net/u_l9/u_rq/b2[9]' (rtl\requant.v:97) (optimized to 0)
'engine/net/u_l9/u_rq/b2[2]' (rtl\requant.v:97) (optimized to 0)
'engine/net/u_l9/u_rq/b2[3]' (rtl\requant.v:97) (optimized to 0)
'engine/net/u_l9/u_rq/b2[4]' (rtl\requant.v:97) (optimized to 0)
'engine/net/u_l9/u_rq/b2[5]' (rtl\requant.v:97) (optimized to 0)
'engine/net/u_l9/u_rq/b2[6]' (rtl\requant.v:97) (optimized to 0)
'engine/net/u_l9/u_rq/b2[7]' (rtl\requant.v:97) (optimized to 0)
'engine/net/u_l9/u_rq/b2[8]' (rtl\requant.v:97) (optimized to 0)
'engine/net/u_l9/u_rq/b2[1]' (rtl\requant.v:97) (optimized to 0)
'engine/net/u_l3/u_rq/b2[0]' (rtl\requant.v:97) (optimized to 0)
'engine/net/u_l3/u_rq/k2[0]' (rtl\requant.v:97) (optimized to 0)
'engine/net/u_l3/u_rq/b2[2]' (rtl\requant.v:97) (optimized to 0)
'engine/net/u_l3/u_rq/b2[3]' (rtl\requant.v:97) (optimized to 0)
'engine/net/u_l3/u_rq/b2[4]' (rtl\requant.v:97) (optimized to 0)
'engine/net/u_l3/u_rq/b2[5]' (rtl\requant.v:97) (optimized to 0)
'engine/net/u_l3/u_rq/b2[6]' (rtl\requant.v:97) (optimized to 0)
'engine/net/u_l3/u_rq/b2[7]' (rtl\requant.v:97) (optimized to 0)
'engine/net/u_l3/u_rq/b2[8]' (rtl\requant.v:97) (optimized to 0)
'engine/net/u_l3/u_rq/b2[1]' (rtl\requant.v:97) (optimized to 0)
'engine/net/u_l5/u_rq/b2[0]' (rtl\requant.v:97) (optimized to 0)
'engine/net/u_l5/u_rq/k2[0]' (rtl\requant.v:97) (optimized to 0)
'engine/net/u_l5/u_rq/b2[2]' (rtl\requant.v:97) (optimized to 0)
'engine/net/u_l5/u_rq/b2[3]' (rtl\requant.v:97) (optimized to 0)
'engine/net/u_l5/u_rq/b2[4]' (rtl\requant.v:97) (optimized to 0)
'engine/net/u_l5/u_rq/b2[5]' (rtl\requant.v:97) (optimized to 0)
'engine/net/u_l5/u_rq/b2[6]' (rtl\requant.v:97) (optimized to 0)
'engine/net/u_l5/u_rq/b2[7]' (rtl\requant.v:97) (optimized to 0)
'engine/net/u_l5/u_rq/b2[8]' (rtl\requant.v:97) (optimized to 0)
'engine/net/u_l5/u_rq/b2[1]' (rtl\requant.v:97) (optimized to 0)
'engine/net/u_l11/u_rq/k2[1]' (rtl\requant.v:97) (optimized to 0)
'engine/net/u_l11/u_rq/b2[0]' (rtl\requant.v:97) (optimized to 0)
'engine/net/u_l11/u_rq/k2[0]' (rtl\requant.v:97) (optimized to 0)
'engine/net/u_l11/u_rq/k2[2]' (rtl\requant.v:97) (optimized to 0)
'engine/net/u_l11/u_rq/k2[3]' (rtl\requant.v:97) (optimized to 0)
'engine/net/u_l11/u_rq/k2[4]' (rtl\requant.v:97) (optimized to 0)
'engine/net/u_l11/u_rq/k2[5]' (rtl\requant.v:97) (optimized to 0)
'engine/net/u_l11/u_rq/b2[9]' (rtl\requant.v:97) (optimized to 0)
'engine/net/u_l11/u_rq/b2[10]' (rtl\requant.v:97) (optimized to 0)
'engine/net/u_l11/u_rq/b2[2]' (rtl\requant.v:97) (optimized to 0)
'engine/net/u_l11/u_rq/b2[3]' (rtl\requant.v:97) (optimized to 0)
'engine/net/u_l11/u_rq/b2[4]' (rtl\requant.v:97) (optimized to 0)
'engine/net/u_l11/u_rq/b2[5]' (rtl\requant.v:97) (optimized to 0)
'engine/net/u_l11/u_rq/b2[6]' (rtl\requant.v:97) (optimized to 0)
'engine/net/u_l11/u_rq/b2[7]' (rtl\requant.v:97) (optimized to 0)
'engine/net/u_l11/u_rq/b2[8]' (rtl\requant.v:97) (optimized to 0)
'engine/net/u_l11/u_rq/b2[1]' (rtl\requant.v:97) (optimized to 0)
'engine/net/u_l11/u_rq/k2[39]' (rtl\requant.v:97) (optimized to 0)
'engine/net/u_l11/u_rq/k2[38]' (rtl\requant.v:97) (optimized to 0)
'engine/net/u_l11/u_rq/k2[37]' (rtl\requant.v:97) (optimized to 0)
'engine/net/u_l11/u_rq/k2[36]' (rtl\requant.v:97) (optimized to 0)
'engine/net/u_l11/u_rq/k2[35]' (rtl\requant.v:97) (optimized to 0)
'engine/net/u_l11/u_rq/k2[34]' (rtl\requant.v:97) (optimized to 0)
'engine/net/u_l11/u_rq/k2[33]' (rtl\requant.v:97) (optimized to 0)
'engine/net/u_l11/u_rq/k2[32]' (rtl\requant.v:97) (optimized to 0)
'engine/net/u_l11/u_rq/k2[31]' (rtl\requant.v:97) (optimized to 0)
'engine/net/u_l11/u_rq/k2[30]' (rtl\requant.v:97) (optimized to 0)
'engine/net/u_l11/u_rq/k2[29]' (rtl\requant.v:97) (optimized to 0)
'engine/net/u_l11/u_rq/k2[28]' (rtl\requant.v:97) (optimized to 0)
'engine/net/u_l11/u_rq/k2[27]' (rtl\requant.v:97) (optimized to 0)
'engine/net/u_l11/u_rq/k2[26]' (rtl\requant.v:97) (optimized to 0)
'engine/net/u_l11/u_rq/k2[25]' (rtl\requant.v:97) (optimized to 0)
'engine/net/u_l11/u_rq/k2[24]' (rtl\requant.v:97) (optimized to 0)
'engine/net/u_l11/u_rq/k2[6]' (rtl\requant.v:97) (optimized to 0)
'engine/net/u_l11/u_rq/k2[23]' (rtl\requant.v:97) (optimized to 0)
'engine/net/u_l11/u_rq/k2[22]' (rtl\requant.v:97) (optimized to 0)
'engine/net/u_l11/u_rq/k2[7]' (rtl\requant.v:97) (optimized to 0)
'engine/net/u_l11/u_rq/k2[21]' (rtl\requant.v:97) (optimized to 0)
'engine/net/u_l11/u_rq/k2[20]' (rtl\requant.v:97) (optimized to 0)
'engine/net/u_l11/u_rq/k2[19]' (rtl\requant.v:97) (optimized to 0)
'engine/net/u_l11/u_rq/k2[18]' (rtl\requant.v:97) (optimized to 0)
'engine/net/u_l11/u_rq/k2[17]' (rtl\requant.v:97) (optimized to 0)
'engine/net/u_l11/u_rq/k2[16]' (rtl\requant.v:97) (optimized to 0)
'engine/net/u_l11/u_rq/k2[15]' (rtl\requant.v:97) (optimized to 0)
'engine/net/u_l11/u_rq/k2[14]' (rtl\requant.v:97) (optimized to 0)
'engine/net/u_l11/u_rq/k2[13]' (rtl\requant.v:97) (optimized to 0)
'engine/net/u_l11/u_rq/k2[12]' (rtl\requant.v:97) (optimized to 0)
'engine/net/u_l11/u_rq/k2[11]' (rtl\requant.v:97) (optimized to 0)
'engine/net/u_l11/u_rq/k2[10]' (rtl\requant.v:97) (optimized to 0)
'engine/net/u_l11/u_rq/k2[9]' (rtl\requant.v:97) (optimized to 0)
'engine/net/u_l11/u_rq/k2[8]' (rtl\requant.v:97) (optimized to 0)
'engine/net/u_l10/u_rq/b2[0]' (rtl\requant.v:97) (optimized to 0)
'engine/net/u_l10/u_rq/k2[0]' (rtl\requant.v:97) (optimized to 0)
'engine/net/u_l10/u_rq/k2[1]' (rtl\requant.v:97) (optimized to 0)
'engine/net/u_l10/u_rq/k2[2]' (rtl\requant.v:97) (optimized to 0)
'engine/net/u_l10/u_rq/k2[3]' (rtl\requant.v:97) (optimized to 0)
'engine/net/u_l10/u_rq/k2[4]' (rtl\requant.v:97) (optimized to 0)
'engine/net/u_l10/u_rq/b2[9]' (rtl\requant.v:97) (optimized to 0)
'engine/net/u_l10/u_rq/b2[10]' (rtl\requant.v:97) (optimized to 0)
'engine/net/u_l10/u_rq/b2[11]' (rtl\requant.v:97) (optimized to 0)
'engine/net/u_l10/u_rq/b2[2]' (rtl\requant.v:97) (optimized to 0)
'engine/net/u_l10/u_rq/b2[3]' (rtl\requant.v:97) (optimized to 0)
'engine/net/u_l10/u_rq/b2[4]' (rtl\requant.v:97) (optimized to 0)
'engine/net/u_l10/u_rq/b2[5]' (rtl\requant.v:97) (optimized to 0)
'engine/net/u_l10/u_rq/b2[6]' (rtl\requant.v:97) (optimized to 0)
'engine/net/u_l10/u_rq/b2[7]' (rtl\requant.v:97) (optimized to 0)
'engine/net/u_l10/u_rq/b2[8]' (rtl\requant.v:97) (optimized to 0)
'engine/net/u_l10/u_rq/b2[1]' (rtl\requant.v:97) (optimized to 0)
'engine/net/u_l10/u_rq/k2[39]' (rtl\requant.v:97) (optimized to 0)
'engine/net/u_l10/u_rq/k2[38]' (rtl\requant.v:97) (optimized to 0)
'engine/net/u_l10/u_rq/k2[37]' (rtl\requant.v:97) (optimized to 0)
'engine/net/u_l10/u_rq/k2[36]' (rtl\requant.v:97) (optimized to 0)
'engine/net/u_l10/u_rq/k2[35]' (rtl\requant.v:97) (optimized to 0)
'engine/net/u_l10/u_rq/k2[34]' (rtl\requant.v:97) (optimized to 0)
'engine/net/u_l10/u_rq/k2[33]' (rtl\requant.v:97) (optimized to 0)
'engine/net/u_l10/u_rq/k2[32]' (rtl\requant.v:97) (optimized to 0)
'engine/net/u_l10/u_rq/k2[31]' (rtl\requant.v:97) (optimized to 0)
'engine/net/u_l10/u_rq/k2[30]' (rtl\requant.v:97) (optimized to 0)
'engine/net/u_l10/u_rq/k2[29]' (rtl\requant.v:97) (optimized to 0)
'engine/net/u_l10/u_rq/k2[28]' (rtl\requant.v:97) (optimized to 0)
'engine/net/u_l10/u_rq/k2[27]' (rtl\requant.v:97) (optimized to 0)
'engine/net/u_l10/u_rq/k2[26]' (rtl\requant.v:97) (optimized to 0)
'engine/net/u_l10/u_rq/k2[25]' (rtl\requant.v:97) (optimized to 0)
'engine/net/u_l10/u_rq/k2[24]' (rtl\requant.v:97) (optimized to 0)
'engine/net/u_l10/u_rq/k2[5]' (rtl\requant.v:97) (optimized to 0)
'engine/net/u_l10/u_rq/k2[23]' (rtl\requant.v:97) (optimized to 0)
'engine/net/u_l10/u_rq/k2[22]' (rtl\requant.v:97) (optimized to 0)
'engine/net/u_l10/u_rq/k2[6]' (rtl\requant.v:97) (optimized to 0)
'engine/net/u_l10/u_rq/k2[21]' (rtl\requant.v:97) (optimized to 0)
'engine/net/u_l10/u_rq/k2[20]' (rtl\requant.v:97) (optimized to 0)
'engine/net/u_l10/u_rq/k2[19]' (rtl\requant.v:97) (optimized to 0)
'engine/net/u_l10/u_rq/k2[18]' (rtl\requant.v:97) (optimized to 0)
'engine/net/u_l10/u_rq/k2[17]' (rtl\requant.v:97) (optimized to 0)
'engine/net/u_l10/u_rq/k2[16]' (rtl\requant.v:97) (optimized to 0)
'engine/net/u_l10/u_rq/k2[15]' (rtl\requant.v:97) (optimized to 0)
'engine/net/u_l10/u_rq/k2[14]' (rtl\requant.v:97) (optimized to 0)
'engine/net/u_l10/u_rq/k2[13]' (rtl\requant.v:97) (optimized to 0)
'engine/net/u_l10/u_rq/k2[12]' (rtl\requant.v:97) (optimized to 0)
'engine/net/u_l10/u_rq/k2[11]' (rtl\requant.v:97) (optimized to 0)
'engine/net/u_l10/u_rq/k2[10]' (rtl\requant.v:97) (optimized to 0)
'engine/net/u_l10/u_rq/k2[9]' (rtl\requant.v:97) (optimized to 0)
'engine/net/u_l10/u_rq/k2[8]' (rtl\requant.v:97) (optimized to 0)
'engine/net/u_l10/u_rq/k2[7]' (rtl\requant.v:97) (optimized to 0)
'engine/in_update/cout[0]' (rtl\sc_in_refresh.v:23) (optimized to 0)
'engine/in_update/math/samples[0]' (rtl\sc_in_math.v:11) (optimized to 0)
'engine/in_update/math/epsilon[0]' (rtl\sc_in_math.v:12) (optimized to 0)
'engine/in_update/math/epsilon[1]' (rtl\sc_in_math.v:12) (optimized to 0)
'engine/in_update/math/epsilon[2]' (rtl\sc_in_math.v:12) (optimized to 0)
'engine/in_update/math/epsilon[3]' (rtl\sc_in_math.v:12) (optimized to 0)
'engine/in_update/math/epsilon[4]' (rtl\sc_in_math.v:12) (optimized to 0)
'engine/in_update/math/epsilon[5]' (rtl\sc_in_math.v:12) (optimized to 0)
'engine/in_update/math/epsilon[6]' (rtl\sc_in_math.v:12) (optimized to 0)
'engine/in_update/math/epsilon[7]' (rtl\sc_in_math.v:12) (optimized to 0)
'engine/in_update/math/epsilon[8]' (rtl\sc_in_math.v:12) (optimized to 0)
'engine/in_update/math/epsilon[9]' (rtl\sc_in_math.v:12) (optimized to 0)
'engine/in_update/math/epsilon[10]' (rtl\sc_in_math.v:12) (optimized to 0)
'engine/in_update/math/epsilon[11]' (rtl\sc_in_math.v:12) (optimized to 0)
'engine/in_update/math/epsilon[12]' (rtl\sc_in_math.v:12) (optimized to 0)
'engine/in_update/math/epsilon[13]' (rtl\sc_in_math.v:12) (optimized to 0)
'engine/in_update/math/epsilon[14]' (rtl\sc_in_math.v:12) (optimized to 0)
'engine/in_update/math/epsilon[15]' (rtl\sc_in_math.v:12) (optimized to 0)
'engine/in_update/math/epsilon[16]' (rtl\sc_in_math.v:12) (optimized to 0)
'engine/in_update/math/epsilon[17]' (rtl\sc_in_math.v:12) (optimized to 0)
'engine/in_update/math/epsilon[18]' (rtl\sc_in_math.v:12) (optimized to 0)
'engine/in_update/math/epsilon[19]' (rtl\sc_in_math.v:12) (optimized to 0)
'engine/in_update/math/epsilon[20]' (rtl\sc_in_math.v:12) (optimized to 0)
'engine/in_update/math/epsilon[21]' (rtl\sc_in_math.v:12) (optimized to 0)
'engine/in_update/math/epsilon[22]' (rtl\sc_in_math.v:12) (optimized to 0)
'engine/in_update/math/epsilon[23]' (rtl\sc_in_math.v:12) (optimized to 0)
'engine/in_update/math/epsilon[24]' (rtl\sc_in_math.v:12) (optimized to 0)
'engine/in_update/math/epsilon[25]' (rtl\sc_in_math.v:12) (optimized to 0)
'engine/in_update/math/epsilon[26]' (rtl\sc_in_math.v:12) (optimized to 0)
'engine/in_update/math/epsilon[27]' (rtl\sc_in_math.v:12) (optimized to 0)
'engine/in_update/math/epsilon[28]' (rtl\sc_in_math.v:12) (optimized to 0)
'engine/in_update/math/epsilon[29]' (rtl\sc_in_math.v:12) (optimized to 0)
'engine/in_update/math/epsilon[30]' (rtl\sc_in_math.v:12) (optimized to 0)
'engine/in_update/math/epsilon[31]' (rtl\sc_in_math.v:12) (optimized to 0)
'engine/in_update/math/epsilon[32]' (rtl\sc_in_math.v:12) (optimized to 0)
'engine/in_update/math/epsilon[33]' (rtl\sc_in_math.v:12) (optimized to 0)
'engine/in_update/math/epsilon[34]' (rtl\sc_in_math.v:12) (optimized to 0)
'engine/in_update/math/epsilon[35]' (rtl\sc_in_math.v:12) (optimized to 0)
'engine/in_update/math/epsilon[36]' (rtl\sc_in_math.v:12) (optimized to 0)
'engine/in_update/math/epsilon[37]' (rtl\sc_in_math.v:12) (optimized to 0)
'engine/in_update/math/epsilon[38]' (rtl\sc_in_math.v:12) (optimized to 0)
'engine/in_update/math/epsilon[39]' (rtl\sc_in_math.v:12) (optimized to 0)
'engine/in_update/math/epsilon[40]' (rtl\sc_in_math.v:12) (optimized to 0)
'engine/in_update/math/epsilon[41]' (rtl\sc_in_math.v:12) (optimized to 0)
'engine/in_update/math/epsilon[42]' (rtl\sc_in_math.v:12) (optimized to 0)
'engine/in_update/math/epsilon[43]' (rtl\sc_in_math.v:12) (optimized to 0)
'engine/in_update/math/epsilon[44]' (rtl\sc_in_math.v:12) (optimized to 0)
'engine/in_update/math/epsilon[45]' (rtl\sc_in_math.v:12) (optimized to 0)
'engine/in_update/math/epsilon[46]' (rtl\sc_in_math.v:12) (optimized to 0)
'engine/in_update/math/epsilon[47]' (rtl\sc_in_math.v:12) (optimized to 0)
'engine/in_update/math/epsilon[48]' (rtl\sc_in_math.v:12) (optimized to 0)
'engine/in_update/math/epsilon[49]' (rtl\sc_in_math.v:12) (optimized to 0)
'engine/in_update/math/epsilon[50]' (rtl\sc_in_math.v:12) (optimized to 0)
'engine/in_update/math/epsilon[51]' (rtl\sc_in_math.v:12) (optimized to 0)
'engine/in_update/math/epsilon[52]' (rtl\sc_in_math.v:12) (optimized to 0)
'engine/in_update/math/epsilon[53]' (rtl\sc_in_math.v:12) (optimized to 0)
'engine/in_update/math/epsilon[54]' (rtl\sc_in_math.v:12) (optimized to 0)
'engine/in_update/math/epsilon[55]' (rtl\sc_in_math.v:12) (optimized to 0)
'engine/in_update/math/epsilon[56]' (rtl\sc_in_math.v:12) (optimized to 0)
'engine/in_update/math/epsilon[57]' (rtl\sc_in_math.v:12) (optimized to 0)
'engine/in_update/math/epsilon[58]' (rtl\sc_in_math.v:12) (optimized to 0)
'engine/in_update/math/epsilon[59]' (rtl\sc_in_math.v:12) (optimized to 0)
'engine/in_update/math/epsilon[136]' (rtl\sc_in_math.v:12) (optimized to 0)
'engine/in_update/math/epsilon[137]' (rtl\sc_in_math.v:12) (optimized to 0)
'engine/in_update/math/epsilon[138]' (rtl\sc_in_math.v:12) (optimized to 0)
'engine/in_update/math/epsilon[139]' (rtl\sc_in_math.v:12) (optimized to 0)
'engine/in_update/math/epsilon[140]' (rtl\sc_in_math.v:12) (optimized to 0)
'engine/in_update/math/epsilon[141]' (rtl\sc_in_math.v:12) (optimized to 0)
'engine/in_update/math/epsilon[142]' (rtl\sc_in_math.v:12) (optimized to 0)
'engine/in_update/math/epsilon[143]' (rtl\sc_in_math.v:12) (optimized to 0)
'engine/in_update/math/epsilon[144]' (rtl\sc_in_math.v:12) (optimized to 0)
'engine/in_update/math/epsilon[145]' (rtl\sc_in_math.v:12) (optimized to 0)
'engine/in_update/math/epsilon[146]' (rtl\sc_in_math.v:12) (optimized to 0)
'engine/in_update/math/epsilon[147]' (rtl\sc_in_math.v:12) (optimized to 0)
'engine/in_update/math/epsilon[148]' (rtl\sc_in_math.v:12) (optimized to 0)
'engine/in_update/math/epsilon[149]' (rtl\sc_in_math.v:12) (optimized to 0)
'engine/in_update/math/epsilon[150]' (rtl\sc_in_math.v:12) (optimized to 0)
'engine/in_update/math/epsilon[151]' (rtl\sc_in_math.v:12) (optimized to 0)
'engine/in_update/math/epsilon[152]' (rtl\sc_in_math.v:12) (optimized to 0)
'engine/in_update/math/epsilon[153]' (rtl\sc_in_math.v:12) (optimized to 0)
'engine/in_update/math/epsilon[154]' (rtl\sc_in_math.v:12) (optimized to 0)
'engine/in_update/math/epsilon[155]' (rtl\sc_in_math.v:12) (optimized to 0)
'engine/in_update/math/epsilon[156]' (rtl\sc_in_math.v:12) (optimized to 0)
'engine/in_update/math/epsilon[157]' (rtl\sc_in_math.v:12) (optimized to 0)
'engine/in_update/math/epsilon[158]' (rtl\sc_in_math.v:12) (optimized to 0)
'engine/in_update/math/epsilon[159]' (rtl\sc_in_math.v:12) (optimized to 0)
'engine/in_update/math/samples[1]' (rtl\sc_in_math.v:11) (optimized to 0)
'engine/in_update/math/samples[2]' (rtl\sc_in_math.v:11) (optimized to 0)
'engine/in_update/math/samples[3]' (rtl\sc_in_math.v:11) (optimized to 0)
'engine/in_update/math/samples[4]' (rtl\sc_in_math.v:11) (optimized to 0)
'engine/in_update/math/samples[5]' (rtl\sc_in_math.v:11) (optimized to 0)
'engine/in_update/math/samples[6]' (rtl\sc_in_math.v:11) (optimized to 0)
'engine/in_update/math/samples[7]' (rtl\sc_in_math.v:11) (optimized to 0)
'engine/in_update/math/samples[12]' (rtl\sc_in_math.v:11) (optimized to 0)
'engine/in_update/math/samples[15]' (rtl\sc_in_math.v:11) (optimized to 0)
'engine/in_update/math/samples[17]' (rtl\sc_in_math.v:11) (optimized to 0)
'engine/in_update/math/samples[18]' (rtl\sc_in_math.v:11) (optimized to 0)
'engine/in_update/math/scale_shift[3]' (rtl\sc_in_math.v:11) (optimized to 0)
'engine/in_update/word[192]' (rtl\sc_in_refresh.v:11) (optimized to 0)
'engine/in_update/word[193]' (rtl\sc_in_refresh.v:11) (optimized to 0)
'engine/in_update/word[194]' (rtl\sc_in_refresh.v:11) (optimized to 0)
'engine/in_update/word[195]' (rtl\sc_in_refresh.v:11) (optimized to 0)
'engine/in_update/word[196]' (rtl\sc_in_refresh.v:11) (optimized to 0)
'engine/in_update/word[197]' (rtl\sc_in_refresh.v:11) (optimized to 0)
'engine/in_update/word[198]' (rtl\sc_in_refresh.v:11) (optimized to 0)
'engine/in_update/word[199]' (rtl\sc_in_refresh.v:11) (optimized to 0)
'engine/in_update/word[200]' (rtl\sc_in_refresh.v:11) (optimized to 0)
'engine/in_update/word[201]' (rtl\sc_in_refresh.v:11) (optimized to 0)
'engine/in_update/word[202]' (rtl\sc_in_refresh.v:11) (optimized to 0)
'engine/in_update/word[203]' (rtl\sc_in_refresh.v:11) (optimized to 0)
'engine/in_update/word[204]' (rtl\sc_in_refresh.v:11) (optimized to 0)
'engine/in_update/word[205]' (rtl\sc_in_refresh.v:11) (optimized to 0)
'engine/in_update/word[206]' (rtl\sc_in_refresh.v:11) (optimized to 0)
'engine/in_update/word[207]' (rtl\sc_in_refresh.v:11) (optimized to 0)
'engine/in_update/word[208]' (rtl\sc_in_refresh.v:11) (optimized to 0)
'engine/in_update/word[209]' (rtl\sc_in_refresh.v:11) (optimized to 0)
'engine/in_update/word[210]' (rtl\sc_in_refresh.v:11) (optimized to 0)
'engine/in_update/word[211]' (rtl\sc_in_refresh.v:11) (optimized to 0)
'engine/in_update/word[212]' (rtl\sc_in_refresh.v:11) (optimized to 0)
'engine/in_update/word[213]' (rtl\sc_in_refresh.v:11) (optimized to 0)
'engine/in_update/word[214]' (rtl\sc_in_refresh.v:11) (optimized to 0)
'engine/in_update/word[215]' (rtl\sc_in_refresh.v:11) (optimized to 0)
'engine/in_update/word[216]' (rtl\sc_in_refresh.v:11) (optimized to 0)
'engine/in_update/word[217]' (rtl\sc_in_refresh.v:11) (optimized to 0)
'engine/in_update/word[218]' (rtl\sc_in_refresh.v:11) (optimized to 0)
'engine/in_update/word[219]' (rtl\sc_in_refresh.v:11) (optimized to 0)
'engine/in_update/word[220]' (rtl\sc_in_refresh.v:11) (optimized to 0)
'engine/in_update/word[221]' (rtl\sc_in_refresh.v:11) (optimized to 0)
'engine/in_update/word[222]' (rtl\sc_in_refresh.v:11) (optimized to 0)
'engine/in_update/word[223]' (rtl\sc_in_refresh.v:11) (optimized to 0)
'engine/in_update/word[224]' (rtl\sc_in_refresh.v:11) (optimized to 0)
'engine/in_update/word[225]' (rtl\sc_in_refresh.v:11) (optimized to 0)
'engine/in_update/word[226]' (rtl\sc_in_refresh.v:11) (optimized to 0)
'engine/in_update/word[227]' (rtl\sc_in_refresh.v:11) (optimized to 0)
'engine/in_update/word[228]' (rtl\sc_in_refresh.v:11) (optimized to 0)
'engine/in_update/word[229]' (rtl\sc_in_refresh.v:11) (optimized to 0)
'engine/in_update/word[230]' (rtl\sc_in_refresh.v:11) (optimized to 0)
'engine/in_update/word[231]' (rtl\sc_in_refresh.v:11) (optimized to 0)
'engine/in_update/cout[1]' (rtl\sc_in_refresh.v:23) (optimized to 0)
'engine/in_update/cout[2]' (rtl\sc_in_refresh.v:23) (optimized to 0)
'engine/in_update/cout[5]' (rtl\sc_in_refresh.v:23) (optimized to 0)
'engine/in_update/cout[6]' (rtl\sc_in_refresh.v:23) (optimized to 0)
'engine/in_update/cout[7]' (rtl\sc_in_refresh.v:23) (optimized to 0)
'engine/in_cfg_layer[4]' (rtl\sc_engine.v:33) (optimized to 0)
'engine/style[2]' (rtl\sc_engine.v:21) (optimized to 0)
'engine/style[3]' (rtl\sc_engine.v:21) (optimized to 0)
'u_ddr3_top/u_phy_top/phy_address[0]' (rtl\ddr3_controller\phy_ctl\phy_ctl.v:146) (optimized to 0)
'u_ddr3_top/u_phy_top/phy_wrdata[77]' (rtl\ddr3_controller\phy_ctl\phy_ctl.v:145) (optimized to 0)
'u_ddr3_top/u_phy_top/phy_wrdata[73]' (rtl\ddr3_controller\phy_ctl\phy_ctl.v:145) (optimized to 0)
'u_ddr3_top/u_phy_top/phy_wrdata[69]' (rtl\ddr3_controller\phy_ctl\phy_ctl.v:145) (optimized to 0)
'u_ddr3_top/u_phy_top/phy_wrdata[65]' (rtl\ddr3_controller\phy_ctl\phy_ctl.v:145) (optimized to 0)
'u_ddr3_top/u_phy_top/phy_address[1]' (rtl\ddr3_controller\phy_ctl\phy_ctl.v:146) (optimized to 0)
'u_ddr3_top/u_phy_top/phy_address[14]' (rtl\ddr3_controller\phy_ctl\phy_ctl.v:146) (optimized to 0)
'u_ddr3_top/u_phy_top/phy_address[15]' (rtl\ddr3_controller\phy_ctl\phy_ctl.v:146) (optimized to 0)
'u_ddr3_top/u_phy_top/phy_address[28]' (rtl\ddr3_controller\phy_ctl\phy_ctl.v:146) (optimized to 0)
'u_ddr3_top/u_phy_top/phy_address[29]' (rtl\ddr3_controller\phy_ctl\phy_ctl.v:146) (optimized to 0)
'u_ddr3_top/u_phy_top/phy_address[42]' (rtl\ddr3_controller\phy_ctl\phy_ctl.v:146) (optimized to 0)
'u_ddr3_top/u_phy_top/phy_address[43]' (rtl\ddr3_controller\phy_ctl\phy_ctl.v:146) (optimized to 0)
'pll_shift_sel[1]' (rtl\ti60f225_oob_top.v:135) (optimized to 0)
'pll_shift_sel[4]' (rtl\ti60f225_oob_top.v:135) (optimized to 0)
'inst_efx_csi2_rx/axi_rdata[2]' (ip\csi_rx_controller\csi_rx_controller.sv:119) (optimized to 0)
'inst_efx_csi2_rx/axi_rdata[1]' (ip\csi_rx_controller\csi_rx_controller.sv:119) (optimized to 0)
'inst_efx_csi2_rx/axi_rdata[0]' (ip\csi_rx_controller\csi_rx_controller.sv:119) (optimized to 0)
'inst_efx_csi2_rx/axi_bvalid' (ip\csi_rx_controller\csi_rx_controller.sv:124) (optimized to 0)
'inst_efx_csi2_rx/axi_rdata[14]' (ip\csi_rx_controller\csi_rx_controller.sv:119) (optimized to 0)
'inst_efx_csi2_rx/axi_rdata[13]' (ip\csi_rx_controller\csi_rx_controller.sv:119) (optimized to 0)
'inst_efx_csi2_rx/axi_rdata[12]' (ip\csi_rx_controller\csi_rx_controller.sv:119) (optimized to 0)
'inst_efx_csi2_rx/axi_rdata[11]' (ip\csi_rx_controller\csi_rx_controller.sv:119) (optimized to 0)
'inst_efx_csi2_rx/axi_rdata[10]' (ip\csi_rx_controller\csi_rx_controller.sv:119) (optimized to 0)
'inst_efx_csi2_rx/axi_rdata[9]' (ip\csi_rx_controller\csi_rx_controller.sv:119) (optimized to 0)
'inst_efx_csi2_rx/axi_rdata[8]' (ip\csi_rx_controller\csi_rx_controller.sv:119) (optimized to 0)
'inst_efx_csi2_rx/axi_rdata[7]' (ip\csi_rx_controller\csi_rx_controller.sv:119) (optimized to 0)
'inst_efx_csi2_rx/axi_rdata[6]' (ip\csi_rx_controller\csi_rx_controller.sv:119) (optimized to 0)
'inst_efx_csi2_rx/axi_rdata[5]' (ip\csi_rx_controller\csi_rx_controller.sv:119) (optimized to 0)
'inst_efx_csi2_rx/axi_rdata[4]' (ip\csi_rx_controller\csi_rx_controller.sv:119) (optimized to 0)
'inst_efx_csi2_rx/axi_rdata[3]' (ip\csi_rx_controller\csi_rx_controller.sv:119) (optimized to 0)
'cpu/u_EfxSapphireSoc/system_cores_0_logic_cpu/IBusSimplePlugin_fetchPc_pcReg[0]' (ip\soc\soc.v:5662) (optimized to 0)
'cpu/u_EfxSapphireSoc/system_cores_0_iBus_cmd_rData_fragment_address[0]' (ip\soc\soc.v:548) (optimized to 0)
'cpu/u_EfxSapphireSoc/system_cores_0_iBus_cmd_rData_fragment_opcode[0]' (ip\soc\soc.v:547) (optimized to 0)
'cpu/u_EfxSapphireSoc/system_cores_0_logic_cpu/IBusSimplePlugin_fetchPc_pcReg[1]' (ip\soc\soc.v:5662) (optimized to 0)
'cpu/u_EfxSapphireSoc/system_cores_0_logic_cpu/_zz_IBusSimplePlugin_iBusRsp_stages_1_output_m2sPipe_payload[1]' (ip\soc\soc.v:5708) (optimized to 0)
'cpu/u_EfxSapphireSoc/system_cores_0_logic_cpu/_zz_IBusSimplePlugin_injector_decodeInput_payload_pc[1]' (ip\soc\soc.v:5724) (optimized to 0)
'cpu/u_EfxSapphireSoc/system_cores_0_logic_cpu/decode_to_execute_PC[1]' (ip\soc\soc.v:5997) (optimized to 0)
'cpu/u_EfxSapphireSoc/system_cores_0_logic_cpu/execute_to_memory_PC[1]' (ip\soc\soc.v:5999) (optimized to 0)
'cpu/u_EfxSapphireSoc/system_cores_0_logic_cpu/memory_to_writeBack_PC[1]' (ip\soc\soc.v:6001) (optimized to 0)
'cpu/u_EfxSapphireSoc/system_cores_0_logic_cpu/CsrPlugin_exceptionPortCtrl_exceptionContext_code[2]' (ip\soc\soc.v:5893) (optimized to 0)
'cpu/u_EfxSapphireSoc/system_spi_0_io_logic_io_ctrl_rsp_payload_fragment_data[10]' (ip\soc\soc.v:368) (optimized to 0)
'cpu/u_EfxSapphireSoc/system_spi_0_io_logic_io_ctrl_rsp_payload_fragment_data[11]' (ip\soc\soc.v:368) (optimized to 0)
'cpu/u_EfxSapphireSoc/system_spi_0_io_logic_io_ctrl_rsp_payload_fragment_data[12]' (ip\soc\soc.v:368) (optimized to 0)
'cpu/u_EfxSapphireSoc/system_spi_0_io_logic_io_ctrl_rsp_payload_fragment_data[13]' (ip\soc\soc.v:368) (optimized to 0)
'cpu/u_EfxSapphireSoc/system_spi_0_io_logic_io_ctrl_rsp_payload_fragment_data[14]' (ip\soc\soc.v:368) (optimized to 0)
'cpu/u_EfxSapphireSoc/system_spi_0_io_logic_io_ctrl_rsp_payload_fragment_data[15]' (ip\soc\soc.v:368) (optimized to 0)
'cpu/u_EfxSapphireSoc/system_spi_0_io_logic_io_ctrl_rsp_payload_fragment_data[23]' (ip\soc\soc.v:368) (optimized to 0)
'cpu/u_EfxSapphireSoc/system_spi_0_io_logic_io_ctrl_rsp_payload_fragment_data[24]' (ip\soc\soc.v:368) (optimized to 0)
'cpu/u_EfxSapphireSoc/system_spi_0_io_logic_io_ctrl_rsp_payload_fragment_data[25]' (ip\soc\soc.v:368) (optimized to 0)
'cpu/u_EfxSapphireSoc/system_spi_0_io_logic_io_ctrl_rsp_payload_fragment_data[26]' (ip\soc\soc.v:368) (optimized to 0)
'cpu/u_EfxSapphireSoc/system_spi_0_io_logic_io_ctrl_rsp_payload_fragment_data[27]' (ip\soc\soc.v:368) (optimized to 0)
'cpu/u_EfxSapphireSoc/system_spi_0_io_logic_io_ctrl_rsp_payload_fragment_data[28]' (ip\soc\soc.v:368) (optimized to 0)
'cpu/u_EfxSapphireSoc/system_spi_0_io_logic_io_ctrl_rsp_payload_fragment_data[29]' (ip\soc\soc.v:368) (optimized to 0)
'cpu/u_EfxSapphireSoc/system_spi_0_io_logic_io_ctrl_rsp_payload_fragment_data[30]' (ip\soc\soc.v:368) (optimized to 0)
'cpu/u_EfxSapphireSoc/system_uart_0_io_logic_io_bus_rsp_payload_fragment_data[10]' (ip\soc\soc.v:359) (optimized to 0)
'cpu/u_EfxSapphireSoc/system_uart_0_io_logic_io_bus_rsp_payload_fragment_data[11]' (ip\soc\soc.v:359) (optimized to 0)
'cpu/u_EfxSapphireSoc/system_uart_0_io_logic_io_bus_rsp_payload_fragment_data[12]' (ip\soc\soc.v:359) (optimized to 0)
'cpu/u_EfxSapphireSoc/system_uart_0_io_logic_io_bus_rsp_payload_fragment_data[13]' (ip\soc\soc.v:359) (optimized to 0)
'cpu/u_EfxSapphireSoc/system_uart_0_io_logic_io_bus_rsp_payload_fragment_data[14]' (ip\soc\soc.v:359) (optimized to 0)
'cpu/u_EfxSapphireSoc/system_uart_0_io_logic_io_bus_rsp_payload_fragment_data[23]' (ip\soc\soc.v:359) (optimized to 0)
'cpu/u_EfxSapphireSoc/system_uart_0_io_logic_io_bus_rsp_payload_fragment_data[31]' (ip\soc\soc.v:359) (optimized to 0)
'cpu/u_EfxSapphireSoc/system_hardJtag_debug_logic_jtagBridge/jtag_readArea_full_shifter[16]' (ip\soc\soc.v:5067) (optimized to 0)
'cpu/u_EfxSapphireSoc/system_hardJtag_debug_logic_jtagBridge/jtag_readArea_full_shifter[15]' (ip\soc\soc.v:5067) (optimized to 0)
'cpu/u_EfxSapphireSoc/system_hardJtag_debug_logic_jtagBridge/jtag_readArea_full_shifter[4]' (ip\soc\soc.v:5067) (optimized to 0)
'cpu/u_EfxSapphireSoc/system_hardJtag_debug_logic_jtagBridge/jtag_readArea_full_shifter[3]' (ip\soc\soc.v:5067) (optimized to 0)
'cpu/u_EfxSapphireSoc/system_hardJtag_debug_logic_jtagBridge/jtag_readArea_full_shifter[2]' (ip\soc\soc.v:5067) (optimized to 0)
'cpu/u_EfxSapphireSoc/system_hardJtag_debug_logic_jtagBridge/jtag_readArea_full_shifter[1]' (ip\soc\soc.v:5067) (optimized to 0)
'cpu/u_EfxSapphireSoc/system_hardJtag_debug_logic_jtagBridge/jtag_readArea_full_shifter[11]' (ip\soc\soc.v:5067) (optimized to 0)
'cpu/u_EfxSapphireSoc/system_hardJtag_debug_logic_jtagBridge/jtag_readArea_full_shifter[10]' (ip\soc\soc.v:5067) (optimized to 0)
'cpu/u_EfxSapphireSoc/system_hardJtag_debug_logic_jtagBridge/jtag_readArea_full_shifter[14]' (ip\soc\soc.v:5067) (optimized to 0)
'cpu/u_EfxSapphireSoc/system_hardJtag_debug_logic_jtagBridge/jtag_readArea_full_shifter[13]' (ip\soc\soc.v:5067) (optimized to 0)
'cpu/u_EfxSapphireSoc/system_hardJtag_debug_logic_jtagBridge/jtag_readArea_full_shifter[0]' (ip\soc\soc.v:5067) (optimized to 0)
'cpu/u_EfxSapphireSoc/system_hardJtag_debug_logic_jtagBridge/jtag_wrapper_done' (ip\soc\soc.v:5041) (optimized to 0)
'cpu/u_EfxSapphireSoc/system_hardJtag_debug_logic_jtagBridge/jtag_readArea_full_shifter[12]' (ip\soc\soc.v:5067) (optimized to 0)
'cpu/u_EfxSapphireSoc/system_hardJtag_debug_logic_jtagBridge/jtag_wrapper_header[0]' (ip\soc\soc.v:5038) (optimized to 0)
'cpu/u_EfxSapphireSoc/system_hardJtag_debug_logic_jtagBridge/jtag_readArea_full_shifter[8]' (ip\soc\soc.v:5067) (optimized to 0)
'cpu/u_EfxSapphireSoc/system_hardJtag_debug_logic_jtagBridge/jtag_readArea_full_shifter[7]' (ip\soc\soc.v:5067) (optimized to 0)
'cpu/u_EfxSapphireSoc/system_hardJtag_debug_logic_jtagBridge/jtag_readArea_full_shifter[9]' (ip\soc\soc.v:5067) (optimized to 0)
'cpu/u_EfxSapphireSoc/system_hardJtag_debug_logic_jtagBridge/jtag_readArea_full_shifter[6]' (ip\soc\soc.v:5067) (optimized to 0)
'cpu/u_EfxSapphireSoc/system_hardJtag_debug_logic_jtagBridge/jtag_readArea_full_shifter[5]' (ip\soc\soc.v:5067) (optimized to 0)
'cpu/u_EfxSapphireSoc/system_hardJtag_debug_logic_jtagBridge/jtag_wrapper_counter[0]' (ip\soc\soc.v:5040) (optimized to 0)
'cpu/u_EfxSapphireSoc/system_hardJtag_debug_logic_jtagBridge/jtag_writeArea_valid' (ip\soc\soc.v:5057) (optimized to 0)
'cpu/u_EfxSapphireSoc/system_hardJtag_debug_logic_jtagBridge/jtag_writeArea_data' (ip\soc\soc.v:5058) (optimized to 0)
'cpu/u_EfxSapphireSoc/system_hardJtag_debug_logic_jtagBridge/jtag_readArea_full_shifter[17]' (ip\soc\soc.v:5067) (optimized to 0)
'cpu/u_EfxSapphireSoc/system_hardJtag_debug_logic_jtagBridge/jtag_readArea_full_shifter[18]' (ip\soc\soc.v:5067) (optimized to 0)
'cpu/u_EfxSapphireSoc/system_hardJtag_debug_logic_jtagBridge/jtag_readArea_full_shifter[19]' (ip\soc\soc.v:5067) (optimized to 0)
'cpu/u_EfxSapphireSoc/system_hardJtag_debug_logic_jtagBridge/jtag_readArea_full_shifter[20]' (ip\soc\soc.v:5067) (optimized to 0)
'cpu/u_EfxSapphireSoc/system_hardJtag_debug_logic_jtagBridge/jtag_readArea_full_shifter[21]' (ip\soc\soc.v:5067) (optimized to 0)
'cpu/u_EfxSapphireSoc/system_hardJtag_debug_logic_jtagBridge/jtag_readArea_full_shifter[22]' (ip\soc\soc.v:5067) (optimized to 0)
'cpu/u_EfxSapphireSoc/system_hardJtag_debug_logic_jtagBridge/jtag_readArea_full_shifter[23]' (ip\soc\soc.v:5067) (optimized to 0)
'cpu/u_EfxSapphireSoc/system_hardJtag_debug_logic_jtagBridge/jtag_readArea_full_shifter[24]' (ip\soc\soc.v:5067) (optimized to 0)
'cpu/u_EfxSapphireSoc/system_hardJtag_debug_logic_jtagBridge/jtag_readArea_full_shifter[25]' (ip\soc\soc.v:5067) (optimized to 0)
'cpu/u_EfxSapphireSoc/system_hardJtag_debug_logic_jtagBridge/jtag_readArea_full_shifter[26]' (ip\soc\soc.v:5067) (optimized to 0)
'cpu/u_EfxSapphireSoc/system_hardJtag_debug_logic_jtagBridge/jtag_readArea_full_shifter[27]' (ip\soc\soc.v:5067) (optimized to 0)
'cpu/u_EfxSapphireSoc/system_hardJtag_debug_logic_jtagBridge/jtag_readArea_full_shifter[28]' (ip\soc\soc.v:5067) (optimized to 0)
'cpu/u_EfxSapphireSoc/system_hardJtag_debug_logic_jtagBridge/jtag_readArea_full_shifter[29]' (ip\soc\soc.v:5067) (optimized to 0)
'cpu/u_EfxSapphireSoc/system_hardJtag_debug_logic_jtagBridge/jtag_readArea_full_shifter[30]' (ip\soc\soc.v:5067) (optimized to 0)
'cpu/u_EfxSapphireSoc/system_hardJtag_debug_logic_jtagBridge/jtag_readArea_full_shifter[31]' (ip\soc\soc.v:5067) (optimized to 0)
'cpu/u_EfxSapphireSoc/system_hardJtag_debug_logic_jtagBridge/jtag_readArea_full_shifter[32]' (ip\soc\soc.v:5067) (optimized to 0)
'cpu/u_EfxSapphireSoc/system_hardJtag_debug_logic_jtagBridge/jtag_readArea_full_shifter[33]' (ip\soc\soc.v:5067) (optimized to 0)
'cpu/u_EfxSapphireSoc/system_hardJtag_debug_logic_jtagBridge/flowCCUnsafeByToggle_1/inputArea_data_last' (ip\soc\soc.v:10600) (optimized to 0)
'cpu/u_EfxSapphireSoc/system_hardJtag_debug_logic_jtagBridge/flowCCUnsafeByToggle_1/inputArea_data_fragment[0]' (ip\soc\soc.v:10601) (optimized to 0)
'cpu/u_EfxSapphireSoc/system_hardJtag_debug_logic_jtagBridge/flowCCUnsafeByToggle_1/inputArea_target' (ip\soc\soc.v:10599) (optimized to 0)
'cpu/u_EfxSapphireSoc/system_hardJtag_debug_logic_jtagBridge/jtag_wrapper_header[1]' (ip\soc\soc.v:5038) (optimized to 0)
'cpu/u_EfxSapphireSoc/system_cores_0_iBus_cmd_rData_fragment_address[1]' (ip\soc\soc.v:548) (optimized to 0)
'cpu/u_EfxSapphireSoc/_zz_system_uart_0_io_ctrl_slaveModel_arbiterGen_oneToOne_arbiter_rsp_payload_fragment_data[10]' (ip\soc\soc.v:700) (optimized to 0)
'cpu/u_EfxSapphireSoc/_zz_system_uart_0_io_ctrl_slaveModel_arbiterGen_oneToOne_arbiter_rsp_payload_fragment_data[11]' (ip\soc\soc.v:700) (optimized to 0)
'cpu/u_EfxSapphireSoc/_zz_system_uart_0_io_ctrl_slaveModel_arbiterGen_oneToOne_arbiter_rsp_payload_fragment_data[12]' (ip\soc\soc.v:700) (optimized to 0)
'cpu/u_EfxSapphireSoc/_zz_system_uart_0_io_ctrl_slaveModel_arbiterGen_oneToOne_arbiter_rsp_payload_fragment_data[13]' (ip\soc\soc.v:700) (optimized to 0)
'cpu/u_EfxSapphireSoc/_zz_system_uart_0_io_ctrl_slaveModel_arbiterGen_oneToOne_arbiter_rsp_payload_fragment_data[14]' (ip\soc\soc.v:700) (optimized to 0)
'cpu/u_EfxSapphireSoc/_zz_system_uart_0_io_ctrl_slaveModel_arbiterGen_oneToOne_arbiter_rsp_payload_fragment_data[23]' (ip\soc\soc.v:700) (optimized to 0)
'cpu/u_EfxSapphireSoc/_zz_system_uart_0_io_ctrl_slaveModel_arbiterGen_oneToOne_arbiter_rsp_payload_fragment_data[31]' (ip\soc\soc.v:700) (optimized to 0)
'cpu/u_EfxSapphireSoc/_zz_system_plic_logic_bmb_rsp_payload_fragment_data[3]' (ip\soc\soc.v:826) (optimized to 0)
'cpu/u_EfxSapphireSoc/_zz_system_plic_logic_bmb_rsp_payload_fragment_data[5]' (ip\soc\soc.v:826) (optimized to 0)
'cpu/u_EfxSapphireSoc/_zz_system_plic_logic_bmb_rsp_payload_fragment_data[6]' (ip\soc\soc.v:826) (optimized to 0)
'cpu/u_EfxSapphireSoc/_zz_system_plic_logic_bmb_rsp_payload_fragment_data[7]' (ip\soc\soc.v:826) (optimized to 0)
'cpu/u_EfxSapphireSoc/_zz_system_plic_logic_bmb_rsp_payload_fragment_data[8]' (ip\soc\soc.v:826) (optimized to 0)
'cpu/u_EfxSapphireSoc/_zz_system_plic_logic_bmb_rsp_payload_fragment_data[9]' (ip\soc\soc.v:826) (optimized to 0)
'cpu/u_EfxSapphireSoc/_zz_system_plic_logic_bmb_rsp_payload_fragment_data[10]' (ip\soc\soc.v:826) (optimized to 0)
'cpu/u_EfxSapphireSoc/_zz_system_plic_logic_bmb_rsp_payload_fragment_data[11]' (ip\soc\soc.v:826) (optimized to 0)
'cpu/u_EfxSapphireSoc/_zz_system_plic_logic_bmb_rsp_payload_fragment_data[12]' (ip\soc\soc.v:826) (optimized to 0)
'cpu/u_EfxSapphireSoc/_zz_system_plic_logic_bmb_rsp_payload_fragment_data[13]' (ip\soc\soc.v:826) (optimized to 0)
'cpu/u_EfxSapphireSoc/_zz_system_plic_logic_bmb_rsp_payload_fragment_data[14]' (ip\soc\soc.v:826) (optimized to 0)
'cpu/u_EfxSapphireSoc/_zz_system_plic_logic_bmb_rsp_payload_fragment_data[15]' (ip\soc\soc.v:826) (optimized to 0)
'cpu/u_EfxSapphireSoc/_zz_system_plic_logic_bmb_rsp_payload_fragment_data[17]' (ip\soc\soc.v:826) (optimized to 0)
'cpu/u_EfxSapphireSoc/_zz_system_plic_logic_bmb_rsp_payload_fragment_data[18]' (ip\soc\soc.v:826) (optimized to 0)
'cpu/u_EfxSapphireSoc/_zz_system_plic_logic_bmb_rsp_payload_fragment_data[19]' (ip\soc\soc.v:826) (optimized to 0)
'cpu/u_EfxSapphireSoc/_zz_system_plic_logic_bmb_rsp_payload_fragment_data[20]' (ip\soc\soc.v:826) (optimized to 0)
'cpu/u_EfxSapphireSoc/_zz_system_plic_logic_bmb_rsp_payload_fragment_data[21]' (ip\soc\soc.v:826) (optimized to 0)
'cpu/u_EfxSapphireSoc/_zz_system_plic_logic_bmb_rsp_payload_fragment_data[22]' (ip\soc\soc.v:826) (optimized to 0)
'cpu/u_EfxSapphireSoc/_zz_system_plic_logic_bmb_rsp_payload_fragment_data[23]' (ip\soc\soc.v:826) (optimized to 0)
'cpu/u_EfxSapphireSoc/_zz_system_plic_logic_bmb_rsp_payload_fragment_data[24]' (ip\soc\soc.v:826) (optimized to 0)
'cpu/u_EfxSapphireSoc/_zz_system_plic_logic_bmb_rsp_payload_fragment_data[25]' (ip\soc\soc.v:826) (optimized to 0)
'cpu/u_EfxSapphireSoc/_zz_system_plic_logic_bmb_rsp_payload_fragment_data[26]' (ip\soc\soc.v:826) (optimized to 0)
'cpu/u_EfxSapphireSoc/_zz_system_plic_logic_bmb_rsp_payload_fragment_data[27]' (ip\soc\soc.v:826) (optimized to 0)
'cpu/u_EfxSapphireSoc/_zz_system_plic_logic_bmb_rsp_payload_fragment_data[28]' (ip\soc\soc.v:826) (optimized to 0)
'cpu/u_EfxSapphireSoc/_zz_system_plic_logic_bmb_rsp_payload_fragment_data[29]' (ip\soc\soc.v:826) (optimized to 0)
'cpu/u_EfxSapphireSoc/_zz_system_plic_logic_bmb_rsp_payload_fragment_data[30]' (ip\soc\soc.v:826) (optimized to 0)
'cpu/u_EfxSapphireSoc/_zz_system_plic_logic_bmb_rsp_payload_fragment_data[31]' (ip\soc\soc.v:826) (optimized to 0)
'video/tx_aux_inst/audio_packet_inst/channel_status_left_r[10]' (rtl\dvi_tx\audio_packet.sv:91) (optimized to 0)
'video/tx_aux_inst/audio_packet_inst/channel_status_left_r[3]' (rtl\dvi_tx\audio_packet.sv:91) (optimized to 0)
'video/tx_aux_inst/audio_packet_inst/channel_status_left_r[7]' (rtl\dvi_tx\audio_packet.sv:91) (optimized to 0)
'video/tx_aux_inst/audio_packet_inst/channel_status_left_r[6]' (rtl\dvi_tx\audio_packet.sv:91) (optimized to 0)
'video/tx_aux_inst/audio_packet_inst/channel_status_left_r[5]' (rtl\dvi_tx\audio_packet.sv:91) (optimized to 0)
'video/tx_aux_inst/audio_packet_inst/channel_status_left_r[12]' (rtl\dvi_tx\audio_packet.sv:91) (optimized to 0)
'video/tx_aux_inst/audio_packet_inst/channel_status_left_r[11]' (rtl\dvi_tx\audio_packet.sv:91) (optimized to 0)
'video/tx_aux_inst/audio_packet_inst/channel_status_left_r[4]' (rtl\dvi_tx\audio_packet.sv:91) (optimized to 0)
'video/tx_aux_inst/audio_packet_inst/channel_status_left_r[9]' (rtl\dvi_tx\audio_packet.sv:91) (optimized to 0)
'video/tx_aux_inst/audio_packet_inst/channel_status_left_r[8]' (rtl\dvi_tx\audio_packet.sv:91) (optimized to 0)
'video/tx_aux_inst/audio_packet_inst/channel_status_right_r[0]' (rtl\dvi_tx\audio_packet.sv:92) (optimized to 0)
'video/tx_aux_inst/audio_packet_inst/channel_status_left_r[20]' (rtl\dvi_tx\audio_packet.sv:91) (optimized to 0)
'video/tx_aux_inst/audio_packet_inst/channel_status_left_r[2]' (rtl\dvi_tx\audio_packet.sv:91) (optimized to 0)
'video/tx_aux_inst/audio_packet_inst/channel_status_right_r[191]' (rtl\dvi_tx\audio_packet.sv:92) (optimized to 0)
'video/tx_aux_inst/audio_packet_inst/channel_status_right_r[190]' (rtl\dvi_tx\audio_packet.sv:92) (optimized to 0)
'video/tx_aux_inst/audio_packet_inst/channel_status_right_r[189]' (rtl\dvi_tx\audio_packet.sv:92) (optimized to 0)
'video/tx_aux_inst/audio_packet_inst/channel_status_right_r[188]' (rtl\dvi_tx\audio_packet.sv:92) (optimized to 0)
'video/tx_aux_inst/audio_packet_inst/channel_status_right_r[187]' (rtl\dvi_tx\audio_packet.sv:92) (optimized to 0)
'video/tx_aux_inst/audio_packet_inst/channel_status_right_r[186]' (rtl\dvi_tx\audio_packet.sv:92) (optimized to 0)
'video/tx_aux_inst/audio_packet_inst/channel_status_right_r[185]' (rtl\dvi_tx\audio_packet.sv:92) (optimized to 0)
'video/tx_aux_inst/audio_packet_inst/channel_status_right_r[184]' (rtl\dvi_tx\audio_packet.sv:92) (optimized to 0)
'video/tx_aux_inst/audio_packet_inst/channel_status_right_r[183]' (rtl\dvi_tx\audio_packet.sv:92) (optimized to 0)
'video/tx_aux_inst/audio_packet_inst/channel_status_right_r[182]' (rtl\dvi_tx\audio_packet.sv:92) (optimized to 0)
'video/tx_aux_inst/audio_packet_inst/channel_status_right_r[181]' (rtl\dvi_tx\audio_packet.sv:92) (optimized to 0)
'video/tx_aux_inst/audio_packet_inst/channel_status_right_r[180]' (rtl\dvi_tx\audio_packet.sv:92) (optimized to 0)
'video/tx_aux_inst/audio_packet_inst/channel_status_right_r[179]' (rtl\dvi_tx\audio_packet.sv:92) (optimized to 0)
'video/tx_aux_inst/audio_packet_inst/channel_status_right_r[178]' (rtl\dvi_tx\audio_packet.sv:92) (optimized to 0)
'video/tx_aux_inst/audio_packet_inst/channel_status_right_r[177]' (rtl\dvi_tx\audio_packet.sv:92) (optimized to 0)
'video/tx_aux_inst/audio_packet_inst/channel_status_right_r[176]' (rtl\dvi_tx\audio_packet.sv:92) (optimized to 0)
'video/tx_aux_inst/audio_packet_inst/channel_status_right_r[175]' (rtl\dvi_tx\audio_packet.sv:92) (optimized to 0)
'video/tx_aux_inst/audio_packet_inst/channel_status_right_r[174]' (rtl\dvi_tx\audio_packet.sv:92) (optimized to 0)
'video/tx_aux_inst/audio_packet_inst/channel_status_right_r[173]' (rtl\dvi_tx\audio_packet.sv:92) (optimized to 0)
'video/tx_aux_inst/audio_packet_inst/channel_status_right_r[172]' (rtl\dvi_tx\audio_packet.sv:92) (optimized to 0)
'video/tx_aux_inst/audio_packet_inst/channel_status_right_r[171]' (rtl\dvi_tx\audio_packet.sv:92) (optimized to 0)
'video/tx_aux_inst/audio_packet_inst/channel_status_right_r[170]' (rtl\dvi_tx\audio_packet.sv:92) (optimized to 0)
'video/tx_aux_inst/audio_packet_inst/channel_status_right_r[169]' (rtl\dvi_tx\audio_packet.sv:92) (optimized to 0)
'video/tx_aux_inst/audio_packet_inst/channel_status_right_r[168]' (rtl\dvi_tx\audio_packet.sv:92) (optimized to 0)
'video/tx_aux_inst/audio_packet_inst/channel_status_right_r[167]' (rtl\dvi_tx\audio_packet.sv:92) (optimized to 0)
'video/tx_aux_inst/audio_packet_inst/channel_status_left_r[19]' (rtl\dvi_tx\audio_packet.sv:91) (optimized to 0)
'video/tx_aux_inst/audio_packet_inst/channel_status_left_r[18]' (rtl\dvi_tx\audio_packet.sv:91) (optimized to 0)
'video/tx_aux_inst/audio_packet_inst/channel_status_left_r[17]' (rtl\dvi_tx\audio_packet.sv:91) (optimized to 0)
'video/tx_aux_inst/audio_packet_inst/channel_status_right_r[166]' (rtl\dvi_tx\audio_packet.sv:92) (optimized to 0)
'video/tx_aux_inst/audio_packet_inst/channel_status_right_r[165]' (rtl\dvi_tx\audio_packet.sv:92) (optimized to 0)
'video/tx_aux_inst/audio_packet_inst/channel_status_right_r[164]' (rtl\dvi_tx\audio_packet.sv:92) (optimized to 0)
'video/tx_aux_inst/audio_packet_inst/channel_status_right_r[163]' (rtl\dvi_tx\audio_packet.sv:92) (optimized to 0)
'video/tx_aux_inst/audio_packet_inst/channel_status_right_r[162]' (rtl\dvi_tx\audio_packet.sv:92) (optimized to 0)
'video/tx_aux_inst/audio_packet_inst/channel_status_right_r[161]' (rtl\dvi_tx\audio_packet.sv:92) (optimized to 0)
'video/tx_aux_inst/audio_packet_inst/channel_status_right_r[160]' (rtl\dvi_tx\audio_packet.sv:92) (optimized to 0)
'video/tx_aux_inst/audio_packet_inst/channel_status_right_r[159]' (rtl\dvi_tx\audio_packet.sv:92) (optimized to 0)
'video/tx_aux_inst/audio_packet_inst/channel_status_right_r[158]' (rtl\dvi_tx\audio_packet.sv:92) (optimized to 0)
'video/tx_aux_inst/audio_packet_inst/channel_status_right_r[157]' (rtl\dvi_tx\audio_packet.sv:92) (optimized to 0)
'video/tx_aux_inst/audio_packet_inst/channel_status_right_r[156]' (rtl\dvi_tx\audio_packet.sv:92) (optimized to 0)
'video/tx_aux_inst/audio_packet_inst/channel_status_right_r[155]' (rtl\dvi_tx\audio_packet.sv:92) (optimized to 0)
'video/tx_aux_inst/audio_packet_inst/channel_status_right_r[154]' (rtl\dvi_tx\audio_packet.sv:92) (optimized to 0)
'video/tx_aux_inst/audio_packet_inst/channel_status_right_r[153]' (rtl\dvi_tx\audio_packet.sv:92) (optimized to 0)
'video/tx_aux_inst/audio_packet_inst/channel_status_right_r[152]' (rtl\dvi_tx\audio_packet.sv:92) (optimized to 0)
'video/tx_aux_inst/audio_packet_inst/channel_status_right_r[151]' (rtl\dvi_tx\audio_packet.sv:92) (optimized to 0)
'video/tx_aux_inst/audio_packet_inst/channel_status_right_r[150]' (rtl\dvi_tx\audio_packet.sv:92) (optimized to 0)
'video/tx_aux_inst/audio_packet_inst/channel_status_right_r[149]' (rtl\dvi_tx\audio_packet.sv:92) (optimized to 0)
'video/tx_aux_inst/audio_packet_inst/channel_status_right_r[148]' (rtl\dvi_tx\audio_packet.sv:92) (optimized to 0)
'video/tx_aux_inst/audio_packet_inst/channel_status_right_r[147]' (rtl\dvi_tx\audio_packet.sv:92) (optimized to 0)
'video/tx_aux_inst/audio_packet_inst/channel_status_right_r[146]' (rtl\dvi_tx\audio_packet.sv:92) (optimized to 0)
'video/tx_aux_inst/audio_packet_inst/channel_status_right_r[145]' (rtl\dvi_tx\audio_packet.sv:92) (optimized to 0)
'video/tx_aux_inst/audio_packet_inst/channel_status_right_r[144]' (rtl\dvi_tx\audio_packet.sv:92) (optimized to 0)
'video/tx_aux_inst/audio_packet_inst/channel_status_right_r[143]' (rtl\dvi_tx\audio_packet.sv:92) (optimized to 0)
'video/tx_aux_inst/audio_packet_inst/channel_status_right_r[142]' (rtl\dvi_tx\audio_packet.sv:92) (optimized to 0)
'video/tx_aux_inst/audio_packet_inst/channel_status_right_r[141]' (rtl\dvi_tx\audio_packet.sv:92) (optimized to 0)
'video/tx_aux_inst/audio_packet_inst/channel_status_right_r[140]' (rtl\dvi_tx\audio_packet.sv:92) (optimized to 0)
'video/tx_aux_inst/audio_packet_inst/channel_status_right_r[139]' (rtl\dvi_tx\audio_packet.sv:92) (optimized to 0)
'video/tx_aux_inst/audio_packet_inst/channel_status_right_r[138]' (rtl\dvi_tx\audio_packet.sv:92) (optimized to 0)
'video/tx_aux_inst/audio_packet_inst/channel_status_right_r[137]' (rtl\dvi_tx\audio_packet.sv:92) (optimized to 0)
'video/tx_aux_inst/audio_packet_inst/channel_status_right_r[136]' (rtl\dvi_tx\audio_packet.sv:92) (optimized to 0)
'video/tx_aux_inst/audio_packet_inst/channel_status_right_r[135]' (rtl\dvi_tx\audio_packet.sv:92) (optimized to 0)
'video/tx_aux_inst/audio_packet_inst/channel_status_right_r[134]' (rtl\dvi_tx\audio_packet.sv:92) (optimized to 0)
'video/tx_aux_inst/audio_packet_inst/channel_status_right_r[133]' (rtl\dvi_tx\audio_packet.sv:92) (optimized to 0)
'video/tx_aux_inst/audio_packet_inst/channel_status_right_r[132]' (rtl\dvi_tx\audio_packet.sv:92) (optimized to 0)
'video/tx_aux_inst/audio_packet_inst/channel_status_right_r[131]' (rtl\dvi_tx\audio_packet.sv:92) (optimized to 0)
'video/tx_aux_inst/audio_packet_inst/channel_status_right_r[130]' (rtl\dvi_tx\audio_packet.sv:92) (optimized to 0)
'video/tx_aux_inst/audio_packet_inst/channel_status_right_r[129]' (rtl\dvi_tx\audio_packet.sv:92) (optimized to 0)
'video/tx_aux_inst/audio_packet_inst/channel_status_right_r[128]' (rtl\dvi_tx\audio_packet.sv:92) (optimized to 0)
'video/tx_aux_inst/audio_packet_inst/channel_status_right_r[127]' (rtl\dvi_tx\audio_packet.sv:92) (optimized to 0)
'video/tx_aux_inst/audio_packet_inst/channel_status_right_r[126]' (rtl\dvi_tx\audio_packet.sv:92) (optimized to 0)
'video/tx_aux_inst/audio_packet_inst/channel_status_right_r[125]' (rtl\dvi_tx\audio_packet.sv:92) (optimized to 0)
'video/tx_aux_inst/audio_packet_inst/channel_status_right_r[124]' (rtl\dvi_tx\audio_packet.sv:92) (optimized to 0)
'video/tx_aux_inst/audio_packet_inst/channel_status_right_r[123]' (rtl\dvi_tx\audio_packet.sv:92) (optimized to 0)
'video/tx_aux_inst/audio_packet_inst/channel_status_right_r[122]' (rtl\dvi_tx\audio_packet.sv:92) (optimized to 0)
'video/tx_aux_inst/audio_packet_inst/channel_status_right_r[121]' (rtl\dvi_tx\audio_packet.sv:92) (optimized to 0)
'video/tx_aux_inst/audio_packet_inst/channel_status_right_r[120]' (rtl\dvi_tx\audio_packet.sv:92) (optimized to 0)
'video/tx_aux_inst/audio_packet_inst/channel_status_right_r[119]' (rtl\dvi_tx\audio_packet.sv:92) (optimized to 0)
'video/tx_aux_inst/audio_packet_inst/channel_status_right_r[118]' (rtl\dvi_tx\audio_packet.sv:92) (optimized to 0)
'video/tx_aux_inst/audio_packet_inst/channel_status_right_r[117]' (rtl\dvi_tx\audio_packet.sv:92) (optimized to 0)
'video/tx_aux_inst/audio_packet_inst/channel_status_right_r[116]' (rtl\dvi_tx\audio_packet.sv:92) (optimized to 0)
'video/tx_aux_inst/audio_packet_inst/channel_status_right_r[115]' (rtl\dvi_tx\audio_packet.sv:92) (optimized to 0)
'video/tx_aux_inst/audio_packet_inst/channel_status_right_r[114]' (rtl\dvi_tx\audio_packet.sv:92) (optimized to 0)
'video/tx_aux_inst/audio_packet_inst/channel_status_right_r[113]' (rtl\dvi_tx\audio_packet.sv:92) (optimized to 0)
'video/tx_aux_inst/audio_packet_inst/channel_status_right_r[112]' (rtl\dvi_tx\audio_packet.sv:92) (optimized to 0)
'video/tx_aux_inst/audio_packet_inst/channel_status_right_r[111]' (rtl\dvi_tx\audio_packet.sv:92) (optimized to 0)
'video/tx_aux_inst/audio_packet_inst/channel_status_right_r[110]' (rtl\dvi_tx\audio_packet.sv:92) (optimized to 0)
'video/tx_aux_inst/audio_packet_inst/channel_status_right_r[109]' (rtl\dvi_tx\audio_packet.sv:92) (optimized to 0)
'video/tx_aux_inst/audio_packet_inst/channel_status_right_r[108]' (rtl\dvi_tx\audio_packet.sv:92) (optimized to 0)
'video/tx_aux_inst/audio_packet_inst/channel_status_right_r[107]' (rtl\dvi_tx\audio_packet.sv:92) (optimized to 0)
'video/tx_aux_inst/audio_packet_inst/channel_status_right_r[106]' (rtl\dvi_tx\audio_packet.sv:92) (optimized to 0)
'video/tx_aux_inst/audio_packet_inst/channel_status_right_r[105]' (rtl\dvi_tx\audio_packet.sv:92) (optimized to 0)
'video/tx_aux_inst/audio_packet_inst/channel_status_right_r[104]' (rtl\dvi_tx\audio_packet.sv:92) (optimized to 0)
'video/tx_aux_inst/audio_packet_inst/channel_status_right_r[103]' (rtl\dvi_tx\audio_packet.sv:92) (optimized to 0)
'video/tx_aux_inst/audio_packet_inst/channel_status_right_r[102]' (rtl\dvi_tx\audio_packet.sv:92) (optimized to 0)
'video/tx_aux_inst/audio_packet_inst/channel_status_right_r[101]' (rtl\dvi_tx\audio_packet.sv:92) (optimized to 0)
'video/tx_aux_inst/audio_packet_inst/channel_status_right_r[100]' (rtl\dvi_tx\audio_packet.sv:92) (optimized to 0)
'video/tx_aux_inst/audio_packet_inst/channel_status_right_r[99]' (rtl\dvi_tx\audio_packet.sv:92) (optimized to 0)
'video/tx_aux_inst/audio_packet_inst/channel_status_right_r[98]' (rtl\dvi_tx\audio_packet.sv:92) (optimized to 0)
'video/tx_aux_inst/audio_packet_inst/channel_status_right_r[97]' (rtl\dvi_tx\audio_packet.sv:92) (optimized to 0)
'video/tx_aux_inst/audio_packet_inst/channel_status_right_r[96]' (rtl\dvi_tx\audio_packet.sv:92) (optimized to 0)
'video/tx_aux_inst/audio_packet_inst/channel_status_right_r[95]' (rtl\dvi_tx\audio_packet.sv:92) (optimized to 0)
'video/tx_aux_inst/audio_packet_inst/channel_status_right_r[94]' (rtl\dvi_tx\audio_packet.sv:92) (optimized to 0)
'video/tx_aux_inst/audio_packet_inst/channel_status_right_r[93]' (rtl\dvi_tx\audio_packet.sv:92) (optimized to 0)
'video/tx_aux_inst/audio_packet_inst/channel_status_right_r[92]' (rtl\dvi_tx\audio_packet.sv:92) (optimized to 0)
'video/tx_aux_inst/audio_packet_inst/channel_status_right_r[91]' (rtl\dvi_tx\audio_packet.sv:92) (optimized to 0)
'video/tx_aux_inst/audio_packet_inst/channel_status_right_r[90]' (rtl\dvi_tx\audio_packet.sv:92) (optimized to 0)
'video/tx_aux_inst/audio_packet_inst/channel_status_right_r[89]' (rtl\dvi_tx\audio_packet.sv:92) (optimized to 0)
'video/tx_aux_inst/audio_packet_inst/channel_status_right_r[88]' (rtl\dvi_tx\audio_packet.sv:92) (optimized to 0)
'video/tx_aux_inst/audio_packet_inst/channel_status_right_r[87]' (rtl\dvi_tx\audio_packet.sv:92) (optimized to 0)
'video/tx_aux_inst/audio_packet_inst/channel_status_right_r[86]' (rtl\dvi_tx\audio_packet.sv:92) (optimized to 0)
'video/tx_aux_inst/audio_packet_inst/channel_status_right_r[85]' (rtl\dvi_tx\audio_packet.sv:92) (optimized to 0)
'video/tx_aux_inst/audio_packet_inst/channel_status_right_r[84]' (rtl\dvi_tx\audio_packet.sv:92) (optimized to 0)
'video/tx_aux_inst/audio_packet_inst/channel_status_right_r[83]' (rtl\dvi_tx\audio_packet.sv:92) (optimized to 0)
'video/tx_aux_inst/audio_packet_inst/channel_status_right_r[82]' (rtl\dvi_tx\audio_packet.sv:92) (optimized to 0)
'video/tx_aux_inst/audio_packet_inst/channel_status_right_r[81]' (rtl\dvi_tx\audio_packet.sv:92) (optimized to 0)
'video/tx_aux_inst/audio_packet_inst/channel_status_right_r[80]' (rtl\dvi_tx\audio_packet.sv:92) (optimized to 0)
'video/tx_aux_inst/audio_packet_inst/channel_status_right_r[79]' (rtl\dvi_tx\audio_packet.sv:92) (optimized to 0)
'video/tx_aux_inst/audio_packet_inst/channel_status_right_r[78]' (rtl\dvi_tx\audio_packet.sv:92) (optimized to 0)
'video/tx_aux_inst/audio_packet_inst/channel_status_right_r[77]' (rtl\dvi_tx\audio_packet.sv:92) (optimized to 0)
'video/tx_aux_inst/audio_packet_inst/channel_status_right_r[76]' (rtl\dvi_tx\audio_packet.sv:92) (optimized to 0)
'video/tx_aux_inst/audio_packet_inst/channel_status_right_r[75]' (rtl\dvi_tx\audio_packet.sv:92) (optimized to 0)
'video/tx_aux_inst/audio_packet_inst/channel_status_right_r[74]' (rtl\dvi_tx\audio_packet.sv:92) (optimized to 0)
'video/tx_aux_inst/audio_packet_inst/channel_status_right_r[73]' (rtl\dvi_tx\audio_packet.sv:92) (optimized to 0)
'video/tx_aux_inst/audio_packet_inst/channel_status_right_r[72]' (rtl\dvi_tx\audio_packet.sv:92) (optimized to 0)
'video/tx_aux_inst/audio_packet_inst/channel_status_right_r[71]' (rtl\dvi_tx\audio_packet.sv:92) (optimized to 0)
'video/tx_aux_inst/audio_packet_inst/channel_status_right_r[70]' (rtl\dvi_tx\audio_packet.sv:92) (optimized to 0)
'video/tx_aux_inst/audio_packet_inst/channel_status_right_r[69]' (rtl\dvi_tx\audio_packet.sv:92) (optimized to 0)
'video/tx_aux_inst/audio_packet_inst/channel_status_right_r[68]' (rtl\dvi_tx\audio_packet.sv:92) (optimized to 0)
'video/tx_aux_inst/audio_packet_inst/channel_status_right_r[67]' (rtl\dvi_tx\audio_packet.sv:92) (optimized to 0)
'video/tx_aux_inst/audio_packet_inst/channel_status_right_r[66]' (rtl\dvi_tx\audio_packet.sv:92) (optimized to 0)
'video/tx_aux_inst/audio_packet_inst/channel_status_right_r[65]' (rtl\dvi_tx\audio_packet.sv:92) (optimized to 0)
'video/tx_aux_inst/audio_packet_inst/channel_status_right_r[64]' (rtl\dvi_tx\audio_packet.sv:92) (optimized to 0)
'video/tx_aux_inst/audio_packet_inst/channel_status_right_r[63]' (rtl\dvi_tx\audio_packet.sv:92) (optimized to 0)
'video/tx_aux_inst/audio_packet_inst/channel_status_right_r[62]' (rtl\dvi_tx\audio_packet.sv:92) (optimized to 0)
'video/tx_aux_inst/audio_packet_inst/channel_status_right_r[61]' (rtl\dvi_tx\audio_packet.sv:92) (optimized to 0)
'video/tx_aux_inst/audio_packet_inst/channel_status_right_r[60]' (rtl\dvi_tx\audio_packet.sv:92) (optimized to 0)
'video/tx_aux_inst/audio_packet_inst/channel_status_right_r[59]' (rtl\dvi_tx\audio_packet.sv:92) (optimized to 0)
'video/tx_aux_inst/audio_packet_inst/channel_status_right_r[58]' (rtl\dvi_tx\audio_packet.sv:92) (optimized to 0)
'video/tx_aux_inst/audio_packet_inst/channel_status_right_r[57]' (rtl\dvi_tx\audio_packet.sv:92) (optimized to 0)
'video/tx_aux_inst/audio_packet_inst/channel_status_right_r[56]' (rtl\dvi_tx\audio_packet.sv:92) (optimized to 0)
'video/tx_aux_inst/audio_packet_inst/channel_status_right_r[55]' (rtl\dvi_tx\audio_packet.sv:92) (optimized to 0)
'video/tx_aux_inst/audio_packet_inst/channel_status_left_r[16]' (rtl\dvi_tx\audio_packet.sv:91) (optimized to 0)
'video/tx_aux_inst/audio_packet_inst/channel_status_left_r[15]' (rtl\dvi_tx\audio_packet.sv:91) (optimized to 0)
'video/tx_aux_inst/audio_packet_inst/cnt[0]' (rtl\dvi_tx\audio_packet.sv:113) (optimized to 0)
'video/tx_aux_inst/audio_packet_inst/channel_status_left_r[1]' (rtl\dvi_tx\audio_packet.sv:91) (optimized to 0)
'video/tx_aux_inst/audio_packet_inst/channel_status_right_r[54]' (rtl\dvi_tx\audio_packet.sv:92) (optimized to 0)
'video/tx_aux_inst/audio_packet_inst/channel_status_right_r[53]' (rtl\dvi_tx\audio_packet.sv:92) (optimized to 0)
'video/tx_aux_inst/audio_packet_inst/channel_status_right_r[52]' (rtl\dvi_tx\audio_packet.sv:92) (optimized to 0)
'video/tx_aux_inst/audio_packet_inst/channel_status_right_r[51]' (rtl\dvi_tx\audio_packet.sv:92) (optimized to 0)
'video/tx_aux_inst/audio_packet_inst/channel_status_right_r[50]' (rtl\dvi_tx\audio_packet.sv:92) (optimized to 0)
'video/tx_aux_inst/audio_packet_inst/channel_status_right_r[49]' (rtl\dvi_tx\audio_packet.sv:92) (optimized to 0)
'video/tx_aux_inst/audio_packet_inst/channel_status_right_r[48]' (rtl\dvi_tx\audio_packet.sv:92) (optimized to 0)
'video/tx_aux_inst/audio_packet_inst/channel_status_right_r[47]' (rtl\dvi_tx\audio_packet.sv:92) (optimized to 0)
'video/tx_aux_inst/audio_packet_inst/channel_status_right_r[46]' (rtl\dvi_tx\audio_packet.sv:92) (optimized to 0)
'video/tx_aux_inst/audio_packet_inst/channel_status_right_r[45]' (rtl\dvi_tx\audio_packet.sv:92) (optimized to 0)
'video/tx_aux_inst/audio_packet_inst/channel_status_right_r[44]' (rtl\dvi_tx\audio_packet.sv:92) (optimized to 0)
'video/tx_aux_inst/audio_packet_inst/channel_status_right_r[43]' (rtl\dvi_tx\audio_packet.sv:92) (optimized to 0)
'video/tx_aux_inst/audio_packet_inst/channel_status_right_r[42]' (rtl\dvi_tx\audio_packet.sv:92) (optimized to 0)
'video/tx_aux_inst/audio_packet_inst/channel_status_right_r[41]' (rtl\dvi_tx\audio_packet.sv:92) (optimized to 0)
'video/tx_aux_inst/audio_packet_inst/channel_status_right_r[40]' (rtl\dvi_tx\audio_packet.sv:92) (optimized to 0)
'video/tx_aux_inst/audio_packet_inst/channel_status_right_r[39]' (rtl\dvi_tx\audio_packet.sv:92) (optimized to 0)
'video/tx_aux_inst/audio_packet_inst/channel_status_right_r[38]' (rtl\dvi_tx\audio_packet.sv:92) (optimized to 0)
'video/tx_aux_inst/audio_packet_inst/channel_status_right_r[37]' (rtl\dvi_tx\audio_packet.sv:92) (optimized to 0)
'video/tx_aux_inst/audio_packet_inst/channel_status_right_r[36]' (rtl\dvi_tx\audio_packet.sv:92) (optimized to 0)
'video/tx_aux_inst/audio_packet_inst/channel_status_right_r[35]' (rtl\dvi_tx\audio_packet.sv:92) (optimized to 0)
'video/tx_aux_inst/audio_packet_inst/channel_status_right_r[34]' (rtl\dvi_tx\audio_packet.sv:92) (optimized to 0)
'video/tx_aux_inst/audio_packet_inst/channel_status_right_r[33]' (rtl\dvi_tx\audio_packet.sv:92) (optimized to 0)
'video/tx_aux_inst/audio_packet_inst/channel_status_right_r[32]' (rtl\dvi_tx\audio_packet.sv:92) (optimized to 0)
'video/tx_aux_inst/audio_packet_inst/channel_status_right_r[31]' (rtl\dvi_tx\audio_packet.sv:92) (optimized to 0)
'video/tx_aux_inst/audio_packet_inst/channel_status_right_r[30]' (rtl\dvi_tx\audio_packet.sv:92) (optimized to 0)
'video/tx_aux_inst/audio_packet_inst/channel_status_right_r[29]' (rtl\dvi_tx\audio_packet.sv:92) (optimized to 0)
'video/tx_aux_inst/audio_packet_inst/channel_status_right_r[28]' (rtl\dvi_tx\audio_packet.sv:92) (optimized to 0)
'video/tx_aux_inst/audio_packet_inst/channel_status_right_r[27]' (rtl\dvi_tx\audio_packet.sv:92) (optimized to 0)
'video/tx_aux_inst/audio_packet_inst/channel_status_right_r[26]' (rtl\dvi_tx\audio_packet.sv:92) (optimized to 0)
'video/tx_aux_inst/audio_packet_inst/channel_status_right_r[25]' (rtl\dvi_tx\audio_packet.sv:92) (optimized to 0)
'video/tx_aux_inst/audio_packet_inst/channel_status_right_r[24]' (rtl\dvi_tx\audio_packet.sv:92) (optimized to 0)
'video/tx_aux_inst/audio_packet_inst/channel_status_right_r[23]' (rtl\dvi_tx\audio_packet.sv:92) (optimized to 0)
'video/tx_aux_inst/audio_packet_inst/channel_status_right_r[22]' (rtl\dvi_tx\audio_packet.sv:92) (optimized to 0)
'video/tx_aux_inst/audio_packet_inst/channel_status_right_r[21]' (rtl\dvi_tx\audio_packet.sv:92) (optimized to 0)
'video/tx_aux_inst/audio_packet_inst/channel_status_right_r[20]' (rtl\dvi_tx\audio_packet.sv:92) (optimized to 0)
'video/tx_aux_inst/audio_packet_inst/channel_status_right_r[19]' (rtl\dvi_tx\audio_packet.sv:92) (optimized to 0)
'video/tx_aux_inst/audio_packet_inst/channel_status_right_r[18]' (rtl\dvi_tx\audio_packet.sv:92) (optimized to 0)
'video/tx_aux_inst/audio_packet_inst/channel_status_right_r[17]' (rtl\dvi_tx\audio_packet.sv:92) (optimized to 0)
'video/tx_aux_inst/audio_packet_inst/channel_status_right_r[16]' (rtl\dvi_tx\audio_packet.sv:92) (optimized to 0)
'video/tx_aux_inst/audio_packet_inst/channel_status_right_r[15]' (rtl\dvi_tx\audio_packet.sv:92) (optimized to 0)
'video/tx_aux_inst/audio_packet_inst/channel_status_right_r[14]' (rtl\dvi_tx\audio_packet.sv:92) (optimized to 0)
'video/tx_aux_inst/audio_packet_inst/channel_status_right_r[13]' (rtl\dvi_tx\audio_packet.sv:92) (optimized to 0)
'video/tx_aux_inst/audio_packet_inst/channel_status_right_r[12]' (rtl\dvi_tx\audio_packet.sv:92) (optimized to 0)
'video/tx_aux_inst/audio_packet_inst/channel_status_right_r[11]' (rtl\dvi_tx\audio_packet.sv:92) (optimized to 0)
'video/tx_aux_inst/audio_packet_inst/channel_status_right_r[10]' (rtl\dvi_tx\audio_packet.sv:92) (optimized to 0)
'video/tx_aux_inst/audio_packet_inst/channel_status_right_r[9]' (rtl\dvi_tx\audio_packet.sv:92) (optimized to 0)
'video/tx_aux_inst/audio_packet_inst/channel_status_right_r[8]' (rtl\dvi_tx\audio_packet.sv:92) (optimized to 0)
'video/tx_aux_inst/audio_packet_inst/channel_status_right_r[7]' (rtl\dvi_tx\audio_packet.sv:92) (optimized to 0)
'video/tx_aux_inst/audio_packet_inst/channel_status_right_r[6]' (rtl\dvi_tx\audio_packet.sv:92) (optimized to 0)
'video/tx_aux_inst/audio_packet_inst/channel_status_right_r[5]' (rtl\dvi_tx\audio_packet.sv:92) (optimized to 0)
'video/tx_aux_inst/audio_packet_inst/channel_status_right_r[4]' (rtl\dvi_tx\audio_packet.sv:92) (optimized to 0)
'video/tx_aux_inst/audio_packet_inst/channel_status_right_r[3]' (rtl\dvi_tx\audio_packet.sv:92) (optimized to 0)
'video/tx_aux_inst/audio_packet_inst/channel_status_right_r[2]' (rtl\dvi_tx\audio_packet.sv:92) (optimized to 0)
'video/tx_aux_inst/audio_packet_inst/channel_status_right_r[1]' (rtl\dvi_tx\audio_packet.sv:92) (optimized to 0)
'video/tx_aux_inst/audio_packet_inst/channel_status_left_r[191]' (rtl\dvi_tx\audio_packet.sv:91) (optimized to 0)
'video/tx_aux_inst/audio_packet_inst/channel_status_left_r[190]' (rtl\dvi_tx\audio_packet.sv:91) (optimized to 0)
'video/tx_aux_inst/audio_packet_inst/channel_status_left_r[189]' (rtl\dvi_tx\audio_packet.sv:91) (optimized to 0)
'video/tx_aux_inst/audio_packet_inst/channel_status_left_r[188]' (rtl\dvi_tx\audio_packet.sv:91) (optimized to 0)
'video/tx_aux_inst/audio_packet_inst/channel_status_left_r[187]' (rtl\dvi_tx\audio_packet.sv:91) (optimized to 0)
'video/tx_aux_inst/audio_packet_inst/channel_status_left_r[186]' (rtl\dvi_tx\audio_packet.sv:91) (optimized to 0)
'video/tx_aux_inst/audio_packet_inst/channel_status_left_r[185]' (rtl\dvi_tx\audio_packet.sv:91) (optimized to 0)
'video/tx_aux_inst/audio_packet_inst/channel_status_left_r[184]' (rtl\dvi_tx\audio_packet.sv:91) (optimized to 0)
'video/tx_aux_inst/audio_packet_inst/channel_status_left_r[183]' (rtl\dvi_tx\audio_packet.sv:91) (optimized to 0)
'video/tx_aux_inst/audio_packet_inst/channel_status_left_r[182]' (rtl\dvi_tx\audio_packet.sv:91) (optimized to 0)
'video/tx_aux_inst/audio_packet_inst/channel_status_left_r[181]' (rtl\dvi_tx\audio_packet.sv:91) (optimized to 0)
'video/tx_aux_inst/audio_packet_inst/channel_status_left_r[180]' (rtl\dvi_tx\audio_packet.sv:91) (optimized to 0)
'video/tx_aux_inst/audio_packet_inst/channel_status_left_r[179]' (rtl\dvi_tx\audio_packet.sv:91) (optimized to 0)
'video/tx_aux_inst/audio_packet_inst/channel_status_left_r[178]' (rtl\dvi_tx\audio_packet.sv:91) (optimized to 0)
'video/tx_aux_inst/audio_packet_inst/channel_status_left_r[177]' (rtl\dvi_tx\audio_packet.sv:91) (optimized to 0)
'video/tx_aux_inst/audio_packet_inst/channel_status_left_r[176]' (rtl\dvi_tx\audio_packet.sv:91) (optimized to 0)
'video/tx_aux_inst/audio_packet_inst/channel_status_left_r[175]' (rtl\dvi_tx\audio_packet.sv:91) (optimized to 0)
'video/tx_aux_inst/audio_packet_inst/channel_status_left_r[174]' (rtl\dvi_tx\audio_packet.sv:91) (optimized to 0)
'video/tx_aux_inst/audio_packet_inst/channel_status_left_r[173]' (rtl\dvi_tx\audio_packet.sv:91) (optimized to 0)
'video/tx_aux_inst/audio_packet_inst/channel_status_left_r[172]' (rtl\dvi_tx\audio_packet.sv:91) (optimized to 0)
'video/tx_aux_inst/audio_packet_inst/channel_status_left_r[171]' (rtl\dvi_tx\audio_packet.sv:91) (optimized to 0)
'video/tx_aux_inst/audio_packet_inst/channel_status_left_r[170]' (rtl\dvi_tx\audio_packet.sv:91) (optimized to 0)
'video/tx_aux_inst/audio_packet_inst/channel_status_left_r[169]' (rtl\dvi_tx\audio_packet.sv:91) (optimized to 0)
'video/tx_aux_inst/audio_packet_inst/channel_status_left_r[168]' (rtl\dvi_tx\audio_packet.sv:91) (optimized to 0)
'video/tx_aux_inst/audio_packet_inst/channel_status_left_r[167]' (rtl\dvi_tx\audio_packet.sv:91) (optimized to 0)
'video/tx_aux_inst/audio_packet_inst/channel_status_left_r[166]' (rtl\dvi_tx\audio_packet.sv:91) (optimized to 0)
'video/tx_aux_inst/audio_packet_inst/channel_status_left_r[165]' (rtl\dvi_tx\audio_packet.sv:91) (optimized to 0)
'video/tx_aux_inst/audio_packet_inst/channel_status_left_r[164]' (rtl\dvi_tx\audio_packet.sv:91) (optimized to 0)
'video/tx_aux_inst/audio_packet_inst/channel_status_left_r[163]' (rtl\dvi_tx\audio_packet.sv:91) (optimized to 0)
'video/tx_aux_inst/audio_packet_inst/channel_status_left_r[162]' (rtl\dvi_tx\audio_packet.sv:91) (optimized to 0)
'video/tx_aux_inst/audio_packet_inst/channel_status_left_r[161]' (rtl\dvi_tx\audio_packet.sv:91) (optimized to 0)
'video/tx_aux_inst/audio_packet_inst/channel_status_left_r[160]' (rtl\dvi_tx\audio_packet.sv:91) (optimized to 0)
'video/tx_aux_inst/audio_packet_inst/channel_status_left_r[159]' (rtl\dvi_tx\audio_packet.sv:91) (optimized to 0)
'video/tx_aux_inst/audio_packet_inst/channel_status_left_r[158]' (rtl\dvi_tx\audio_packet.sv:91) (optimized to 0)
'video/tx_aux_inst/audio_packet_inst/channel_status_left_r[157]' (rtl\dvi_tx\audio_packet.sv:91) (optimized to 0)
'video/tx_aux_inst/audio_packet_inst/channel_status_left_r[156]' (rtl\dvi_tx\audio_packet.sv:91) (optimized to 0)
'video/tx_aux_inst/audio_packet_inst/channel_status_left_r[155]' (rtl\dvi_tx\audio_packet.sv:91) (optimized to 0)
'video/tx_aux_inst/audio_packet_inst/channel_status_left_r[154]' (rtl\dvi_tx\audio_packet.sv:91) (optimized to 0)
'video/tx_aux_inst/audio_packet_inst/channel_status_left_r[153]' (rtl\dvi_tx\audio_packet.sv:91) (optimized to 0)
'video/tx_aux_inst/audio_packet_inst/channel_status_left_r[152]' (rtl\dvi_tx\audio_packet.sv:91) (optimized to 0)
'video/tx_aux_inst/audio_packet_inst/channel_status_left_r[151]' (rtl\dvi_tx\audio_packet.sv:91) (optimized to 0)
'video/tx_aux_inst/audio_packet_inst/channel_status_left_r[150]' (rtl\dvi_tx\audio_packet.sv:91) (optimized to 0)
'video/tx_aux_inst/audio_packet_inst/channel_status_left_r[149]' (rtl\dvi_tx\audio_packet.sv:91) (optimized to 0)
'video/tx_aux_inst/audio_packet_inst/channel_status_left_r[148]' (rtl\dvi_tx\audio_packet.sv:91) (optimized to 0)
'video/tx_aux_inst/audio_packet_inst/channel_status_left_r[147]' (rtl\dvi_tx\audio_packet.sv:91) (optimized to 0)
'video/tx_aux_inst/audio_packet_inst/channel_status_left_r[146]' (rtl\dvi_tx\audio_packet.sv:91) (optimized to 0)
'video/tx_aux_inst/audio_packet_inst/channel_status_left_r[145]' (rtl\dvi_tx\audio_packet.sv:91) (optimized to 0)
'video/tx_aux_inst/audio_packet_inst/channel_status_left_r[144]' (rtl\dvi_tx\audio_packet.sv:91) (optimized to 0)
'video/tx_aux_inst/audio_packet_inst/channel_status_left_r[143]' (rtl\dvi_tx\audio_packet.sv:91) (optimized to 0)
'video/tx_aux_inst/audio_packet_inst/channel_status_left_r[142]' (rtl\dvi_tx\audio_packet.sv:91) (optimized to 0)
'video/tx_aux_inst/audio_packet_inst/channel_status_left_r[141]' (rtl\dvi_tx\audio_packet.sv:91) (optimized to 0)
'video/tx_aux_inst/audio_packet_inst/channel_status_left_r[140]' (rtl\dvi_tx\audio_packet.sv:91) (optimized to 0)
'video/tx_aux_inst/audio_packet_inst/channel_status_left_r[139]' (rtl\dvi_tx\audio_packet.sv:91) (optimized to 0)
'video/tx_aux_inst/audio_packet_inst/channel_status_left_r[138]' (rtl\dvi_tx\audio_packet.sv:91) (optimized to 0)
'video/tx_aux_inst/audio_packet_inst/channel_status_left_r[137]' (rtl\dvi_tx\audio_packet.sv:91) (optimized to 0)
'video/tx_aux_inst/audio_packet_inst/channel_status_left_r[136]' (rtl\dvi_tx\audio_packet.sv:91) (optimized to 0)
'video/tx_aux_inst/audio_packet_inst/channel_status_left_r[135]' (rtl\dvi_tx\audio_packet.sv:91) (optimized to 0)
'video/tx_aux_inst/audio_packet_inst/channel_status_left_r[134]' (rtl\dvi_tx\audio_packet.sv:91) (optimized to 0)
'video/tx_aux_inst/audio_packet_inst/channel_status_left_r[14]' (rtl\dvi_tx\audio_packet.sv:91) (optimized to 0)
'video/tx_aux_inst/audio_packet_inst/channel_status_left_r[13]' (rtl\dvi_tx\audio_packet.sv:91) (optimized to 0)
'video/tx_aux_inst/audio_packet_inst/channel_status_left_r[0]' (rtl\dvi_tx\audio_packet.sv:91) (optimized to 0)
'video/tx_aux_inst/audio_packet_inst/channel_status_left_r[133]' (rtl\dvi_tx\audio_packet.sv:91) (optimized to 0)
'video/tx_aux_inst/audio_packet_inst/channel_status_left_r[132]' (rtl\dvi_tx\audio_packet.sv:91) (optimized to 0)
'video/tx_aux_inst/audio_packet_inst/channel_status_left_r[131]' (rtl\dvi_tx\audio_packet.sv:91) (optimized to 0)
'video/tx_aux_inst/audio_packet_inst/channel_status_left_r[130]' (rtl\dvi_tx\audio_packet.sv:91) (optimized to 0)
'video/tx_aux_inst/audio_packet_inst/channel_status_left_r[129]' (rtl\dvi_tx\audio_packet.sv:91) (optimized to 0)
'video/tx_aux_inst/audio_packet_inst/channel_status_left_r[128]' (rtl\dvi_tx\audio_packet.sv:91) (optimized to 0)
'video/tx_aux_inst/audio_packet_inst/channel_status_left_r[127]' (rtl\dvi_tx\audio_packet.sv:91) (optimized to 0)
'video/tx_aux_inst/audio_packet_inst/channel_status_left_r[126]' (rtl\dvi_tx\audio_packet.sv:91) (optimized to 0)
'video/tx_aux_inst/audio_packet_inst/channel_status_left_r[125]' (rtl\dvi_tx\audio_packet.sv:91) (optimized to 0)
'video/tx_aux_inst/audio_packet_inst/channel_status_left_r[124]' (rtl\dvi_tx\audio_packet.sv:91) (optimized to 0)
'video/tx_aux_inst/audio_packet_inst/channel_status_left_r[123]' (rtl\dvi_tx\audio_packet.sv:91) (optimized to 0)
'video/tx_aux_inst/audio_packet_inst/channel_status_left_r[122]' (rtl\dvi_tx\audio_packet.sv:91) (optimized to 0)
'video/tx_aux_inst/audio_packet_inst/channel_status_left_r[121]' (rtl\dvi_tx\audio_packet.sv:91) (optimized to 0)
'video/tx_aux_inst/audio_packet_inst/channel_status_left_r[120]' (rtl\dvi_tx\audio_packet.sv:91) (optimized to 0)
'video/tx_aux_inst/audio_packet_inst/channel_status_left_r[119]' (rtl\dvi_tx\audio_packet.sv:91) (optimized to 0)
'video/tx_aux_inst/audio_packet_inst/channel_status_left_r[118]' (rtl\dvi_tx\audio_packet.sv:91) (optimized to 0)
'video/tx_aux_inst/audio_packet_inst/channel_status_left_r[117]' (rtl\dvi_tx\audio_packet.sv:91) (optimized to 0)
'video/tx_aux_inst/audio_packet_inst/channel_status_left_r[116]' (rtl\dvi_tx\audio_packet.sv:91) (optimized to 0)
'video/tx_aux_inst/audio_packet_inst/channel_status_left_r[115]' (rtl\dvi_tx\audio_packet.sv:91) (optimized to 0)
'video/tx_aux_inst/audio_packet_inst/channel_status_left_r[114]' (rtl\dvi_tx\audio_packet.sv:91) (optimized to 0)
'video/tx_aux_inst/audio_packet_inst/channel_status_left_r[113]' (rtl\dvi_tx\audio_packet.sv:91) (optimized to 0)
'video/tx_aux_inst/audio_packet_inst/channel_status_left_r[112]' (rtl\dvi_tx\audio_packet.sv:91) (optimized to 0)
'video/tx_aux_inst/audio_packet_inst/channel_status_left_r[111]' (rtl\dvi_tx\audio_packet.sv:91) (optimized to 0)
'video/tx_aux_inst/audio_packet_inst/channel_status_left_r[110]' (rtl\dvi_tx\audio_packet.sv:91) (optimized to 0)
'video/tx_aux_inst/audio_packet_inst/channel_status_left_r[109]' (rtl\dvi_tx\audio_packet.sv:91) (optimized to 0)
'video/tx_aux_inst/audio_packet_inst/channel_status_left_r[108]' (rtl\dvi_tx\audio_packet.sv:91) (optimized to 0)
'video/tx_aux_inst/audio_packet_inst/channel_status_left_r[107]' (rtl\dvi_tx\audio_packet.sv:91) (optimized to 0)
'video/tx_aux_inst/audio_packet_inst/channel_status_left_r[106]' (rtl\dvi_tx\audio_packet.sv:91) (optimized to 0)
'video/tx_aux_inst/audio_packet_inst/channel_status_left_r[105]' (rtl\dvi_tx\audio_packet.sv:91) (optimized to 0)
'video/tx_aux_inst/audio_packet_inst/channel_status_left_r[104]' (rtl\dvi_tx\audio_packet.sv:91) (optimized to 0)
'video/tx_aux_inst/audio_packet_inst/channel_status_left_r[103]' (rtl\dvi_tx\audio_packet.sv:91) (optimized to 0)
'video/tx_aux_inst/audio_packet_inst/channel_status_left_r[102]' (rtl\dvi_tx\audio_packet.sv:91) (optimized to 0)
'video/tx_aux_inst/audio_packet_inst/channel_status_left_r[101]' (rtl\dvi_tx\audio_packet.sv:91) (optimized to 0)
'video/tx_aux_inst/audio_packet_inst/channel_status_left_r[100]' (rtl\dvi_tx\audio_packet.sv:91) (optimized to 0)
'video/tx_aux_inst/audio_packet_inst/channel_status_left_r[99]' (rtl\dvi_tx\audio_packet.sv:91) (optimized to 0)
'video/tx_aux_inst/audio_packet_inst/channel_status_left_r[98]' (rtl\dvi_tx\audio_packet.sv:91) (optimized to 0)
'video/tx_aux_inst/audio_packet_inst/channel_status_left_r[97]' (rtl\dvi_tx\audio_packet.sv:91) (optimized to 0)
'video/tx_aux_inst/audio_packet_inst/channel_status_left_r[96]' (rtl\dvi_tx\audio_packet.sv:91) (optimized to 0)
'video/tx_aux_inst/audio_packet_inst/channel_status_left_r[95]' (rtl\dvi_tx\audio_packet.sv:91) (optimized to 0)
'video/tx_aux_inst/audio_packet_inst/channel_status_left_r[94]' (rtl\dvi_tx\audio_packet.sv:91) (optimized to 0)
'video/tx_aux_inst/audio_packet_inst/channel_status_left_r[93]' (rtl\dvi_tx\audio_packet.sv:91) (optimized to 0)
'video/tx_aux_inst/audio_packet_inst/channel_status_left_r[92]' (rtl\dvi_tx\audio_packet.sv:91) (optimized to 0)
'video/tx_aux_inst/audio_packet_inst/channel_status_left_r[91]' (rtl\dvi_tx\audio_packet.sv:91) (optimized to 0)
'video/tx_aux_inst/audio_packet_inst/channel_status_left_r[90]' (rtl\dvi_tx\audio_packet.sv:91) (optimized to 0)
'video/tx_aux_inst/audio_packet_inst/channel_status_left_r[89]' (rtl\dvi_tx\audio_packet.sv:91) (optimized to 0)
'video/tx_aux_inst/audio_packet_inst/channel_status_left_r[88]' (rtl\dvi_tx\audio_packet.sv:91) (optimized to 0)
'video/tx_aux_inst/audio_packet_inst/channel_status_left_r[87]' (rtl\dvi_tx\audio_packet.sv:91) (optimized to 0)
'video/tx_aux_inst/audio_packet_inst/channel_status_left_r[86]' (rtl\dvi_tx\audio_packet.sv:91) (optimized to 0)
'video/tx_aux_inst/audio_packet_inst/channel_status_left_r[85]' (rtl\dvi_tx\audio_packet.sv:91) (optimized to 0)
'video/tx_aux_inst/audio_packet_inst/channel_status_left_r[84]' (rtl\dvi_tx\audio_packet.sv:91) (optimized to 0)
'video/tx_aux_inst/audio_packet_inst/channel_status_left_r[83]' (rtl\dvi_tx\audio_packet.sv:91) (optimized to 0)
'video/tx_aux_inst/audio_packet_inst/channel_status_left_r[82]' (rtl\dvi_tx\audio_packet.sv:91) (optimized to 0)
'video/tx_aux_inst/audio_packet_inst/channel_status_left_r[81]' (rtl\dvi_tx\audio_packet.sv:91) (optimized to 0)
'video/tx_aux_inst/audio_packet_inst/channel_status_left_r[80]' (rtl\dvi_tx\audio_packet.sv:91) (optimized to 0)
'video/tx_aux_inst/audio_packet_inst/channel_status_left_r[79]' (rtl\dvi_tx\audio_packet.sv:91) (optimized to 0)
'video/tx_aux_inst/audio_packet_inst/channel_status_left_r[78]' (rtl\dvi_tx\audio_packet.sv:91) (optimized to 0)
'video/tx_aux_inst/audio_packet_inst/channel_status_left_r[77]' (rtl\dvi_tx\audio_packet.sv:91) (optimized to 0)
'video/tx_aux_inst/audio_packet_inst/channel_status_left_r[76]' (rtl\dvi_tx\audio_packet.sv:91) (optimized to 0)
'video/tx_aux_inst/audio_packet_inst/channel_status_left_r[75]' (rtl\dvi_tx\audio_packet.sv:91) (optimized to 0)
'video/tx_aux_inst/audio_packet_inst/channel_status_left_r[74]' (rtl\dvi_tx\audio_packet.sv:91) (optimized to 0)
'video/tx_aux_inst/audio_packet_inst/channel_status_left_r[73]' (rtl\dvi_tx\audio_packet.sv:91) (optimized to 0)
'video/tx_aux_inst/audio_packet_inst/channel_status_left_r[72]' (rtl\dvi_tx\audio_packet.sv:91) (optimized to 0)
'video/tx_aux_inst/audio_packet_inst/channel_status_left_r[71]' (rtl\dvi_tx\audio_packet.sv:91) (optimized to 0)
'video/tx_aux_inst/audio_packet_inst/channel_status_left_r[70]' (rtl\dvi_tx\audio_packet.sv:91) (optimized to 0)
'video/tx_aux_inst/audio_packet_inst/channel_status_left_r[69]' (rtl\dvi_tx\audio_packet.sv:91) (optimized to 0)
'video/tx_aux_inst/audio_packet_inst/channel_status_left_r[68]' (rtl\dvi_tx\audio_packet.sv:91) (optimized to 0)
'video/tx_aux_inst/audio_packet_inst/channel_status_left_r[67]' (rtl\dvi_tx\audio_packet.sv:91) (optimized to 0)
'video/tx_aux_inst/audio_packet_inst/channel_status_left_r[66]' (rtl\dvi_tx\audio_packet.sv:91) (optimized to 0)
'video/tx_aux_inst/audio_packet_inst/channel_status_left_r[65]' (rtl\dvi_tx\audio_packet.sv:91) (optimized to 0)
'video/tx_aux_inst/audio_packet_inst/channel_status_left_r[64]' (rtl\dvi_tx\audio_packet.sv:91) (optimized to 0)
'video/tx_aux_inst/audio_packet_inst/channel_status_left_r[63]' (rtl\dvi_tx\audio_packet.sv:91) (optimized to 0)
'video/tx_aux_inst/audio_packet_inst/channel_status_left_r[62]' (rtl\dvi_tx\audio_packet.sv:91) (optimized to 0)
'video/tx_aux_inst/audio_packet_inst/channel_status_left_r[61]' (rtl\dvi_tx\audio_packet.sv:91) (optimized to 0)
'video/tx_aux_inst/audio_packet_inst/channel_status_left_r[60]' (rtl\dvi_tx\audio_packet.sv:91) (optimized to 0)
'video/tx_aux_inst/audio_packet_inst/channel_status_left_r[59]' (rtl\dvi_tx\audio_packet.sv:91) (optimized to 0)
'video/tx_aux_inst/audio_packet_inst/channel_status_left_r[58]' (rtl\dvi_tx\audio_packet.sv:91) (optimized to 0)
'video/tx_aux_inst/audio_packet_inst/channel_status_left_r[57]' (rtl\dvi_tx\audio_packet.sv:91) (optimized to 0)
'video/tx_aux_inst/audio_packet_inst/channel_status_left_r[56]' (rtl\dvi_tx\audio_packet.sv:91) (optimized to 0)
'video/tx_aux_inst/audio_packet_inst/channel_status_left_r[55]' (rtl\dvi_tx\audio_packet.sv:91) (optimized to 0)
'video/tx_aux_inst/audio_packet_inst/channel_status_left_r[54]' (rtl\dvi_tx\audio_packet.sv:91) (optimized to 0)
'video/tx_aux_inst/audio_packet_inst/channel_status_left_r[53]' (rtl\dvi_tx\audio_packet.sv:91) (optimized to 0)
'video/tx_aux_inst/audio_packet_inst/channel_status_left_r[52]' (rtl\dvi_tx\audio_packet.sv:91) (optimized to 0)
'video/tx_aux_inst/audio_packet_inst/channel_status_left_r[51]' (rtl\dvi_tx\audio_packet.sv:91) (optimized to 0)
'video/tx_aux_inst/audio_packet_inst/channel_status_left_r[50]' (rtl\dvi_tx\audio_packet.sv:91) (optimized to 0)
'video/tx_aux_inst/audio_packet_inst/channel_status_left_r[49]' (rtl\dvi_tx\audio_packet.sv:91) (optimized to 0)
'video/tx_aux_inst/audio_packet_inst/channel_status_left_r[48]' (rtl\dvi_tx\audio_packet.sv:91) (optimized to 0)
'video/tx_aux_inst/audio_packet_inst/channel_status_left_r[47]' (rtl\dvi_tx\audio_packet.sv:91) (optimized to 0)
'video/tx_aux_inst/audio_packet_inst/channel_status_left_r[46]' (rtl\dvi_tx\audio_packet.sv:91) (optimized to 0)
'video/tx_aux_inst/audio_packet_inst/channel_status_left_r[45]' (rtl\dvi_tx\audio_packet.sv:91) (optimized to 0)
'video/tx_aux_inst/audio_packet_inst/channel_status_left_r[44]' (rtl\dvi_tx\audio_packet.sv:91) (optimized to 0)
'video/tx_aux_inst/audio_packet_inst/channel_status_left_r[43]' (rtl\dvi_tx\audio_packet.sv:91) (optimized to 0)
'video/tx_aux_inst/audio_packet_inst/channel_status_left_r[42]' (rtl\dvi_tx\audio_packet.sv:91) (optimized to 0)
'video/tx_aux_inst/audio_packet_inst/channel_status_left_r[41]' (rtl\dvi_tx\audio_packet.sv:91) (optimized to 0)
'video/tx_aux_inst/audio_packet_inst/channel_status_left_r[40]' (rtl\dvi_tx\audio_packet.sv:91) (optimized to 0)
'video/tx_aux_inst/audio_packet_inst/channel_status_left_r[39]' (rtl\dvi_tx\audio_packet.sv:91) (optimized to 0)
'video/tx_aux_inst/audio_packet_inst/channel_status_left_r[38]' (rtl\dvi_tx\audio_packet.sv:91) (optimized to 0)
'video/tx_aux_inst/audio_packet_inst/channel_status_left_r[37]' (rtl\dvi_tx\audio_packet.sv:91) (optimized to 0)
'video/tx_aux_inst/audio_packet_inst/channel_status_left_r[36]' (rtl\dvi_tx\audio_packet.sv:91) (optimized to 0)
'video/tx_aux_inst/audio_packet_inst/channel_status_left_r[35]' (rtl\dvi_tx\audio_packet.sv:91) (optimized to 0)
'video/tx_aux_inst/audio_packet_inst/channel_status_left_r[34]' (rtl\dvi_tx\audio_packet.sv:91) (optimized to 0)
'video/tx_aux_inst/audio_packet_inst/channel_status_left_r[33]' (rtl\dvi_tx\audio_packet.sv:91) (optimized to 0)
'video/tx_aux_inst/audio_packet_inst/channel_status_left_r[32]' (rtl\dvi_tx\audio_packet.sv:91) (optimized to 0)
'video/tx_aux_inst/audio_packet_inst/channel_status_left_r[31]' (rtl\dvi_tx\audio_packet.sv:91) (optimized to 0)
'video/tx_aux_inst/audio_packet_inst/channel_status_left_r[30]' (rtl\dvi_tx\audio_packet.sv:91) (optimized to 0)
'video/tx_aux_inst/audio_packet_inst/channel_status_left_r[29]' (rtl\dvi_tx\audio_packet.sv:91) (optimized to 0)
'video/tx_aux_inst/audio_packet_inst/channel_status_left_r[28]' (rtl\dvi_tx\audio_packet.sv:91) (optimized to 0)
'video/tx_aux_inst/audio_packet_inst/channel_status_left_r[27]' (rtl\dvi_tx\audio_packet.sv:91) (optimized to 0)
'video/tx_aux_inst/audio_packet_inst/channel_status_left_r[26]' (rtl\dvi_tx\audio_packet.sv:91) (optimized to 0)
'video/tx_aux_inst/audio_packet_inst/channel_status_left_r[25]' (rtl\dvi_tx\audio_packet.sv:91) (optimized to 0)
'video/tx_aux_inst/audio_packet_inst/channel_status_left_r[24]' (rtl\dvi_tx\audio_packet.sv:91) (optimized to 0)
'video/tx_aux_inst/audio_packet_inst/channel_status_left_r[23]' (rtl\dvi_tx\audio_packet.sv:91) (optimized to 0)
'video/tx_aux_inst/audio_packet_inst/channel_status_left_r[22]' (rtl\dvi_tx\audio_packet.sv:91) (optimized to 0)
'video/tx_aux_inst/audio_packet_inst/channel_status_left_r[21]' (rtl\dvi_tx\audio_packet.sv:91) (optimized to 0)
'video/tx_aux_inst/audio_packet_inst/cnt[1]' (rtl\dvi_tx\audio_packet.sv:113) (optimized to 0)
'video/tx_aux_inst/audio_packet_inst/cnt[2]' (rtl\dvi_tx\audio_packet.sv:113) (optimized to 0)
'video/tx_aux_inst/audio_packet_inst/cnt[3]' (rtl\dvi_tx\audio_packet.sv:113) (optimized to 0)
'video/tx_aux_inst/audio_packet_inst/cnt[4]' (rtl\dvi_tx\audio_packet.sv:113) (optimized to 0)
'video/tx_aux_inst/audio_packet_inst/cnt[5]' (rtl\dvi_tx\audio_packet.sv:113) (optimized to 0)
'video/tx_aux_inst/audio_packet_inst/cnt[6]' (rtl\dvi_tx\audio_packet.sv:113) (optimized to 0)
'video/tx_aux_inst/audio_packet_inst/cnt[7]' (rtl\dvi_tx\audio_packet.sv:113) (optimized to 0)
'preprocess/samples[0]' (rtl\sc_camera_rgb.v:14) (optimized to 0)
'preprocess/samples[1]' (rtl\sc_camera_rgb.v:14) (optimized to 0)
'display/frame_write_error' (rtl\sc_display.v:47) (optimized to 0)
'display/write_errors[0]' (rtl\sc_display.v:47) (optimized to 0)
'out_awaddr[0]' (rtl\ti60f225_oob_top.v:342) (optimized to 0)
'display/shown_mode[0]' (rtl\sc_display.v:82) (optimized to 0)
'display/line_base[0]' (rtl\sc_display.v:169) (optimized to 0)
'display/pack_data[24]' (rtl\sc_display.v:27) (optimized to 0)
'display/pack_data[25]' (rtl\sc_display.v:27) (optimized to 0)
'display/pack_data[26]' (rtl\sc_display.v:27) (optimized to 0)
'display/pack_data[27]' (rtl\sc_display.v:27) (optimized to 0)
'display/pack_data[28]' (rtl\sc_display.v:27) (optimized to 0)
'display/pack_data[29]' (rtl\sc_display.v:27) (optimized to 0)
'display/pack_data[30]' (rtl\sc_display.v:27) (optimized to 0)
'display/pack_data[31]' (rtl\sc_display.v:27) (optimized to 0)
'display/pack_data[56]' (rtl\sc_display.v:27) (optimized to 0)
'display/pack_data[57]' (rtl\sc_display.v:27) (optimized to 0)
'display/pack_data[58]' (rtl\sc_display.v:27) (optimized to 0)
'display/pack_data[59]' (rtl\sc_display.v:27) (optimized to 0)
'display/pack_data[60]' (rtl\sc_display.v:27) (optimized to 0)
'display/pack_data[61]' (rtl\sc_display.v:27) (optimized to 0)
'display/pack_data[62]' (rtl\sc_display.v:27) (optimized to 0)
'display/pack_data[63]' (rtl\sc_display.v:27) (optimized to 0)
'display/pack_data[88]' (rtl\sc_display.v:27) (optimized to 0)
'display/pack_data[89]' (rtl\sc_display.v:27) (optimized to 0)
'display/pack_data[90]' (rtl\sc_display.v:27) (optimized to 0)
'display/pack_data[91]' (rtl\sc_display.v:27) (optimized to 0)
'display/pack_data[92]' (rtl\sc_display.v:27) (optimized to 0)
'display/pack_data[93]' (rtl\sc_display.v:27) (optimized to 0)
'display/pack_data[94]' (rtl\sc_display.v:27) (optimized to 0)
'display/pack_data[95]' (rtl\sc_display.v:27) (optimized to 0)
'display/write_errors[1]' (rtl\sc_display.v:47) (optimized to 0)
'display/write_errors[2]' (rtl\sc_display.v:47) (optimized to 0)
'display/write_errors[3]' (rtl\sc_display.v:47) (optimized to 0)
'display/write_errors[4]' (rtl\sc_display.v:47) (optimized to 0)
'display/write_errors[5]' (rtl\sc_display.v:47) (optimized to 0)
'display/write_errors[6]' (rtl\sc_display.v:47) (optimized to 0)
'display/write_errors[7]' (rtl\sc_display.v:47) (optimized to 0)
'display/write_errors[8]' (rtl\sc_display.v:47) (optimized to 0)
'display/write_errors[9]' (rtl\sc_display.v:47) (optimized to 0)
'display/write_errors[10]' (rtl\sc_display.v:47) (optimized to 0)
'display/write_errors[11]' (rtl\sc_display.v:47) (optimized to 0)
'display/write_errors[12]' (rtl\sc_display.v:47) (optimized to 0)
'display/write_errors[13]' (rtl\sc_display.v:47) (optimized to 0)
'display/write_errors[14]' (rtl\sc_display.v:47) (optimized to 0)
'display/write_errors[15]' (rtl\sc_display.v:47) (optimized to 0)
'display/write_errors[16]' (rtl\sc_display.v:47) (optimized to 0)
'display/write_errors[17]' (rtl\sc_display.v:47) (optimized to 0)
'display/write_errors[18]' (rtl\sc_display.v:47) (optimized to 0)
'display/write_errors[19]' (rtl\sc_display.v:47) (optimized to 0)
'display/write_errors[20]' (rtl\sc_display.v:47) (optimized to 0)
'display/write_errors[21]' (rtl\sc_display.v:47) (optimized to 0)
'display/write_errors[22]' (rtl\sc_display.v:47) (optimized to 0)
'display/write_errors[23]' (rtl\sc_display.v:47) (optimized to 0)
'display/write_errors[24]' (rtl\sc_display.v:47) (optimized to 0)
'display/write_errors[25]' (rtl\sc_display.v:47) (optimized to 0)
'display/write_errors[26]' (rtl\sc_display.v:47) (optimized to 0)
'display/write_errors[27]' (rtl\sc_display.v:47) (optimized to 0)
'display/write_errors[28]' (rtl\sc_display.v:47) (optimized to 0)
'display/write_errors[29]' (rtl\sc_display.v:47) (optimized to 0)
'display/write_errors[30]' (rtl\sc_display.v:47) (optimized to 0)
'display/write_errors[31]' (rtl\sc_display.v:47) (optimized to 0)
'out_awaddr[1]' (rtl\ti60f225_oob_top.v:342) (optimized to 0)
'out_awaddr[2]' (rtl\ti60f225_oob_top.v:342) (optimized to 0)
'out_awaddr[3]' (rtl\ti60f225_oob_top.v:342) (optimized to 0)
'out_awaddr[23]' (rtl\ti60f225_oob_top.v:342) (optimized to 0)
'out_awaddr[24]' (rtl\ti60f225_oob_top.v:342) (optimized to 0)
'out_awaddr[25]' (rtl\ti60f225_oob_top.v:342) (optimized to 0)
'out_awaddr[26]' (rtl\ti60f225_oob_top.v:342) (optimized to 0)
'out_awaddr[27]' (rtl\ti60f225_oob_top.v:342) (optimized to 0)
'out_awaddr[28]' (rtl\ti60f225_oob_top.v:342) (optimized to 0)
'out_awaddr[29]' (rtl\ti60f225_oob_top.v:342) (optimized to 0)
'out_awaddr[30]' (rtl\ti60f225_oob_top.v:342) (optimized to 0)
'out_awaddr[31]' (rtl\ti60f225_oob_top.v:342) (optimized to 0)
'display/line_base[1]' (rtl\sc_display.v:169) (optimized to 0)
'display/line_base[2]' (rtl\sc_display.v:169) (optimized to 0)
'display/line_base[3]' (rtl\sc_display.v:169) (optimized to 0)
'display/line_base[4]' (rtl\sc_display.v:169) (optimized to 0)
'display/line_base[5]' (rtl\sc_display.v:169) (optimized to 0)
'display/line_base[6]' (rtl\sc_display.v:169) (optimized to 0)
'display/line_base[7]' (rtl\sc_display.v:169) (optimized to 0)
'display/line_base[8]' (rtl\sc_display.v:169) (optimized to 0)
'display/ph[1]' (rtl\sc_display.v:168) (optimized to 0)
'cap_awaddr[0]' (rtl\ti60f225_oob_top.v:342) (optimized to 0)
'cap_wdata[24]' (rtl\ti60f225_oob_top.v:342) (optimized to 0)
'cap_wdata[25]' (rtl\ti60f225_oob_top.v:342) (optimized to 0)
'cap_wdata[26]' (rtl\ti60f225_oob_top.v:342) (optimized to 0)
'cap_wdata[27]' (rtl\ti60f225_oob_top.v:342) (optimized to 0)
'cap_wdata[28]' (rtl\ti60f225_oob_top.v:342) (optimized to 0)
'cap_wdata[29]' (rtl\ti60f225_oob_top.v:342) (optimized to 0)
'cap_wdata[30]' (rtl\ti60f225_oob_top.v:342) (optimized to 0)
'cap_wdata[31]' (rtl\ti60f225_oob_top.v:342) (optimized to 0)
'cap_wdata[56]' (rtl\ti60f225_oob_top.v:342) (optimized to 0)
'cap_wdata[57]' (rtl\ti60f225_oob_top.v:342) (optimized to 0)
'cap_wdata[58]' (rtl\ti60f225_oob_top.v:342) (optimized to 0)
'cap_wdata[59]' (rtl\ti60f225_oob_top.v:342) (optimized to 0)
'cap_wdata[60]' (rtl\ti60f225_oob_top.v:342) (optimized to 0)
'cap_wdata[61]' (rtl\ti60f225_oob_top.v:342) (optimized to 0)
'cap_wdata[62]' (rtl\ti60f225_oob_top.v:342) (optimized to 0)
'cap_wdata[63]' (rtl\ti60f225_oob_top.v:342) (optimized to 0)
'capture/half[24]' (rtl\sc_capture.v:35) (optimized to 0)
'capture/half[25]' (rtl\sc_capture.v:35) (optimized to 0)
'capture/half[26]' (rtl\sc_capture.v:35) (optimized to 0)
'capture/half[27]' (rtl\sc_capture.v:35) (optimized to 0)
'capture/half[28]' (rtl\sc_capture.v:35) (optimized to 0)
'capture/half[29]' (rtl\sc_capture.v:35) (optimized to 0)
'capture/half[30]' (rtl\sc_capture.v:35) (optimized to 0)
'capture/half[31]' (rtl\sc_capture.v:35) (optimized to 0)
'capture/half[56]' (rtl\sc_capture.v:35) (optimized to 0)
'capture/half[57]' (rtl\sc_capture.v:35) (optimized to 0)
'capture/half[58]' (rtl\sc_capture.v:35) (optimized to 0)
'capture/half[59]' (rtl\sc_capture.v:35) (optimized to 0)
'capture/half[60]' (rtl\sc_capture.v:35) (optimized to 0)
'capture/half[61]' (rtl\sc_capture.v:35) (optimized to 0)
'capture/half[62]' (rtl\sc_capture.v:35) (optimized to 0)
'capture/half[63]' (rtl\sc_capture.v:35) (optimized to 0)
'cap_awaddr[1]' (rtl\ti60f225_oob_top.v:342) (optimized to 0)
'cap_awaddr[2]' (rtl\ti60f225_oob_top.v:342) (optimized to 0)
'cap_awaddr[3]' (rtl\ti60f225_oob_top.v:342) (optimized to 0)
'cap_awaddr[25]' (rtl\ti60f225_oob_top.v:342) (optimized to 0)
'cap_awaddr[26]' (rtl\ti60f225_oob_top.v:342) (optimized to 0)
'cap_awaddr[27]' (rtl\ti60f225_oob_top.v:342) (optimized to 0)
'cap_awaddr[28]' (rtl\ti60f225_oob_top.v:342) (optimized to 0)
'cap_awaddr[29]' (rtl\ti60f225_oob_top.v:342) (optimized to 0)
'cap_awaddr[30]' (rtl\ti60f225_oob_top.v:342) (optimized to 0)
'cap_awaddr[31]' (rtl\ti60f225_oob_top.v:342) (optimized to 0)
'replay/issued[0]' (rtl\sc_replay.v:30) (optimized to 0)
'replay/frame_issued[0]' (rtl\sc_replay.v:30) (optimized to 0)
'ra[0]' (rtl\ti60f225_oob_top.v:448) (optimized to 0)
'replay/issued[1]' (rtl\sc_replay.v:30) (optimized to 0)
'replay/issued[2]' (rtl\sc_replay.v:30) (optimized to 0)
'replay/issued[3]' (rtl\sc_replay.v:30) (optimized to 0)
'replay/frame_issued[1]' (rtl\sc_replay.v:30) (optimized to 0)
'replay/frame_issued[2]' (rtl\sc_replay.v:30) (optimized to 0)
'replay/frame_issued[3]' (rtl\sc_replay.v:30) (optimized to 0)
'ra[1]' (rtl\ti60f225_oob_top.v:448) (optimized to 0)
'ra[2]' (rtl\ti60f225_oob_top.v:448) (optimized to 0)
'ra[3]' (rtl\ti60f225_oob_top.v:448) (optimized to 0)
'cpu/u_EfxSapphireSoc/system_cores_0_logic_cpu/_zz_IBusSimplePlugin_iBusRsp_stages_1_output_m2sPipe_payload[0]' (ip\soc\soc.v:5708) (optimized to 0)
'cpu/u_EfxSapphireSoc/system_cores_0_iBus_cmd_s2mPipe_rData_fragment_address[0]' (ip\soc\soc.v:559) (optimized to 0)
'cpu/u_EfxSapphireSoc/system_cores_0_iBus_cmd_s2mPipe_rData_fragment_opcode[0]' (ip\soc\soc.v:558) (optimized to 0)
'cpu/u_EfxSapphireSoc/system_cores_0_logic_cpu/_zz_IBusSimplePlugin_injector_decodeInput_payload_pc[0]' (ip\soc\soc.v:5724) (optimized to 0)
'cpu/u_EfxSapphireSoc/system_cores_0_logic_cpu/decode_to_execute_PC[0]' (ip\soc\soc.v:5997) (optimized to 0)
'cpu/u_EfxSapphireSoc/system_cores_0_logic_cpu/execute_to_memory_PC[0]' (ip\soc\soc.v:5999) (optimized to 0)
'cpu/u_EfxSapphireSoc/system_cores_0_logic_cpu/memory_to_writeBack_PC[0]' (ip\soc\soc.v:6001) (optimized to 0)
'cpu/u_EfxSapphireSoc/system_cores_0_iBus_cmd_s2mPipe_rData_fragment_address[1]' (ip\soc\soc.v:559) (optimized to 0)
'cap_wdata[88]' (rtl\ti60f225_oob_top.v:342) (optimized to 0)
'cap_wdata[89]' (rtl\ti60f225_oob_top.v:342) (optimized to 0)
'cap_wdata[90]' (rtl\ti60f225_oob_top.v:342) (optimized to 0)
'cap_wdata[91]' (rtl\ti60f225_oob_top.v:342) (optimized to 0)
'cap_wdata[92]' (rtl\ti60f225_oob_top.v:342) (optimized to 0)
'cap_wdata[93]' (rtl\ti60f225_oob_top.v:342) (optimized to 0)
'cap_wdata[94]' (rtl\ti60f225_oob_top.v:342) (optimized to 0)
'cap_wdata[95]' (rtl\ti60f225_oob_top.v:342) (optimized to 0)
'cap_wdata[120]' (rtl\ti60f225_oob_top.v:342) (optimized to 0)
'cap_wdata[121]' (rtl\ti60f225_oob_top.v:342) (optimized to 0)
'cap_wdata[122]' (rtl\ti60f225_oob_top.v:342) (optimized to 0)
'cap_wdata[123]' (rtl\ti60f225_oob_top.v:342) (optimized to 0)
'cap_wdata[124]' (rtl\ti60f225_oob_top.v:342) (optimized to 0)
'cap_wdata[125]' (rtl\ti60f225_oob_top.v:342) (optimized to 0)
'cap_wdata[126]' (rtl\ti60f225_oob_top.v:342) (optimized to 0)
'cap_wdata[127]' (rtl\ti60f225_oob_top.v:342) (optimized to 0)
'input_stalls[0]' (rtl\ti60f225_oob_top.v:459) (unreachable)
'output_stalls[0]' (rtl\ti60f225_oob_top.v:459) (unreachable)
'auto_writes[0]' (rtl\ti60f225_oob_top.v:459) (unreachable)
'auto_errors[0]' (rtl\ti60f225_oob_top.v:459) (unreachable)
'engine/in_writes[0]' (rtl\sc_engine.v:34) (unreachable)
'engine/in_writes[1]' (rtl\sc_engine.v:34) (unreachable)
'engine/in_writes[2]' (rtl\sc_engine.v:34) (unreachable)
'engine/in_writes[3]' (rtl\sc_engine.v:34) (unreachable)
'engine/in_writes[4]' (rtl\sc_engine.v:34) (unreachable)
'engine/in_writes[5]' (rtl\sc_engine.v:34) (unreachable)
'engine/in_writes[6]' (rtl\sc_engine.v:34) (unreachable)
'engine/in_writes[7]' (rtl\sc_engine.v:34) (unreachable)
'engine/in_writes[8]' (rtl\sc_engine.v:34) (unreachable)
'engine/in_writes[9]' (rtl\sc_engine.v:34) (unreachable)
'engine/in_writes[10]' (rtl\sc_engine.v:34) (unreachable)
'engine/in_writes[11]' (rtl\sc_engine.v:34) (unreachable)
'engine/in_writes[12]' (rtl\sc_engine.v:34) (unreachable)
'engine/in_writes[13]' (rtl\sc_engine.v:34) (unreachable)
'engine/in_writes[14]' (rtl\sc_engine.v:34) (unreachable)
'engine/in_writes[15]' (rtl\sc_engine.v:34) (unreachable)
'engine/in_writes[16]' (rtl\sc_engine.v:34) (unreachable)
'engine/in_writes[17]' (rtl\sc_engine.v:34) (unreachable)
'engine/in_writes[18]' (rtl\sc_engine.v:34) (unreachable)
'engine/in_writes[19]' (rtl\sc_engine.v:34) (unreachable)
'engine/in_writes[20]' (rtl\sc_engine.v:34) (unreachable)
'engine/in_writes[21]' (rtl\sc_engine.v:34) (unreachable)
'engine/in_writes[22]' (rtl\sc_engine.v:34) (unreachable)
'engine/in_writes[23]' (rtl\sc_engine.v:34) (unreachable)
'engine/in_writes[24]' (rtl\sc_engine.v:34) (unreachable)
'engine/in_writes[25]' (rtl\sc_engine.v:34) (unreachable)
'engine/in_writes[26]' (rtl\sc_engine.v:34) (unreachable)
'engine/in_writes[27]' (rtl\sc_engine.v:34) (unreachable)
'engine/in_writes[28]' (rtl\sc_engine.v:34) (unreachable)
'engine/in_writes[29]' (rtl\sc_engine.v:34) (unreachable)
'engine/in_writes[30]' (rtl\sc_engine.v:34) (unreachable)
'engine/in_writes[31]' (rtl\sc_engine.v:34) (unreachable)
'input_stalls[1]' (rtl\ti60f225_oob_top.v:459) (unreachable)
'input_stalls[2]' (rtl\ti60f225_oob_top.v:459) (unreachable)
'input_stalls[3]' (rtl\ti60f225_oob_top.v:459) (unreachable)
'input_stalls[4]' (rtl\ti60f225_oob_top.v:459) (unreachable)
'input_stalls[5]' (rtl\ti60f225_oob_top.v:459) (unreachable)
'input_stalls[6]' (rtl\ti60f225_oob_top.v:459) (unreachable)
'input_stalls[7]' (rtl\ti60f225_oob_top.v:459) (unreachable)
'input_stalls[8]' (rtl\ti60f225_oob_top.v:459) (unreachable)
'input_stalls[9]' (rtl\ti60f225_oob_top.v:459) (unreachable)
'input_stalls[10]' (rtl\ti60f225_oob_top.v:459) (unreachable)
'input_stalls[11]' (rtl\ti60f225_oob_top.v:459) (unreachable)
'input_stalls[12]' (rtl\ti60f225_oob_top.v:459) (unreachable)
'input_stalls[13]' (rtl\ti60f225_oob_top.v:459) (unreachable)
'input_stalls[14]' (rtl\ti60f225_oob_top.v:459) (unreachable)
'input_stalls[15]' (rtl\ti60f225_oob_top.v:459) (unreachable)
'input_stalls[16]' (rtl\ti60f225_oob_top.v:459) (unreachable)
'input_stalls[17]' (rtl\ti60f225_oob_top.v:459) (unreachable)
'input_stalls[18]' (rtl\ti60f225_oob_top.v:459) (unreachable)
'input_stalls[19]' (rtl\ti60f225_oob_top.v:459) (unreachable)
'input_stalls[20]' (rtl\ti60f225_oob_top.v:459) (unreachable)
'input_stalls[21]' (rtl\ti60f225_oob_top.v:459) (unreachable)
'input_stalls[22]' (rtl\ti60f225_oob_top.v:459) (unreachable)
'input_stalls[23]' (rtl\ti60f225_oob_top.v:459) (unreachable)
'input_stalls[24]' (rtl\ti60f225_oob_top.v:459) (unreachable)
'input_stalls[25]' (rtl\ti60f225_oob_top.v:459) (unreachable)
'input_stalls[26]' (rtl\ti60f225_oob_top.v:459) (unreachable)
'input_stalls[27]' (rtl\ti60f225_oob_top.v:459) (unreachable)
'input_stalls[28]' (rtl\ti60f225_oob_top.v:459) (unreachable)
'input_stalls[29]' (rtl\ti60f225_oob_top.v:459) (unreachable)
'input_stalls[30]' (rtl\ti60f225_oob_top.v:459) (unreachable)
'input_stalls[31]' (rtl\ti60f225_oob_top.v:459) (unreachable)
'output_stalls[1]' (rtl\ti60f225_oob_top.v:459) (unreachable)
'output_stalls[2]' (rtl\ti60f225_oob_top.v:459) (unreachable)
'output_stalls[3]' (rtl\ti60f225_oob_top.v:459) (unreachable)
'output_stalls[4]' (rtl\ti60f225_oob_top.v:459) (unreachable)
'output_stalls[5]' (rtl\ti60f225_oob_top.v:459) (unreachable)
'output_stalls[6]' (rtl\ti60f225_oob_top.v:459) (unreachable)
'output_stalls[7]' (rtl\ti60f225_oob_top.v:459) (unreachable)
'output_stalls[8]' (rtl\ti60f225_oob_top.v:459) (unreachable)
'output_stalls[9]' (rtl\ti60f225_oob_top.v:459) (unreachable)
'output_stalls[10]' (rtl\ti60f225_oob_top.v:459) (unreachable)
'output_stalls[11]' (rtl\ti60f225_oob_top.v:459) (unreachable)
'output_stalls[12]' (rtl\ti60f225_oob_top.v:459) (unreachable)
'output_stalls[13]' (rtl\ti60f225_oob_top.v:459) (unreachable)
'output_stalls[14]' (rtl\ti60f225_oob_top.v:459) (unreachable)
'output_stalls[15]' (rtl\ti60f225_oob_top.v:459) (unreachable)
'output_stalls[16]' (rtl\ti60f225_oob_top.v:459) (unreachable)
'output_stalls[17]' (rtl\ti60f225_oob_top.v:459) (unreachable)
'output_stalls[18]' (rtl\ti60f225_oob_top.v:459) (unreachable)
'output_stalls[19]' (rtl\ti60f225_oob_top.v:459) (unreachable)
'output_stalls[20]' (rtl\ti60f225_oob_top.v:459) (unreachable)
'output_stalls[21]' (rtl\ti60f225_oob_top.v:459) (unreachable)
'output_stalls[22]' (rtl\ti60f225_oob_top.v:459) (unreachable)
'output_stalls[23]' (rtl\ti60f225_oob_top.v:459) (unreachable)
'output_stalls[24]' (rtl\ti60f225_oob_top.v:459) (unreachable)
'output_stalls[25]' (rtl\ti60f225_oob_top.v:459) (unreachable)
'output_stalls[26]' (rtl\ti60f225_oob_top.v:459) (unreachable)
'output_stalls[27]' (rtl\ti60f225_oob_top.v:459) (unreachable)
'output_stalls[28]' (rtl\ti60f225_oob_top.v:459) (unreachable)
'output_stalls[29]' (rtl\ti60f225_oob_top.v:459) (unreachable)
'output_stalls[30]' (rtl\ti60f225_oob_top.v:459) (unreachable)
'output_stalls[31]' (rtl\ti60f225_oob_top.v:459) (unreachable)
'auto_writes[1]' (rtl\ti60f225_oob_top.v:459) (unreachable)
'auto_writes[2]' (rtl\ti60f225_oob_top.v:459) (unreachable)
'auto_writes[3]' (rtl\ti60f225_oob_top.v:459) (unreachable)
'auto_writes[4]' (rtl\ti60f225_oob_top.v:459) (unreachable)
'auto_writes[5]' (rtl\ti60f225_oob_top.v:459) (unreachable)
'auto_writes[6]' (rtl\ti60f225_oob_top.v:459) (unreachable)
'auto_writes[7]' (rtl\ti60f225_oob_top.v:459) (unreachable)
'auto_writes[8]' (rtl\ti60f225_oob_top.v:459) (unreachable)
'auto_writes[9]' (rtl\ti60f225_oob_top.v:459) (unreachable)
'auto_writes[10]' (rtl\ti60f225_oob_top.v:459) (unreachable)
'auto_writes[11]' (rtl\ti60f225_oob_top.v:459) (unreachable)
'auto_writes[12]' (rtl\ti60f225_oob_top.v:459) (unreachable)
'auto_writes[13]' (rtl\ti60f225_oob_top.v:459) (unreachable)
'auto_writes[14]' (rtl\ti60f225_oob_top.v:459) (unreachable)
'auto_writes[15]' (rtl\ti60f225_oob_top.v:459) (unreachable)
'auto_writes[16]' (rtl\ti60f225_oob_top.v:459) (unreachable)
'auto_writes[17]' (rtl\ti60f225_oob_top.v:459) (unreachable)
'auto_writes[18]' (rtl\ti60f225_oob_top.v:459) (unreachable)
'auto_writes[19]' (rtl\ti60f225_oob_top.v:459) (unreachable)
'auto_writes[20]' (rtl\ti60f225_oob_top.v:459) (unreachable)
'auto_writes[21]' (rtl\ti60f225_oob_top.v:459) (unreachable)
'auto_writes[22]' (rtl\ti60f225_oob_top.v:459) (unreachable)
'auto_writes[23]' (rtl\ti60f225_oob_top.v:459) (unreachable)
'auto_writes[24]' (rtl\ti60f225_oob_top.v:459) (unreachable)
'auto_writes[25]' (rtl\ti60f225_oob_top.v:459) (unreachable)
'auto_writes[26]' (rtl\ti60f225_oob_top.v:459) (unreachable)
'auto_writes[27]' (rtl\ti60f225_oob_top.v:459) (unreachable)
'auto_writes[28]' (rtl\ti60f225_oob_top.v:459) (unreachable)
'auto_writes[29]' (rtl\ti60f225_oob_top.v:459) (unreachable)
'auto_writes[30]' (rtl\ti60f225_oob_top.v:459) (unreachable)
'auto_writes[31]' (rtl\ti60f225_oob_top.v:459) (unreachable)
'auto_errors[1]' (rtl\ti60f225_oob_top.v:459) (unreachable)
'auto_errors[2]' (rtl\ti60f225_oob_top.v:459) (unreachable)
'auto_errors[3]' (rtl\ti60f225_oob_top.v:459) (unreachable)
'auto_errors[4]' (rtl\ti60f225_oob_top.v:459) (unreachable)
'auto_errors[5]' (rtl\ti60f225_oob_top.v:459) (unreachable)
'auto_errors[6]' (rtl\ti60f225_oob_top.v:459) (unreachable)
'auto_errors[7]' (rtl\ti60f225_oob_top.v:459) (unreachable)
'auto_errors[8]' (rtl\ti60f225_oob_top.v:459) (unreachable)
'auto_errors[9]' (rtl\ti60f225_oob_top.v:459) (unreachable)
'auto_errors[10]' (rtl\ti60f225_oob_top.v:459) (unreachable)
'auto_errors[11]' (rtl\ti60f225_oob_top.v:459) (unreachable)
'auto_errors[12]' (rtl\ti60f225_oob_top.v:459) (unreachable)
'auto_errors[13]' (rtl\ti60f225_oob_top.v:459) (unreachable)
'auto_errors[14]' (rtl\ti60f225_oob_top.v:459) (unreachable)
'auto_errors[15]' (rtl\ti60f225_oob_top.v:459) (unreachable)
'auto_errors[16]' (rtl\ti60f225_oob_top.v:459) (unreachable)
'auto_errors[17]' (rtl\ti60f225_oob_top.v:459) (unreachable)
'auto_errors[18]' (rtl\ti60f225_oob_top.v:459) (unreachable)
'auto_errors[19]' (rtl\ti60f225_oob_top.v:459) (unreachable)
'auto_errors[20]' (rtl\ti60f225_oob_top.v:459) (unreachable)
'auto_errors[21]' (rtl\ti60f225_oob_top.v:459) (unreachable)
'auto_errors[22]' (rtl\ti60f225_oob_top.v:459) (unreachable)
'auto_errors[23]' (rtl\ti60f225_oob_top.v:459) (unreachable)
'auto_errors[24]' (rtl\ti60f225_oob_top.v:459) (unreachable)
'auto_errors[25]' (rtl\ti60f225_oob_top.v:459) (unreachable)
'auto_errors[26]' (rtl\ti60f225_oob_top.v:459) (unreachable)
'auto_errors[27]' (rtl\ti60f225_oob_top.v:459) (unreachable)
'auto_errors[28]' (rtl\ti60f225_oob_top.v:459) (unreachable)
'auto_errors[29]' (rtl\ti60f225_oob_top.v:459) (unreachable)
'auto_errors[30]' (rtl\ti60f225_oob_top.v:459) (unreachable)
'auto_errors[31]' (rtl\ti60f225_oob_top.v:459) (unreachable)
'camera_format_errors[0]' (rtl\ti60f225_oob_top.v:350) (unreachable)
'preprocess/samples[2]' (rtl\sc_camera_rgb.v:14) (unreachable)
'preprocess/samples[3]' (rtl\sc_camera_rgb.v:14) (unreachable)
'preprocess/samples[4]' (rtl\sc_camera_rgb.v:14) (unreachable)
'preprocess/samples[5]' (rtl\sc_camera_rgb.v:14) (unreachable)
'preprocess/samples[6]' (rtl\sc_camera_rgb.v:14) (unreachable)
'preprocess/samples[7]' (rtl\sc_camera_rgb.v:14) (unreachable)
'preprocess/samples[8]' (rtl\sc_camera_rgb.v:14) (unreachable)
'preprocess/samples[9]' (rtl\sc_camera_rgb.v:14) (unreachable)
'preprocess/samples[10]' (rtl\sc_camera_rgb.v:14) (unreachable)
'preprocess/samples[11]' (rtl\sc_camera_rgb.v:14) (unreachable)
'preprocess/samples[12]' (rtl\sc_camera_rgb.v:14) (unreachable)
'preprocess/samples[13]' (rtl\sc_camera_rgb.v:14) (unreachable)
'preprocess/samples[14]' (rtl\sc_camera_rgb.v:14) (unreachable)
'preprocess/samples[15]' (rtl\sc_camera_rgb.v:14) (unreachable)
'preprocess/samples[16]' (rtl\sc_camera_rgb.v:14) (unreachable)
'preprocess/samples[17]' (rtl\sc_camera_rgb.v:14) (unreachable)
'preprocess/samples[18]' (rtl\sc_camera_rgb.v:14) (unreachable)
'preprocess/samples[19]' (rtl\sc_camera_rgb.v:14) (unreachable)
'preprocess/samples[20]' (rtl\sc_camera_rgb.v:14) (unreachable)
'preprocess/samples[21]' (rtl\sc_camera_rgb.v:14) (unreachable)
'preprocess/samples[22]' (rtl\sc_camera_rgb.v:14) (unreachable)
'preprocess/samples[23]' (rtl\sc_camera_rgb.v:14) (unreachable)
'preprocess/samples[24]' (rtl\sc_camera_rgb.v:14) (unreachable)
'preprocess/samples[25]' (rtl\sc_camera_rgb.v:14) (unreachable)
'preprocess/samples[26]' (rtl\sc_camera_rgb.v:14) (unreachable)
'preprocess/samples[27]' (rtl\sc_camera_rgb.v:14) (unreachable)
'preprocess/samples[28]' (rtl\sc_camera_rgb.v:14) (unreachable)
'preprocess/samples[29]' (rtl\sc_camera_rgb.v:14) (unreachable)
'preprocess/samples[30]' (rtl\sc_camera_rgb.v:14) (unreachable)
'preprocess/samples[31]' (rtl\sc_camera_rgb.v:14) (unreachable)
'camera_format_errors[1]' (rtl\ti60f225_oob_top.v:350) (unreachable)
'camera_format_errors[2]' (rtl\ti60f225_oob_top.v:350) (unreachable)
'camera_format_errors[3]' (rtl\ti60f225_oob_top.v:350) (unreachable)
'camera_format_errors[4]' (rtl\ti60f225_oob_top.v:350) (unreachable)
'camera_format_errors[5]' (rtl\ti60f225_oob_top.v:350) (unreachable)
'camera_format_errors[6]' (rtl\ti60f225_oob_top.v:350) (unreachable)
'camera_format_errors[7]' (rtl\ti60f225_oob_top.v:350) (unreachable)
'camera_format_errors[8]' (rtl\ti60f225_oob_top.v:350) (unreachable)
'camera_format_errors[9]' (rtl\ti60f225_oob_top.v:350) (unreachable)
'camera_format_errors[10]' (rtl\ti60f225_oob_top.v:350) (unreachable)
'camera_format_errors[11]' (rtl\ti60f225_oob_top.v:350) (unreachable)
'camera_format_errors[12]' (rtl\ti60f225_oob_top.v:350) (unreachable)
'camera_format_errors[13]' (rtl\ti60f225_oob_top.v:350) (unreachable)
'camera_format_errors[14]' (rtl\ti60f225_oob_top.v:350) (unreachable)
'camera_format_errors[15]' (rtl\ti60f225_oob_top.v:350) (unreachable)
'camera_format_errors[16]' (rtl\ti60f225_oob_top.v:350) (unreachable)
'camera_format_errors[17]' (rtl\ti60f225_oob_top.v:350) (unreachable)
'camera_format_errors[18]' (rtl\ti60f225_oob_top.v:350) (unreachable)
'camera_format_errors[19]' (rtl\ti60f225_oob_top.v:350) (unreachable)
'camera_format_errors[20]' (rtl\ti60f225_oob_top.v:350) (unreachable)
'camera_format_errors[21]' (rtl\ti60f225_oob_top.v:350) (unreachable)
'camera_format_errors[22]' (rtl\ti60f225_oob_top.v:350) (unreachable)
'camera_format_errors[23]' (rtl\ti60f225_oob_top.v:350) (unreachable)
'camera_format_errors[24]' (rtl\ti60f225_oob_top.v:350) (unreachable)
'camera_format_errors[25]' (rtl\ti60f225_oob_top.v:350) (unreachable)
'camera_format_errors[26]' (rtl\ti60f225_oob_top.v:350) (unreachable)
'camera_format_errors[27]' (rtl\ti60f225_oob_top.v:350) (unreachable)
'camera_format_errors[28]' (rtl\ti60f225_oob_top.v:350) (unreachable)
'camera_format_errors[29]' (rtl\ti60f225_oob_top.v:350) (unreachable)
'camera_format_errors[30]' (rtl\ti60f225_oob_top.v:350) (unreachable)
'camera_format_errors[31]' (rtl\ti60f225_oob_top.v:350) (unreachable)
'display/read_frames[0]' (rtl\sc_display.v:170) (unreachable)
'display/hash[0]' (rtl\sc_display.v:170) (unreachable)
'display/read_frames[1]' (rtl\sc_display.v:170) (unreachable)
'display/read_frames[2]' (rtl\sc_display.v:170) (unreachable)
'display/read_frames[3]' (rtl\sc_display.v:170) (unreachable)
'display/read_frames[4]' (rtl\sc_display.v:170) (unreachable)
'display/read_frames[5]' (rtl\sc_display.v:170) (unreachable)
'display/read_frames[6]' (rtl\sc_display.v:170) (unreachable)
'display/read_frames[7]' (rtl\sc_display.v:170) (unreachable)
'display/read_frames[8]' (rtl\sc_display.v:170) (unreachable)
'display/read_frames[9]' (rtl\sc_display.v:170) (unreachable)
'display/read_frames[10]' (rtl\sc_display.v:170) (unreachable)
'display/read_frames[11]' (rtl\sc_display.v:170) (unreachable)
'display/read_frames[12]' (rtl\sc_display.v:170) (unreachable)
'display/read_frames[13]' (rtl\sc_display.v:170) (unreachable)
'display/read_frames[14]' (rtl\sc_display.v:170) (unreachable)
'display/read_frames[15]' (rtl\sc_display.v:170) (unreachable)
'display/read_frames[16]' (rtl\sc_display.v:170) (unreachable)
'display/read_frames[17]' (rtl\sc_display.v:170) (unreachable)
'display/read_frames[18]' (rtl\sc_display.v:170) (unreachable)
'display/read_frames[19]' (rtl\sc_display.v:170) (unreachable)
'display/read_frames[20]' (rtl\sc_display.v:170) (unreachable)
'display/read_frames[21]' (rtl\sc_display.v:170) (unreachable)
'display/read_frames[22]' (rtl\sc_display.v:170) (unreachable)
'display/read_frames[23]' (rtl\sc_display.v:170) (unreachable)
'display/read_frames[24]' (rtl\sc_display.v:170) (unreachable)
'display/read_frames[25]' (rtl\sc_display.v:170) (unreachable)
'display/read_frames[26]' (rtl\sc_display.v:170) (unreachable)
'display/read_frames[27]' (rtl\sc_display.v:170) (unreachable)
'display/read_frames[28]' (rtl\sc_display.v:170) (unreachable)
'display/read_frames[29]' (rtl\sc_display.v:170) (unreachable)
'display/read_frames[30]' (rtl\sc_display.v:170) (unreachable)
'display/read_frames[31]' (rtl\sc_display.v:170) (unreachable)
'display/hash[1]' (rtl\sc_display.v:170) (unreachable)
'display/hash[2]' (rtl\sc_display.v:170) (unreachable)
'display/hash[3]' (rtl\sc_display.v:170) (unreachable)
'display/hash[4]' (rtl\sc_display.v:170) (unreachable)
'display/hash[5]' (rtl\sc_display.v:170) (unreachable)
'display/hash[6]' (rtl\sc_display.v:170) (unreachable)
'display/hash[7]' (rtl\sc_display.v:170) (unreachable)
'display/hash[8]' (rtl\sc_display.v:170) (unreachable)
'display/hash[9]' (rtl\sc_display.v:170) (unreachable)
'display/hash[10]' (rtl\sc_display.v:170) (unreachable)
'display/hash[11]' (rtl\sc_display.v:170) (unreachable)
'display/hash[12]' (rtl\sc_display.v:170) (unreachable)
'display/hash[13]' (rtl\sc_display.v:170) (unreachable)
'display/hash[14]' (rtl\sc_display.v:170) (unreachable)
'display/hash[15]' (rtl\sc_display.v:170) (unreachable)
'display/hash[16]' (rtl\sc_display.v:170) (unreachable)
'display/hash[17]' (rtl\sc_display.v:170) (unreachable)
'display/hash[18]' (rtl\sc_display.v:170) (unreachable)
'display/hash[19]' (rtl\sc_display.v:170) (unreachable)
'display/hash[20]' (rtl\sc_display.v:170) (unreachable)
'display/hash[21]' (rtl\sc_display.v:170) (unreachable)
'display/hash[22]' (rtl\sc_display.v:170) (unreachable)
'display/hash[23]' (rtl\sc_display.v:170) (unreachable)
'display/hash[24]' (rtl\sc_display.v:170) (unreachable)
'display/hash[25]' (rtl\sc_display.v:170) (unreachable)
'display/hash[26]' (rtl\sc_display.v:170) (unreachable)
'display/hash[27]' (rtl\sc_display.v:170) (unreachable)
'display/hash[28]' (rtl\sc_display.v:170) (unreachable)
'display/hash[29]' (rtl\sc_display.v:170) (unreachable)
'display/hash[30]' (rtl\sc_display.v:170) (unreachable)
'display/hash[31]' (rtl\sc_display.v:170) (unreachable)
'capture/fifo/rg[9]' (rtl\sc_async_fifo.v:7) (merged to equivalence)
'capture/fifo/wg[9]' (rtl\sc_async_fifo.v:7) (merged to equivalence)
'display/upload_fifo/rg[6]' (rtl\sc_async_fifo.v:7) (merged to equivalence)
'engine/state[1]' (rtl\sc_engine.v:20) (merged to equivalence)
'engine/net/u_l12/g_k3.g_lb2.u_swg/prow[16]' (rtl\swg3b.v:47) (merged to equivalence)
'engine/net/u_l8/g_k3.g_lb2.u_swg/prow[16]' (rtl\swg3b.v:47) (merged to equivalence)
'engine/net/u_l6/g_k3.g_lb2.u_swg/prow[16]' (rtl\swg3b.v:47) (merged to equivalence)
'engine/net/u_l4/g_k3.g_lb2.u_swg/prow[16]' (rtl\swg3b.v:47) (merged to equivalence)
'engine/net/u_l2/g_k3.g_lb2.u_swg/prow[16]' (rtl\swg3b.v:47) (merged to equivalence)
'replay/fifo/rg[6]' (rtl\sc_async_fifo.v:7) (merged to equivalence)
'replay/fifo/wg[6]' (rtl\sc_async_fifo.v:7) (merged to equivalence)
'engine/net/u_l0/u_rq/v1' (rtl\requant.v:92) (merged to equivalence)
'engine/net/u_l1/u_rq/v1' (rtl\requant.v:92) (merged to equivalence)
'engine/net/u_l2/u_rq/v1' (rtl\requant.v:92) (merged to equivalence)
'engine/net/u_l3/u_rq/v1' (rtl\requant.v:92) (merged to equivalence)
'engine/net/u_l4/u_rq/v1' (rtl\requant.v:92) (merged to equivalence)
'engine/net/u_l5/u_rq/v1' (rtl\requant.v:92) (merged to equivalence)
'engine/net/u_l6/u_rq/v1' (rtl\requant.v:92) (merged to equivalence)
'engine/net/u_l7/u_rq/v1' (rtl\requant.v:92) (merged to equivalence)
'engine/net/u_l8/u_rq/v1' (rtl\requant.v:92) (merged to equivalence)
'engine/net/u_l9/u_rq/v1' (rtl\requant.v:92) (merged to equivalence)
'engine/net/u_l10/u_rq/v1' (rtl\requant.v:92) (merged to equivalence)
'engine/net/u_l11/u_rq/v1' (rtl\requant.v:92) (merged to equivalence)
'engine/net/u_l12/u_rq/v1' (rtl\requant.v:92) (merged to equivalence)
'display/display_fifo/wg[9]' (rtl\sc_async_fifo.v:7) (merged to equivalence)
'capture/over_gray[31]' (rtl\sc_capture.v:17) (merged to equivalence)
'cpu/u_EfxSapphireSoc/system_cores_0_logic_cpu/decode_to_execute_ALU_BITWISE_CTRL[1]' (ip\soc\soc.v:6055) (merged to equivalence)
'display/display_fifo/rg[9]' (rtl\sc_async_fifo.v:7) (merged to equivalence)
'display/request_mode[1]' (rtl\sc_display.v:81) (merged to equivalence)
'display/request_mode[0]' (rtl\sc_display.v:81) (merged to equivalence)
'u_ddr3_top/u_phy_top/phy_bank[7]' (rtl\ddr3_controller\phy_ctl\phy_ctl.v:147) (merged to equivalence)
'u_ddr3_top/u_phy_top/phy_bank[9]' (rtl\ddr3_controller\phy_ctl\phy_ctl.v:147) (merged to equivalence)
'u_ddr3_top/u_phy_top/phy_bank[10]' (rtl\ddr3_controller\phy_ctl\phy_ctl.v:147) (merged to equivalence)
'u_ddr3_top/u_phy_top/calib_ctl_wren' (rtl\ddr3_controller\phy_ctl\phy_ctl.v:160) (merged to equivalence)
'engine/net/u_l0/u_rq/c_hi[0]' (rtl\requant.v:83) (merged to equivalence)
'engine/net/u_l0/u_rq/b2[32]' (rtl\requant.v:97) (merged to equivalence)
'engine/net/u_l0/u_rq/b2[33]' (rtl\requant.v:97) (merged to equivalence)
'engine/net/u_l0/u_rq/b2[34]' (rtl\requant.v:97) (merged to equivalence)
'engine/net/u_l0/u_rq/b2[35]' (rtl\requant.v:97) (merged to equivalence)
'engine/net/u_l0/u_rq/b2[36]' (rtl\requant.v:97) (merged to equivalence)
'engine/net/u_l0/u_rq/b2[37]' (rtl\requant.v:97) (merged to equivalence)
'engine/net/u_l0/u_rq/b2[38]' (rtl\requant.v:97) (merged to equivalence)
'engine/net/u_l0/u_rq/b2[39]' (rtl\requant.v:97) (merged to equivalence)
'engine/net/u_l0/u_rq/c_hi[1]' (rtl\requant.v:83) (merged to equivalence)
'engine/net/u_l0/u_rq/c_hi[2]' (rtl\requant.v:83) (merged to equivalence)
'engine/net/u_l0/u_rq/c_hi[3]' (rtl\requant.v:83) (merged to equivalence)
'engine/net/u_l0/u_rq/c_hi[4]' (rtl\requant.v:83) (merged to equivalence)
'engine/net/u_l0/u_rq/c_hi[5]' (rtl\requant.v:83) (merged to equivalence)
'engine/net/u_l0/u_rq/c_hi[6]' (rtl\requant.v:83) (merged to equivalence)
'engine/net/u_l0/u_rq/c_hi[7]' (rtl\requant.v:83) (merged to equivalence)
'engine/net/u_l0/u_rq/c_hi[8]' (rtl\requant.v:83) (merged to equivalence)
'engine/net/u_l0/u_rq/c_hi[9]' (rtl\requant.v:83) (merged to equivalence)
'engine/net/u_l0/u_rq/c_hi[10]' (rtl\requant.v:83) (merged to equivalence)
'engine/net/u_l0/u_rq/c_hi[11]' (rtl\requant.v:83) (merged to equivalence)
'engine/net/u_l0/u_rq/c_hi[12]' (rtl\requant.v:83) (merged to equivalence)
'engine/net/u_l0/u_rq/c_hi[13]' (rtl\requant.v:83) (merged to equivalence)
'engine/net/u_l0/u_rq/c_hi[14]' (rtl\requant.v:83) (merged to equivalence)
'engine/net/u_l0/u_rq/c_hi[15]' (rtl\requant.v:83) (merged to equivalence)
'engine/net/u_l0/u_rq/c_hi[16]' (rtl\requant.v:83) (merged to equivalence)
'engine/net/u_l0/u_rq/c_hi[17]' (rtl\requant.v:83) (merged to equivalence)
'engine/net/u_l0/u_rq/c_hi[18]' (rtl\requant.v:83) (merged to equivalence)
'engine/net/u_l0/u_rq/p2[37]' (rtl\requant.v:97) (merged to equivalence)
'engine/net/u_l0/u_rq/p2[38]' (rtl\requant.v:97) (merged to equivalence)
'engine/net/u_l0/u_rq/p2[39]' (rtl\requant.v:97) (merged to equivalence)
'engine/net/u_l1/u_rq/c_hi[0]' (rtl\requant.v:83) (merged to equivalence)
'engine/net/u_l1/u_rq/b2[33]' (rtl\requant.v:97) (merged to equivalence)
'engine/net/u_l1/u_rq/b2[34]' (rtl\requant.v:97) (merged to equivalence)
'engine/net/u_l1/u_rq/b2[35]' (rtl\requant.v:97) (merged to equivalence)
'engine/net/u_l1/u_rq/b2[36]' (rtl\requant.v:97) (merged to equivalence)
'engine/net/u_l1/u_rq/b2[37]' (rtl\requant.v:97) (merged to equivalence)
'engine/net/u_l1/u_rq/b2[38]' (rtl\requant.v:97) (merged to equivalence)
'engine/net/u_l1/u_rq/b2[39]' (rtl\requant.v:97) (merged to equivalence)
'engine/net/u_l1/u_rq/c_hi[1]' (rtl\requant.v:83) (merged to equivalence)
'engine/net/u_l1/u_rq/c_hi[2]' (rtl\requant.v:83) (merged to equivalence)
'engine/net/u_l1/u_rq/c_hi[3]' (rtl\requant.v:83) (merged to equivalence)
'engine/net/u_l1/u_rq/c_hi[4]' (rtl\requant.v:83) (merged to equivalence)
'engine/net/u_l1/u_rq/c_hi[5]' (rtl\requant.v:83) (merged to equivalence)
'engine/net/u_l1/u_rq/c_hi[6]' (rtl\requant.v:83) (merged to equivalence)
'engine/net/u_l1/u_rq/c_hi[7]' (rtl\requant.v:83) (merged to equivalence)
'engine/net/u_l1/u_rq/c_hi[8]' (rtl\requant.v:83) (merged to equivalence)
'engine/net/u_l1/u_rq/c_hi[9]' (rtl\requant.v:83) (merged to equivalence)
'engine/net/u_l1/u_rq/c_hi[10]' (rtl\requant.v:83) (merged to equivalence)
'engine/net/u_l1/u_rq/c_hi[11]' (rtl\requant.v:83) (merged to equivalence)
'engine/net/u_l1/u_rq/c_hi[12]' (rtl\requant.v:83) (merged to equivalence)
'engine/net/u_l1/u_rq/c_hi[13]' (rtl\requant.v:83) (merged to equivalence)
'engine/net/u_l1/u_rq/c_hi[14]' (rtl\requant.v:83) (merged to equivalence)
'engine/net/u_l1/u_rq/c_hi[15]' (rtl\requant.v:83) (merged to equivalence)
'engine/net/u_l1/u_rq/c_hi[16]' (rtl\requant.v:83) (merged to equivalence)
'engine/net/u_l1/u_rq/c_hi[17]' (rtl\requant.v:83) (merged to equivalence)
'engine/net/u_l1/u_rq/c_hi[18]' (rtl\requant.v:83) (merged to equivalence)
'engine/net/u_l1/u_rq/p2[37]' (rtl\requant.v:97) (merged to equivalence)
'engine/net/u_l1/u_rq/p2[38]' (rtl\requant.v:97) (merged to equivalence)
'engine/net/u_l1/u_rq/p2[39]' (rtl\requant.v:97) (merged to equivalence)
'engine/net/u_l2/u_rq/c_hi[0]' (rtl\requant.v:83) (merged to equivalence)
'engine/net/u_l2/u_rq/b2[29]' (rtl\requant.v:97) (merged to equivalence)
'engine/net/u_l2/u_rq/b2[30]' (rtl\requant.v:97) (merged to equivalence)
'engine/net/u_l2/u_rq/b2[31]' (rtl\requant.v:97) (merged to equivalence)
'engine/net/u_l2/u_rq/b2[32]' (rtl\requant.v:97) (merged to equivalence)
'engine/net/u_l2/u_rq/b2[33]' (rtl\requant.v:97) (merged to equivalence)
'engine/net/u_l2/u_rq/b2[34]' (rtl\requant.v:97) (merged to equivalence)
'engine/net/u_l2/u_rq/b2[35]' (rtl\requant.v:97) (merged to equivalence)
'engine/net/u_l2/u_rq/b2[36]' (rtl\requant.v:97) (merged to equivalence)
'engine/net/u_l2/u_rq/b2[37]' (rtl\requant.v:97) (merged to equivalence)
'engine/net/u_l2/u_rq/b2[38]' (rtl\requant.v:97) (merged to equivalence)
'engine/net/u_l2/u_rq/b2[39]' (rtl\requant.v:97) (merged to equivalence)
'engine/net/u_l2/u_rq/c_hi[1]' (rtl\requant.v:83) (merged to equivalence)
'engine/net/u_l2/u_rq/c_hi[2]' (rtl\requant.v:83) (merged to equivalence)
'engine/net/u_l2/u_rq/c_hi[3]' (rtl\requant.v:83) (merged to equivalence)
'engine/net/u_l2/u_rq/c_hi[4]' (rtl\requant.v:83) (merged to equivalence)
'engine/net/u_l2/u_rq/c_hi[5]' (rtl\requant.v:83) (merged to equivalence)
'engine/net/u_l2/u_rq/c_hi[6]' (rtl\requant.v:83) (merged to equivalence)
'engine/net/u_l2/u_rq/c_hi[7]' (rtl\requant.v:83) (merged to equivalence)
'engine/net/u_l2/u_rq/c_hi[8]' (rtl\requant.v:83) (merged to equivalence)
'engine/net/u_l2/u_rq/c_hi[9]' (rtl\requant.v:83) (merged to equivalence)
'engine/net/u_l2/u_rq/c_hi[10]' (rtl\requant.v:83) (merged to equivalence)
'engine/net/u_l2/u_rq/c_hi[11]' (rtl\requant.v:83) (merged to equivalence)
'engine/net/u_l2/u_rq/c_hi[12]' (rtl\requant.v:83) (merged to equivalence)
'engine/net/u_l2/u_rq/c_hi[13]' (rtl\requant.v:83) (merged to equivalence)
'engine/net/u_l2/u_rq/c_hi[14]' (rtl\requant.v:83) (merged to equivalence)
'engine/net/u_l2/u_rq/c_hi[15]' (rtl\requant.v:83) (merged to equivalence)
'engine/net/u_l2/u_rq/c_hi[16]' (rtl\requant.v:83) (merged to equivalence)
'engine/net/u_l2/u_rq/c_hi[17]' (rtl\requant.v:83) (merged to equivalence)
'engine/net/u_l2/u_rq/c_hi[18]' (rtl\requant.v:83) (merged to equivalence)
'engine/net/u_l2/u_rq/p2[37]' (rtl\requant.v:97) (merged to equivalence)
'engine/net/u_l2/u_rq/p2[38]' (rtl\requant.v:97) (merged to equivalence)
'engine/net/u_l2/u_rq/p2[39]' (rtl\requant.v:97) (merged to equivalence)
'engine/net/u_l3/u_rq/k2[27]' (rtl\requant.v:97) (merged to equivalence)
'engine/net/u_l3/u_rq/k2[28]' (rtl\requant.v:97) (merged to equivalence)
'engine/net/u_l3/u_rq/k2[29]' (rtl\requant.v:97) (merged to equivalence)
'engine/net/u_l3/u_rq/k2[30]' (rtl\requant.v:97) (merged to equivalence)
'engine/net/u_l3/u_rq/k2[31]' (rtl\requant.v:97) (merged to equivalence)
'engine/net/u_l3/u_rq/k2[32]' (rtl\requant.v:97) (merged to equivalence)
'engine/net/u_l3/u_rq/k2[33]' (rtl\requant.v:97) (merged to equivalence)
'engine/net/u_l3/u_rq/k2[34]' (rtl\requant.v:97) (merged to equivalence)
'engine/net/u_l3/u_rq/k2[35]' (rtl\requant.v:97) (merged to equivalence)
'engine/net/u_l3/u_rq/k2[36]' (rtl\requant.v:97) (merged to equivalence)
'engine/net/u_l3/u_rq/k2[37]' (rtl\requant.v:97) (merged to equivalence)
'engine/net/u_l3/u_rq/k2[38]' (rtl\requant.v:97) (merged to equivalence)
'engine/net/u_l3/u_rq/k2[39]' (rtl\requant.v:97) (merged to equivalence)
'engine/net/u_l3/u_rq/c_hi[0]' (rtl\requant.v:83) (merged to equivalence)
'engine/net/u_l3/u_rq/b2[29]' (rtl\requant.v:97) (merged to equivalence)
'engine/net/u_l3/u_rq/b2[30]' (rtl\requant.v:97) (merged to equivalence)
'engine/net/u_l3/u_rq/b2[31]' (rtl\requant.v:97) (merged to equivalence)
'engine/net/u_l3/u_rq/b2[32]' (rtl\requant.v:97) (merged to equivalence)
'engine/net/u_l3/u_rq/b2[33]' (rtl\requant.v:97) (merged to equivalence)
'engine/net/u_l3/u_rq/b2[34]' (rtl\requant.v:97) (merged to equivalence)
'engine/net/u_l3/u_rq/b2[35]' (rtl\requant.v:97) (merged to equivalence)
'engine/net/u_l3/u_rq/b2[36]' (rtl\requant.v:97) (merged to equivalence)
'engine/net/u_l3/u_rq/b2[37]' (rtl\requant.v:97) (merged to equivalence)
'engine/net/u_l3/u_rq/b2[38]' (rtl\requant.v:97) (merged to equivalence)
'engine/net/u_l3/u_rq/b2[39]' (rtl\requant.v:97) (merged to equivalence)
'engine/net/u_l3/u_rq/c_hi[1]' (rtl\requant.v:83) (merged to equivalence)
'engine/net/u_l3/u_rq/c_hi[2]' (rtl\requant.v:83) (merged to equivalence)
'engine/net/u_l3/u_rq/c_hi[3]' (rtl\requant.v:83) (merged to equivalence)
'engine/net/u_l3/u_rq/c_hi[4]' (rtl\requant.v:83) (merged to equivalence)
'engine/net/u_l3/u_rq/c_hi[5]' (rtl\requant.v:83) (merged to equivalence)
'engine/net/u_l3/u_rq/c_hi[6]' (rtl\requant.v:83) (merged to equivalence)
'engine/net/u_l3/u_rq/c_hi[7]' (rtl\requant.v:83) (merged to equivalence)
'engine/net/u_l3/u_rq/c_hi[8]' (rtl\requant.v:83) (merged to equivalence)
'engine/net/u_l3/u_rq/c_hi[9]' (rtl\requant.v:83) (merged to equivalence)
'engine/net/u_l3/u_rq/c_hi[10]' (rtl\requant.v:83) (merged to equivalence)
'engine/net/u_l3/u_rq/c_hi[11]' (rtl\requant.v:83) (merged to equivalence)
'engine/net/u_l3/u_rq/c_hi[12]' (rtl\requant.v:83) (merged to equivalence)
'engine/net/u_l3/u_rq/c_hi[13]' (rtl\requant.v:83) (merged to equivalence)
'engine/net/u_l3/u_rq/c_hi[14]' (rtl\requant.v:83) (merged to equivalence)
'engine/net/u_l3/u_rq/c_hi[15]' (rtl\requant.v:83) (merged to equivalence)
'engine/net/u_l3/u_rq/c_hi[16]' (rtl\requant.v:83) (merged to equivalence)
'engine/net/u_l3/u_rq/c_hi[17]' (rtl\requant.v:83) (merged to equivalence)
'engine/net/u_l3/u_rq/c_hi[18]' (rtl\requant.v:83) (merged to equivalence)
'engine/net/u_l3/u_rq/p2[37]' (rtl\requant.v:97) (merged to equivalence)
'engine/net/u_l3/u_rq/p2[38]' (rtl\requant.v:97) (merged to equivalence)
'engine/net/u_l3/u_rq/p2[39]' (rtl\requant.v:97) (merged to equivalence)
'engine/net/u_l4/u_rq/c_hi[0]' (rtl\requant.v:83) (merged to equivalence)
'engine/net/u_l4/u_rq/b2[31]' (rtl\requant.v:97) (merged to equivalence)
'engine/net/u_l4/u_rq/b2[32]' (rtl\requant.v:97) (merged to equivalence)
'engine/net/u_l4/u_rq/b2[33]' (rtl\requant.v:97) (merged to equivalence)
'engine/net/u_l4/u_rq/b2[34]' (rtl\requant.v:97) (merged to equivalence)
'engine/net/u_l4/u_rq/b2[35]' (rtl\requant.v:97) (merged to equivalence)
'engine/net/u_l4/u_rq/b2[36]' (rtl\requant.v:97) (merged to equivalence)
'engine/net/u_l4/u_rq/b2[37]' (rtl\requant.v:97) (merged to equivalence)
'engine/net/u_l4/u_rq/b2[38]' (rtl\requant.v:97) (merged to equivalence)
'engine/net/u_l4/u_rq/b2[39]' (rtl\requant.v:97) (merged to equivalence)
'engine/net/u_l4/u_rq/c_hi[1]' (rtl\requant.v:83) (merged to equivalence)
'engine/net/u_l4/u_rq/c_hi[2]' (rtl\requant.v:83) (merged to equivalence)
'engine/net/u_l4/u_rq/c_hi[3]' (rtl\requant.v:83) (merged to equivalence)
'engine/net/u_l4/u_rq/c_hi[4]' (rtl\requant.v:83) (merged to equivalence)
'engine/net/u_l4/u_rq/c_hi[5]' (rtl\requant.v:83) (merged to equivalence)
'engine/net/u_l4/u_rq/c_hi[6]' (rtl\requant.v:83) (merged to equivalence)
'engine/net/u_l4/u_rq/c_hi[7]' (rtl\requant.v:83) (merged to equivalence)
'engine/net/u_l4/u_rq/c_hi[8]' (rtl\requant.v:83) (merged to equivalence)
'engine/net/u_l4/u_rq/c_hi[9]' (rtl\requant.v:83) (merged to equivalence)
'engine/net/u_l4/u_rq/c_hi[10]' (rtl\requant.v:83) (merged to equivalence)
'engine/net/u_l4/u_rq/c_hi[11]' (rtl\requant.v:83) (merged to equivalence)
'engine/net/u_l4/u_rq/c_hi[12]' (rtl\requant.v:83) (merged to equivalence)
'engine/net/u_l4/u_rq/c_hi[13]' (rtl\requant.v:83) (merged to equivalence)
'engine/net/u_l4/u_rq/c_hi[14]' (rtl\requant.v:83) (merged to equivalence)
'engine/net/u_l4/u_rq/c_hi[15]' (rtl\requant.v:83) (merged to equivalence)
'engine/net/u_l4/u_rq/c_hi[16]' (rtl\requant.v:83) (merged to equivalence)
'engine/net/u_l4/u_rq/c_hi[17]' (rtl\requant.v:83) (merged to equivalence)
'engine/net/u_l4/u_rq/c_hi[18]' (rtl\requant.v:83) (merged to equivalence)
'engine/net/u_l4/u_rq/p2[37]' (rtl\requant.v:97) (merged to equivalence)
'engine/net/u_l4/u_rq/p2[38]' (rtl\requant.v:97) (merged to equivalence)
'engine/net/u_l4/u_rq/p2[39]' (rtl\requant.v:97) (merged to equivalence)
'engine/net/u_l5/u_rq/k2[27]' (rtl\requant.v:97) (merged to equivalence)
'engine/net/u_l5/u_rq/k2[28]' (rtl\requant.v:97) (merged to equivalence)
'engine/net/u_l5/u_rq/k2[29]' (rtl\requant.v:97) (merged to equivalence)
'engine/net/u_l5/u_rq/k2[30]' (rtl\requant.v:97) (merged to equivalence)
'engine/net/u_l5/u_rq/k2[31]' (rtl\requant.v:97) (merged to equivalence)
'engine/net/u_l5/u_rq/k2[32]' (rtl\requant.v:97) (merged to equivalence)
'engine/net/u_l5/u_rq/k2[33]' (rtl\requant.v:97) (merged to equivalence)
'engine/net/u_l5/u_rq/k2[34]' (rtl\requant.v:97) (merged to equivalence)
'engine/net/u_l5/u_rq/k2[35]' (rtl\requant.v:97) (merged to equivalence)
'engine/net/u_l5/u_rq/k2[36]' (rtl\requant.v:97) (merged to equivalence)
'engine/net/u_l5/u_rq/k2[37]' (rtl\requant.v:97) (merged to equivalence)
'engine/net/u_l5/u_rq/k2[38]' (rtl\requant.v:97) (merged to equivalence)
'engine/net/u_l5/u_rq/k2[39]' (rtl\requant.v:97) (merged to equivalence)
'engine/net/u_l5/u_rq/c_hi[0]' (rtl\requant.v:83) (merged to equivalence)
'engine/net/u_l5/u_rq/b2[29]' (rtl\requant.v:97) (merged to equivalence)
'engine/net/u_l5/u_rq/b2[30]' (rtl\requant.v:97) (merged to equivalence)
'engine/net/u_l5/u_rq/b2[31]' (rtl\requant.v:97) (merged to equivalence)
'engine/net/u_l5/u_rq/b2[32]' (rtl\requant.v:97) (merged to equivalence)
'engine/net/u_l5/u_rq/b2[33]' (rtl\requant.v:97) (merged to equivalence)
'engine/net/u_l5/u_rq/b2[34]' (rtl\requant.v:97) (merged to equivalence)
'engine/net/u_l5/u_rq/b2[35]' (rtl\requant.v:97) (merged to equivalence)
'engine/net/u_l5/u_rq/b2[36]' (rtl\requant.v:97) (merged to equivalence)
'engine/net/u_l5/u_rq/b2[37]' (rtl\requant.v:97) (merged to equivalence)
'engine/net/u_l5/u_rq/b2[38]' (rtl\requant.v:97) (merged to equivalence)
'engine/net/u_l5/u_rq/b2[39]' (rtl\requant.v:97) (merged to equivalence)
'engine/net/u_l5/u_rq/c_hi[1]' (rtl\requant.v:83) (merged to equivalence)
'engine/net/u_l5/u_rq/c_hi[2]' (rtl\requant.v:83) (merged to equivalence)
'engine/net/u_l5/u_rq/c_hi[3]' (rtl\requant.v:83) (merged to equivalence)
'engine/net/u_l5/u_rq/c_hi[4]' (rtl\requant.v:83) (merged to equivalence)
'engine/net/u_l5/u_rq/c_hi[5]' (rtl\requant.v:83) (merged to equivalence)
'engine/net/u_l5/u_rq/c_hi[6]' (rtl\requant.v:83) (merged to equivalence)
'engine/net/u_l5/u_rq/c_hi[7]' (rtl\requant.v:83) (merged to equivalence)
'engine/net/u_l5/u_rq/c_hi[8]' (rtl\requant.v:83) (merged to equivalence)
'engine/net/u_l5/u_rq/c_hi[9]' (rtl\requant.v:83) (merged to equivalence)
'engine/net/u_l5/u_rq/c_hi[10]' (rtl\requant.v:83) (merged to equivalence)
'engine/net/u_l5/u_rq/c_hi[11]' (rtl\requant.v:83) (merged to equivalence)
'engine/net/u_l5/u_rq/c_hi[12]' (rtl\requant.v:83) (merged to equivalence)
'engine/net/u_l5/u_rq/c_hi[13]' (rtl\requant.v:83) (merged to equivalence)
'engine/net/u_l5/u_rq/c_hi[14]' (rtl\requant.v:83) (merged to equivalence)
'engine/net/u_l5/u_rq/c_hi[15]' (rtl\requant.v:83) (merged to equivalence)
'engine/net/u_l5/u_rq/c_hi[16]' (rtl\requant.v:83) (merged to equivalence)
'engine/net/u_l5/u_rq/c_hi[17]' (rtl\requant.v:83) (merged to equivalence)
'engine/net/u_l5/u_rq/c_hi[18]' (rtl\requant.v:83) (merged to equivalence)
'engine/net/u_l5/u_rq/p2[37]' (rtl\requant.v:97) (merged to equivalence)
'engine/net/u_l5/u_rq/p2[38]' (rtl\requant.v:97) (merged to equivalence)
'engine/net/u_l5/u_rq/p2[39]' (rtl\requant.v:97) (merged to equivalence)
'engine/net/u_l6/u_rq/c_hi[0]' (rtl\requant.v:83) (merged to equivalence)
'engine/net/u_l6/u_rq/b2[30]' (rtl\requant.v:97) (merged to equivalence)
'engine/net/u_l6/u_rq/b2[31]' (rtl\requant.v:97) (merged to equivalence)
'engine/net/u_l6/u_rq/b2[32]' (rtl\requant.v:97) (merged to equivalence)
'engine/net/u_l6/u_rq/b2[33]' (rtl\requant.v:97) (merged to equivalence)
'engine/net/u_l6/u_rq/b2[34]' (rtl\requant.v:97) (merged to equivalence)
'engine/net/u_l6/u_rq/b2[35]' (rtl\requant.v:97) (merged to equivalence)
'engine/net/u_l6/u_rq/b2[36]' (rtl\requant.v:97) (merged to equivalence)
'engine/net/u_l6/u_rq/b2[37]' (rtl\requant.v:97) (merged to equivalence)
'engine/net/u_l6/u_rq/b2[38]' (rtl\requant.v:97) (merged to equivalence)
'engine/net/u_l6/u_rq/b2[39]' (rtl\requant.v:97) (merged to equivalence)
'engine/net/u_l6/u_rq/c_hi[1]' (rtl\requant.v:83) (merged to equivalence)
'engine/net/u_l6/u_rq/c_hi[2]' (rtl\requant.v:83) (merged to equivalence)
'engine/net/u_l6/u_rq/c_hi[3]' (rtl\requant.v:83) (merged to equivalence)
'engine/net/u_l6/u_rq/c_hi[4]' (rtl\requant.v:83) (merged to equivalence)
'engine/net/u_l6/u_rq/c_hi[5]' (rtl\requant.v:83) (merged to equivalence)
'engine/net/u_l6/u_rq/c_hi[6]' (rtl\requant.v:83) (merged to equivalence)
'engine/net/u_l6/u_rq/c_hi[7]' (rtl\requant.v:83) (merged to equivalence)
'engine/net/u_l6/u_rq/c_hi[8]' (rtl\requant.v:83) (merged to equivalence)
'engine/net/u_l6/u_rq/c_hi[9]' (rtl\requant.v:83) (merged to equivalence)
'engine/net/u_l6/u_rq/c_hi[10]' (rtl\requant.v:83) (merged to equivalence)
'engine/net/u_l6/u_rq/c_hi[11]' (rtl\requant.v:83) (merged to equivalence)
'engine/net/u_l6/u_rq/c_hi[12]' (rtl\requant.v:83) (merged to equivalence)
'engine/net/u_l6/u_rq/c_hi[13]' (rtl\requant.v:83) (merged to equivalence)
'engine/net/u_l6/u_rq/c_hi[14]' (rtl\requant.v:83) (merged to equivalence)
'engine/net/u_l6/u_rq/c_hi[15]' (rtl\requant.v:83) (merged to equivalence)
'engine/net/u_l6/u_rq/c_hi[16]' (rtl\requant.v:83) (merged to equivalence)
'engine/net/u_l6/u_rq/c_hi[17]' (rtl\requant.v:83) (merged to equivalence)
'engine/net/u_l6/u_rq/c_hi[18]' (rtl\requant.v:83) (merged to equivalence)
'engine/net/u_l6/u_rq/p2[37]' (rtl\requant.v:97) (merged to equivalence)
'engine/net/u_l6/u_rq/p2[38]' (rtl\requant.v:97) (merged to equivalence)
'engine/net/u_l6/u_rq/p2[39]' (rtl\requant.v:97) (merged to equivalence)
'engine/net/u_l7/u_rq/k2[27]' (rtl\requant.v:97) (merged to equivalence)
'engine/net/u_l7/u_rq/k2[28]' (rtl\requant.v:97) (merged to equivalence)
'engine/net/u_l7/u_rq/k2[29]' (rtl\requant.v:97) (merged to equivalence)
'engine/net/u_l7/u_rq/k2[30]' (rtl\requant.v:97) (merged to equivalence)
'engine/net/u_l7/u_rq/k2[31]' (rtl\requant.v:97) (merged to equivalence)
'engine/net/u_l7/u_rq/k2[32]' (rtl\requant.v:97) (merged to equivalence)
'engine/net/u_l7/u_rq/k2[33]' (rtl\requant.v:97) (merged to equivalence)
'engine/net/u_l7/u_rq/k2[34]' (rtl\requant.v:97) (merged to equivalence)
'engine/net/u_l7/u_rq/k2[35]' (rtl\requant.v:97) (merged to equivalence)
'engine/net/u_l7/u_rq/k2[36]' (rtl\requant.v:97) (merged to equivalence)
'engine/net/u_l7/u_rq/k2[37]' (rtl\requant.v:97) (merged to equivalence)
'engine/net/u_l7/u_rq/k2[38]' (rtl\requant.v:97) (merged to equivalence)
'engine/net/u_l7/u_rq/k2[39]' (rtl\requant.v:97) (merged to equivalence)
'engine/net/u_l7/u_rq/c_hi[0]' (rtl\requant.v:83) (merged to equivalence)
'engine/net/u_l7/u_rq/b2[29]' (rtl\requant.v:97) (merged to equivalence)
'engine/net/u_l7/u_rq/b2[30]' (rtl\requant.v:97) (merged to equivalence)
'engine/net/u_l7/u_rq/b2[31]' (rtl\requant.v:97) (merged to equivalence)
'engine/net/u_l7/u_rq/b2[32]' (rtl\requant.v:97) (merged to equivalence)
'engine/net/u_l7/u_rq/b2[33]' (rtl\requant.v:97) (merged to equivalence)
'engine/net/u_l7/u_rq/b2[34]' (rtl\requant.v:97) (merged to equivalence)
'engine/net/u_l7/u_rq/b2[35]' (rtl\requant.v:97) (merged to equivalence)
'engine/net/u_l7/u_rq/b2[36]' (rtl\requant.v:97) (merged to equivalence)
'engine/net/u_l7/u_rq/b2[37]' (rtl\requant.v:97) (merged to equivalence)
'engine/net/u_l7/u_rq/b2[38]' (rtl\requant.v:97) (merged to equivalence)
'engine/net/u_l7/u_rq/b2[39]' (rtl\requant.v:97) (merged to equivalence)
'engine/net/u_l7/u_rq/c_hi[1]' (rtl\requant.v:83) (merged to equivalence)
'engine/net/u_l7/u_rq/c_hi[2]' (rtl\requant.v:83) (merged to equivalence)
'engine/net/u_l7/u_rq/c_hi[3]' (rtl\requant.v:83) (merged to equivalence)
'engine/net/u_l7/u_rq/c_hi[4]' (rtl\requant.v:83) (merged to equivalence)
'engine/net/u_l7/u_rq/c_hi[5]' (rtl\requant.v:83) (merged to equivalence)
'engine/net/u_l7/u_rq/c_hi[6]' (rtl\requant.v:83) (merged to equivalence)
'engine/net/u_l7/u_rq/c_hi[7]' (rtl\requant.v:83) (merged to equivalence)
'engine/net/u_l7/u_rq/c_hi[8]' (rtl\requant.v:83) (merged to equivalence)
'engine/net/u_l7/u_rq/c_hi[9]' (rtl\requant.v:83) (merged to equivalence)
'engine/net/u_l7/u_rq/c_hi[10]' (rtl\requant.v:83) (merged to equivalence)
'engine/net/u_l7/u_rq/c_hi[11]' (rtl\requant.v:83) (merged to equivalence)
'engine/net/u_l7/u_rq/c_hi[12]' (rtl\requant.v:83) (merged to equivalence)
'engine/net/u_l7/u_rq/c_hi[13]' (rtl\requant.v:83) (merged to equivalence)
'engine/net/u_l7/u_rq/c_hi[14]' (rtl\requant.v:83) (merged to equivalence)
'engine/net/u_l7/u_rq/c_hi[15]' (rtl\requant.v:83) (merged to equivalence)
'engine/net/u_l7/u_rq/c_hi[16]' (rtl\requant.v:83) (merged to equivalence)
'engine/net/u_l7/u_rq/c_hi[17]' (rtl\requant.v:83) (merged to equivalence)
'engine/net/u_l7/u_rq/c_hi[18]' (rtl\requant.v:83) (merged to equivalence)
'engine/net/u_l7/u_rq/p2[37]' (rtl\requant.v:97) (merged to equivalence)
'engine/net/u_l7/u_rq/p2[38]' (rtl\requant.v:97) (merged to equivalence)
'engine/net/u_l7/u_rq/p2[39]' (rtl\requant.v:97) (merged to equivalence)
'engine/net/u_l8/u_rq/c_hi[0]' (rtl\requant.v:83) (merged to equivalence)
'engine/net/u_l8/u_rq/b2[31]' (rtl\requant.v:97) (merged to equivalence)
'engine/net/u_l8/u_rq/b2[32]' (rtl\requant.v:97) (merged to equivalence)
'engine/net/u_l8/u_rq/b2[33]' (rtl\requant.v:97) (merged to equivalence)
'engine/net/u_l8/u_rq/b2[34]' (rtl\requant.v:97) (merged to equivalence)
'engine/net/u_l8/u_rq/b2[35]' (rtl\requant.v:97) (merged to equivalence)
'engine/net/u_l8/u_rq/b2[36]' (rtl\requant.v:97) (merged to equivalence)
'engine/net/u_l8/u_rq/b2[37]' (rtl\requant.v:97) (merged to equivalence)
'engine/net/u_l8/u_rq/b2[38]' (rtl\requant.v:97) (merged to equivalence)
'engine/net/u_l8/u_rq/b2[39]' (rtl\requant.v:97) (merged to equivalence)
'engine/net/u_l8/u_rq/c_hi[1]' (rtl\requant.v:83) (merged to equivalence)
'engine/net/u_l8/u_rq/c_hi[2]' (rtl\requant.v:83) (merged to equivalence)
'engine/net/u_l8/u_rq/c_hi[3]' (rtl\requant.v:83) (merged to equivalence)
'engine/net/u_l8/u_rq/c_hi[4]' (rtl\requant.v:83) (merged to equivalence)
'engine/net/u_l8/u_rq/c_hi[5]' (rtl\requant.v:83) (merged to equivalence)
'engine/net/u_l8/u_rq/c_hi[6]' (rtl\requant.v:83) (merged to equivalence)
'engine/net/u_l8/u_rq/c_hi[7]' (rtl\requant.v:83) (merged to equivalence)
'engine/net/u_l8/u_rq/c_hi[8]' (rtl\requant.v:83) (merged to equivalence)
'engine/net/u_l8/u_rq/c_hi[9]' (rtl\requant.v:83) (merged to equivalence)
'engine/net/u_l8/u_rq/c_hi[10]' (rtl\requant.v:83) (merged to equivalence)
'engine/net/u_l8/u_rq/c_hi[11]' (rtl\requant.v:83) (merged to equivalence)
'engine/net/u_l8/u_rq/c_hi[12]' (rtl\requant.v:83) (merged to equivalence)
'engine/net/u_l8/u_rq/c_hi[13]' (rtl\requant.v:83) (merged to equivalence)
'engine/net/u_l8/u_rq/c_hi[14]' (rtl\requant.v:83) (merged to equivalence)
'engine/net/u_l8/u_rq/c_hi[15]' (rtl\requant.v:83) (merged to equivalence)
'engine/net/u_l8/u_rq/c_hi[16]' (rtl\requant.v:83) (merged to equivalence)
'engine/net/u_l8/u_rq/c_hi[17]' (rtl\requant.v:83) (merged to equivalence)
'engine/net/u_l8/u_rq/c_hi[18]' (rtl\requant.v:83) (merged to equivalence)
'engine/net/u_l8/u_rq/p2[37]' (rtl\requant.v:97) (merged to equivalence)
'engine/net/u_l8/u_rq/p2[38]' (rtl\requant.v:97) (merged to equivalence)
'engine/net/u_l8/u_rq/p2[39]' (rtl\requant.v:97) (merged to equivalence)
'engine/net/u_l9/u_rq/k2[27]' (rtl\requant.v:97) (merged to equivalence)
'engine/net/u_l9/u_rq/k2[28]' (rtl\requant.v:97) (merged to equivalence)
'engine/net/u_l9/u_rq/k2[29]' (rtl\requant.v:97) (merged to equivalence)
'engine/net/u_l9/u_rq/k2[30]' (rtl\requant.v:97) (merged to equivalence)
'engine/net/u_l9/u_rq/k2[31]' (rtl\requant.v:97) (merged to equivalence)
'engine/net/u_l9/u_rq/k2[32]' (rtl\requant.v:97) (merged to equivalence)
'engine/net/u_l9/u_rq/k2[33]' (rtl\requant.v:97) (merged to equivalence)
'engine/net/u_l9/u_rq/k2[34]' (rtl\requant.v:97) (merged to equivalence)
'engine/net/u_l9/u_rq/k2[35]' (rtl\requant.v:97) (merged to equivalence)
'engine/net/u_l9/u_rq/k2[36]' (rtl\requant.v:97) (merged to equivalence)
'engine/net/u_l9/u_rq/k2[37]' (rtl\requant.v:97) (merged to equivalence)
'engine/net/u_l9/u_rq/k2[38]' (rtl\requant.v:97) (merged to equivalence)
'engine/net/u_l9/u_rq/k2[39]' (rtl\requant.v:97) (merged to equivalence)
'engine/net/u_l9/u_rq/c_hi[0]' (rtl\requant.v:83) (merged to equivalence)
'engine/net/u_l9/u_rq/b2[30]' (rtl\requant.v:97) (merged to equivalence)
'engine/net/u_l9/u_rq/b2[31]' (rtl\requant.v:97) (merged to equivalence)
'engine/net/u_l9/u_rq/b2[32]' (rtl\requant.v:97) (merged to equivalence)
'engine/net/u_l9/u_rq/b2[33]' (rtl\requant.v:97) (merged to equivalence)
'engine/net/u_l9/u_rq/b2[34]' (rtl\requant.v:97) (merged to equivalence)
'engine/net/u_l9/u_rq/b2[35]' (rtl\requant.v:97) (merged to equivalence)
'engine/net/u_l9/u_rq/b2[36]' (rtl\requant.v:97) (merged to equivalence)
'engine/net/u_l9/u_rq/b2[37]' (rtl\requant.v:97) (merged to equivalence)
'engine/net/u_l9/u_rq/b2[38]' (rtl\requant.v:97) (merged to equivalence)
'engine/net/u_l9/u_rq/b2[39]' (rtl\requant.v:97) (merged to equivalence)
'engine/net/u_l9/u_rq/c_hi[1]' (rtl\requant.v:83) (merged to equivalence)
'engine/net/u_l9/u_rq/c_hi[2]' (rtl\requant.v:83) (merged to equivalence)
'engine/net/u_l9/u_rq/c_hi[3]' (rtl\requant.v:83) (merged to equivalence)
'engine/net/u_l9/u_rq/c_hi[4]' (rtl\requant.v:83) (merged to equivalence)
'engine/net/u_l9/u_rq/c_hi[5]' (rtl\requant.v:83) (merged to equivalence)
'engine/net/u_l9/u_rq/c_hi[6]' (rtl\requant.v:83) (merged to equivalence)
'engine/net/u_l9/u_rq/c_hi[7]' (rtl\requant.v:83) (merged to equivalence)
'engine/net/u_l9/u_rq/c_hi[8]' (rtl\requant.v:83) (merged to equivalence)
'engine/net/u_l9/u_rq/c_hi[9]' (rtl\requant.v:83) (merged to equivalence)
'engine/net/u_l9/u_rq/c_hi[10]' (rtl\requant.v:83) (merged to equivalence)
'engine/net/u_l9/u_rq/c_hi[11]' (rtl\requant.v:83) (merged to equivalence)
'engine/net/u_l9/u_rq/c_hi[12]' (rtl\requant.v:83) (merged to equivalence)
'engine/net/u_l9/u_rq/c_hi[13]' (rtl\requant.v:83) (merged to equivalence)
'engine/net/u_l9/u_rq/c_hi[14]' (rtl\requant.v:83) (merged to equivalence)
'engine/net/u_l9/u_rq/c_hi[15]' (rtl\requant.v:83) (merged to equivalence)
'engine/net/u_l9/u_rq/c_hi[16]' (rtl\requant.v:83) (merged to equivalence)
'engine/net/u_l9/u_rq/c_hi[17]' (rtl\requant.v:83) (merged to equivalence)
'engine/net/u_l9/u_rq/c_hi[18]' (rtl\requant.v:83) (merged to equivalence)
'engine/net/u_l9/u_rq/p2[37]' (rtl\requant.v:97) (merged to equivalence)
'engine/net/u_l9/u_rq/p2[38]' (rtl\requant.v:97) (merged to equivalence)
'engine/net/u_l9/u_rq/p2[39]' (rtl\requant.v:97) (merged to equivalence)
'engine/net/u_l10/u_rq/c_hi[0]' (rtl\requant.v:83) (merged to equivalence)
'engine/net/u_l10/u_rq/b2[32]' (rtl\requant.v:97) (merged to equivalence)
'engine/net/u_l10/u_rq/b2[33]' (rtl\requant.v:97) (merged to equivalence)
'engine/net/u_l10/u_rq/b2[34]' (rtl\requant.v:97) (merged to equivalence)
'engine/net/u_l10/u_rq/b2[35]' (rtl\requant.v:97) (merged to equivalence)
'engine/net/u_l10/u_rq/b2[36]' (rtl\requant.v:97) (merged to equivalence)
'engine/net/u_l10/u_rq/b2[37]' (rtl\requant.v:97) (merged to equivalence)
'engine/net/u_l10/u_rq/b2[38]' (rtl\requant.v:97) (merged to equivalence)
'engine/net/u_l10/u_rq/b2[39]' (rtl\requant.v:97) (merged to equivalence)
'engine/net/u_l10/u_rq/c_hi[1]' (rtl\requant.v:83) (merged to equivalence)
'engine/net/u_l10/u_rq/c_hi[2]' (rtl\requant.v:83) (merged to equivalence)
'engine/net/u_l10/u_rq/c_hi[3]' (rtl\requant.v:83) (merged to equivalence)
'engine/net/u_l10/u_rq/c_hi[4]' (rtl\requant.v:83) (merged to equivalence)
'engine/net/u_l10/u_rq/c_hi[5]' (rtl\requant.v:83) (merged to equivalence)
'engine/net/u_l10/u_rq/c_hi[6]' (rtl\requant.v:83) (merged to equivalence)
'engine/net/u_l10/u_rq/c_hi[7]' (rtl\requant.v:83) (merged to equivalence)
'engine/net/u_l10/u_rq/c_hi[8]' (rtl\requant.v:83) (merged to equivalence)
'engine/net/u_l10/u_rq/c_hi[9]' (rtl\requant.v:83) (merged to equivalence)
'engine/net/u_l10/u_rq/c_hi[10]' (rtl\requant.v:83) (merged to equivalence)
'engine/net/u_l10/u_rq/c_hi[11]' (rtl\requant.v:83) (merged to equivalence)
'engine/net/u_l10/u_rq/c_hi[12]' (rtl\requant.v:83) (merged to equivalence)
'engine/net/u_l10/u_rq/c_hi[13]' (rtl\requant.v:83) (merged to equivalence)
'engine/net/u_l10/u_rq/c_hi[14]' (rtl\requant.v:83) (merged to equivalence)
'engine/net/u_l10/u_rq/c_hi[15]' (rtl\requant.v:83) (merged to equivalence)
'engine/net/u_l10/u_rq/c_hi[16]' (rtl\requant.v:83) (merged to equivalence)
'engine/net/u_l10/u_rq/c_hi[17]' (rtl\requant.v:83) (merged to equivalence)
'engine/net/u_l10/u_rq/c_hi[18]' (rtl\requant.v:83) (merged to equivalence)
'engine/net/u_l10/u_rq/p2[37]' (rtl\requant.v:97) (merged to equivalence)
'engine/net/u_l10/u_rq/p2[38]' (rtl\requant.v:97) (merged to equivalence)
'engine/net/u_l10/u_rq/p2[39]' (rtl\requant.v:97) (merged to equivalence)
'engine/net/u_l11/u_rq/c_hi[0]' (rtl\requant.v:83) (merged to equivalence)
'engine/net/u_l11/u_rq/b2[31]' (rtl\requant.v:97) (merged to equivalence)
'engine/net/u_l11/u_rq/b2[32]' (rtl\requant.v:97) (merged to equivalence)
'engine/net/u_l11/u_rq/b2[33]' (rtl\requant.v:97) (merged to equivalence)
'engine/net/u_l11/u_rq/b2[34]' (rtl\requant.v:97) (merged to equivalence)
'engine/net/u_l11/u_rq/b2[35]' (rtl\requant.v:97) (merged to equivalence)
'engine/net/u_l11/u_rq/b2[36]' (rtl\requant.v:97) (merged to equivalence)
'engine/net/u_l11/u_rq/b2[37]' (rtl\requant.v:97) (merged to equivalence)
'engine/net/u_l11/u_rq/b2[38]' (rtl\requant.v:97) (merged to equivalence)
'engine/net/u_l11/u_rq/b2[39]' (rtl\requant.v:97) (merged to equivalence)
'engine/net/u_l11/u_rq/c_hi[1]' (rtl\requant.v:83) (merged to equivalence)
'engine/net/u_l11/u_rq/c_hi[2]' (rtl\requant.v:83) (merged to equivalence)
'engine/net/u_l11/u_rq/c_hi[3]' (rtl\requant.v:83) (merged to equivalence)
'engine/net/u_l11/u_rq/c_hi[4]' (rtl\requant.v:83) (merged to equivalence)
'engine/net/u_l11/u_rq/c_hi[5]' (rtl\requant.v:83) (merged to equivalence)
'engine/net/u_l11/u_rq/c_hi[6]' (rtl\requant.v:83) (merged to equivalence)
'engine/net/u_l11/u_rq/c_hi[7]' (rtl\requant.v:83) (merged to equivalence)
'engine/net/u_l11/u_rq/c_hi[8]' (rtl\requant.v:83) (merged to equivalence)
'engine/net/u_l11/u_rq/c_hi[9]' (rtl\requant.v:83) (merged to equivalence)
'engine/net/u_l11/u_rq/c_hi[10]' (rtl\requant.v:83) (merged to equivalence)
'engine/net/u_l11/u_rq/c_hi[11]' (rtl\requant.v:83) (merged to equivalence)
'engine/net/u_l11/u_rq/c_hi[12]' (rtl\requant.v:83) (merged to equivalence)
'engine/net/u_l11/u_rq/c_hi[13]' (rtl\requant.v:83) (merged to equivalence)
'engine/net/u_l11/u_rq/c_hi[14]' (rtl\requant.v:83) (merged to equivalence)
'engine/net/u_l11/u_rq/c_hi[15]' (rtl\requant.v:83) (merged to equivalence)
'engine/net/u_l11/u_rq/c_hi[16]' (rtl\requant.v:83) (merged to equivalence)
'engine/net/u_l11/u_rq/c_hi[17]' (rtl\requant.v:83) (merged to equivalence)
'engine/net/u_l11/u_rq/c_hi[18]' (rtl\requant.v:83) (merged to equivalence)
'engine/net/u_l11/u_rq/p2[37]' (rtl\requant.v:97) (merged to equivalence)
'engine/net/u_l11/u_rq/p2[38]' (rtl\requant.v:97) (merged to equivalence)
'engine/net/u_l11/u_rq/p2[39]' (rtl\requant.v:97) (merged to equivalence)
'engine/in_update/math/samples[13]' (rtl\sc_in_math.v:11) (merged to equivalence)
'engine/in_update/math/samples[10]' (rtl\sc_in_math.v:11) (merged to equivalence)
'engine/in_update/math/samples[9]' (rtl\sc_in_math.v:11) (merged to equivalence)
'engine/in_update/math/samples[8]' (rtl\sc_in_math.v:11) (merged to equivalence)
'new_frame' (rtl\ti60f225_oob_top.v:445) (merged to equivalence)
'display/upload_fifo/wg[6]' (rtl\sc_async_fifo.v:7) (merged to equivalence)
'display/request_enable' (rtl\sc_display.v:81) (merged to equivalence)
'replay/words_gray[31]' (rtl\sc_replay.v:11) (merged to equivalence)
'u_ddr3_top/u_phy_top/phy_cs_n[3]' (rtl\ddr3_controller\phy_ctl\phy_ctl.v:149) (merged to equivalence)
'u_ddr3_top/u_phy_top/calib_cke[0]' (rtl\ddr3_controller\phy_ctl\phy_ctl.v:155) (merged to equivalence)
'u_ddr3_top/u_phy_top/calib_cke[1]' (rtl\ddr3_controller\phy_ctl\phy_ctl.v:155) (merged to equivalence)
'u_ddr3_top/u_phy_top/calib_cke[2]' (rtl\ddr3_controller\phy_ctl\phy_ctl.v:155) (merged to equivalence)
'u_ddr3_top/u_phy_top/calib_cke[3]' (rtl\ddr3_controller\phy_ctl\phy_ctl.v:155) (merged to equivalence)
'preprocess/i643_rst_0' (rtl\sc_camera_rgb.v:209) (merged to equivalence)
'preprocess/i643_rst_1' (rtl\sc_camera_rgb.v:209) (merged to equivalence)
'preprocess/i643_rst_2' (rtl\sc_camera_rgb.v:209) (merged to equivalence)
'preprocess/i643_rst_3' (rtl\sc_camera_rgb.v:209) (merged to equivalence)
'preprocess/i643_rst_4' (rtl\sc_camera_rgb.v:209) (merged to equivalence)
'cpu/u_EfxSapphireSoc/system_cores_0_logic_cpu/CsrPlugin_interrupt_targetPrivilege[0]' (ip\soc\soc.v:5904) (merged to equivalence)
'cpu/u_EfxSapphireSoc/system_cores_0_logic_cpu/CsrPlugin_interrupt_code[0]' (ip\soc\soc.v:5903) (merged to equivalence)
'cpu/u_EfxSapphireSoc/system_cores_0_logic_cpu/CsrPlugin_mstatus_MPP[0]' (ip\soc\soc.v:5870) (merged to equivalence)
'cpu/u_EfxSapphireSoc/system_clint_logic_io_bus_rsp_payload_last' (ip\soc\soc.v:346) (merged to equivalence)
'cpu/u_EfxSapphireSoc/system_spi_0_io_logic_io_ctrl_rsp_payload_last' (ip\soc\soc.v:365) (merged to equivalence)
'cpu/u_EfxSapphireSoc/io_apbSlave_0_logic_io_input_rsp_payload_last' (ip\soc\soc.v:383) (merged to equivalence)
'cpu/u_EfxSapphireSoc/system_clint_logic_io_bus_rsp_payload_fragment_source[0]' (ip\soc\soc.v:347) (merged to equivalence)
'cpu/u_EfxSapphireSoc/io_apbSlave_0_logic_io_input_rsp_payload_fragment_source[0]' (ip\soc\soc.v:384) (merged to equivalence)
'cpu/u_EfxSapphireSoc/system_cores_0_dBus_cmd_rData_fragment_context[0]' (ip\soc\soc.v:469) (merged to equivalence)
'cpu/u_EfxSapphireSoc/system_clint_logic_io_bus_rsp_payload_fragment_context[0]' (ip\soc\soc.v:350) (merged to equivalence)
'cpu/u_EfxSapphireSoc/io_apbSlave_0_logic_io_input_rsp_payload_fragment_context[0]' (ip\soc\soc.v:387) (merged to equivalence)
'engine/net/u_l12/u_rq/c_hi[0]' (rtl\requant.v:83) (merged to equivalence)
'engine/net/u_l12/u_rq/b2[34]' (rtl\requant.v:97) (merged to equivalence)
'engine/net/u_l12/u_rq/b2[35]' (rtl\requant.v:97) (merged to equivalence)
'engine/net/u_l12/u_rq/b2[36]' (rtl\requant.v:97) (merged to equivalence)
'engine/net/u_l12/u_rq/b2[37]' (rtl\requant.v:97) (merged to equivalence)
'engine/net/u_l12/u_rq/b2[38]' (rtl\requant.v:97) (merged to equivalence)
'engine/net/u_l12/u_rq/b2[39]' (rtl\requant.v:97) (merged to equivalence)
'engine/net/u_l12/u_rq/c_hi[1]' (rtl\requant.v:83) (merged to equivalence)
'engine/net/u_l12/u_rq/c_hi[2]' (rtl\requant.v:83) (merged to equivalence)
'engine/net/u_l12/u_rq/c_hi[3]' (rtl\requant.v:83) (merged to equivalence)
'engine/net/u_l12/u_rq/c_hi[4]' (rtl\requant.v:83) (merged to equivalence)
'engine/net/u_l12/u_rq/c_hi[5]' (rtl\requant.v:83) (merged to equivalence)
'engine/net/u_l12/u_rq/c_hi[6]' (rtl\requant.v:83) (merged to equivalence)
'engine/net/u_l12/u_rq/c_hi[7]' (rtl\requant.v:83) (merged to equivalence)
'engine/net/u_l12/u_rq/c_hi[8]' (rtl\requant.v:83) (merged to equivalence)
'engine/net/u_l12/u_rq/c_hi[9]' (rtl\requant.v:83) (merged to equivalence)
'engine/net/u_l12/u_rq/c_hi[10]' (rtl\requant.v:83) (merged to equivalence)
'engine/net/u_l12/u_rq/c_hi[11]' (rtl\requant.v:83) (merged to equivalence)
'engine/net/u_l12/u_rq/c_hi[12]' (rtl\requant.v:83) (merged to equivalence)
'engine/net/u_l12/u_rq/c_hi[13]' (rtl\requant.v:83) (merged to equivalence)
'engine/net/u_l12/u_rq/c_hi[14]' (rtl\requant.v:83) (merged to equivalence)
'engine/net/u_l12/u_rq/c_hi[15]' (rtl\requant.v:83) (merged to equivalence)
'engine/net/u_l12/u_rq/c_hi[16]' (rtl\requant.v:83) (merged to equivalence)
'engine/net/u_l12/u_rq/c_hi[17]' (rtl\requant.v:83) (merged to equivalence)
'engine/net/u_l12/u_rq/c_hi[18]' (rtl\requant.v:83) (merged to equivalence)
'engine/net/u_l12/u_rq/p2[37]' (rtl\requant.v:97) (merged to equivalence)
'engine/net/u_l12/u_rq/p2[38]' (rtl\requant.v:97) (merged to equivalence)
'engine/net/u_l12/u_rq/p2[39]' (rtl\requant.v:97) (merged to equivalence)
'engine/net/u_ps/x[8]_q' (rtl\conv_layer.v:138) (merged to equivalence)
'engine/net/u_ps/x[7]_q' (rtl\conv_layer.v:138) (merged to equivalence)
'engine/net/u_ps/x[6]_q' (rtl\conv_layer.v:138) (merged to equivalence)
'engine/net/u_ps/x[5]_q' (rtl\conv_layer.v:138) (merged to equivalence)
'engine/net/u_ps/x[4]_q' (rtl\conv_layer.v:138) (merged to equivalence)
'engine/net/u_ps/x[3]_q' (rtl\conv_layer.v:138) (merged to equivalence)
'engine/net/u_ps/x[2]_q' (rtl\conv_layer.v:138) (merged to equivalence)
'engine/net/u_ps/x[1]_q' (rtl\conv_layer.v:138) (merged to equivalence)
'engine/net/u_ps/x[0]_q' (rtl\conv_layer.v:138) (merged to equivalence)
'engine/net/u_ps/x[8]_q_3' (rtl\conv_layer.v:138) (merged to equivalence)
'engine/net/u_ps/x[7]_q_3' (rtl\conv_layer.v:138) (merged to equivalence)
'engine/net/u_ps/x[6]_q_3' (rtl\conv_layer.v:138) (merged to equivalence)
'engine/net/u_ps/x[5]_q_3' (rtl\conv_layer.v:138) (merged to equivalence)
'engine/net/u_ps/x[4]_q_3' (rtl\conv_layer.v:138) (merged to equivalence)
'engine/net/u_ps/x[3]_q_3' (rtl\conv_layer.v:138) (merged to equivalence)
'engine/net/u_ps/x[2]_q_3' (rtl\conv_layer.v:138) (merged to equivalence)
'engine/net/u_ps/x[1]_q_3' (rtl\conv_layer.v:138) (merged to equivalence)
'engine/net/u_ps/x[0]_q_3' (rtl\conv_layer.v:138) (merged to equivalence)
'u_ddr3_top/u_phy_top/phy_wrdata[124]' (rtl\ddr3_controller\phy_ctl\phy_ctl.v:145) (merged to equivalence)
'u_ddr3_top/u_phy_top/phy_wrdata[125]' (rtl\ddr3_controller\phy_ctl\phy_ctl.v:145) (merged to equivalence)
'u_ddr3_top/u_phy_top/phy_wrdata[126]' (rtl\ddr3_controller\phy_ctl\phy_ctl.v:145) (merged to equivalence)
'u_ddr3_top/u_phy_top/phy_wrdata[127]' (rtl\ddr3_controller\phy_ctl\phy_ctl.v:145) (merged to equivalence)
'u_ddr3_top/u_phy_top/phy_wrdata[22]' (rtl\ddr3_controller\phy_ctl\phy_ctl.v:145) (merged to equivalence)
'u_ddr3_top/u_phy_top/phy_wrdata[23]' (rtl\ddr3_controller\phy_ctl\phy_ctl.v:145) (merged to equivalence)
'u_ddr3_top/u_phy_top/phy_wrdata[24]' (rtl\ddr3_controller\phy_ctl\phy_ctl.v:145) (merged to equivalence)
'u_ddr3_top/u_phy_top/phy_wrdata[25]' (rtl\ddr3_controller\phy_ctl\phy_ctl.v:145) (merged to equivalence)
'u_ddr3_top/u_phy_top/phy_wrdata[26]' (rtl\ddr3_controller\phy_ctl\phy_ctl.v:145) (merged to equivalence)
'u_ddr3_top/u_phy_top/phy_wrdata[27]' (rtl\ddr3_controller\phy_ctl\phy_ctl.v:145) (merged to equivalence)
'u_ddr3_top/u_phy_top/phy_wrdata[28]' (rtl\ddr3_controller\phy_ctl\phy_ctl.v:145) (merged to equivalence)
'u_ddr3_top/u_phy_top/phy_wrdata[29]' (rtl\ddr3_controller\phy_ctl\phy_ctl.v:145) (merged to equivalence)
'u_ddr3_top/u_phy_top/phy_wrdata[30]' (rtl\ddr3_controller\phy_ctl\phy_ctl.v:145) (merged to equivalence)
'u_ddr3_top/u_phy_top/phy_wrdata[31]' (rtl\ddr3_controller\phy_ctl\phy_ctl.v:145) (merged to equivalence)
'u_ddr3_top/u_phy_top/phy_wrdata[36]' (rtl\ddr3_controller\phy_ctl\phy_ctl.v:145) (merged to equivalence)
'u_ddr3_top/u_phy_top/phy_wrdata[38]' (rtl\ddr3_controller\phy_ctl\phy_ctl.v:145) (merged to equivalence)
'u_ddr3_top/u_phy_top/phy_wrdata[39]' (rtl\ddr3_controller\phy_ctl\phy_ctl.v:145) (merged to equivalence)
'u_ddr3_top/u_phy_top/phy_wrdata[5]' (rtl\ddr3_controller\phy_ctl\phy_ctl.v:145) (merged to equivalence)
'u_ddr3_top/u_phy_top/phy_wrdata[6]' (rtl\ddr3_controller\phy_ctl\phy_ctl.v:145) (merged to equivalence)
'u_ddr3_top/u_phy_top/phy_wrdata[9]' (rtl\ddr3_controller\phy_ctl\phy_ctl.v:145) (merged to equivalence)
'u_ddr3_top/u_phy_top/phy_wrdata[10]' (rtl\ddr3_controller\phy_ctl\phy_ctl.v:145) (merged to equivalence)
'u_ddr3_top/u_phy_top/phy_wrdata[13]' (rtl\ddr3_controller\phy_ctl\phy_ctl.v:145) (merged to equivalence)
'u_ddr3_top/u_phy_top/phy_wrdata[14]' (rtl\ddr3_controller\phy_ctl\phy_ctl.v:145) (merged to equivalence)
'u_ddr3_top/u_phy_top/phy_wrdata[16]' (rtl\ddr3_controller\phy_ctl\phy_ctl.v:145) (merged to equivalence)
'u_ddr3_top/u_phy_top/phy_wrdata[17]' (rtl\ddr3_controller\phy_ctl\phy_ctl.v:145) (merged to equivalence)
'u_ddr3_top/u_phy_top/phy_wrdata[18]' (rtl\ddr3_controller\phy_ctl\phy_ctl.v:145) (merged to equivalence)
'u_ddr3_top/u_phy_top/phy_wrdata[19]' (rtl\ddr3_controller\phy_ctl\phy_ctl.v:145) (merged to equivalence)
'u_ddr3_top/u_phy_top/phy_wrdata[40]' (rtl\ddr3_controller\phy_ctl\phy_ctl.v:145) (merged to equivalence)
'u_ddr3_top/u_phy_top/phy_wrdata[42]' (rtl\ddr3_controller\phy_ctl\phy_ctl.v:145) (merged to equivalence)
'u_ddr3_top/u_phy_top/phy_wrdata[43]' (rtl\ddr3_controller\phy_ctl\phy_ctl.v:145) (merged to equivalence)
'u_ddr3_top/u_phy_top/phy_wrdata[44]' (rtl\ddr3_controller\phy_ctl\phy_ctl.v:145) (merged to equivalence)
'u_ddr3_top/u_phy_top/phy_wrdata[46]' (rtl\ddr3_controller\phy_ctl\phy_ctl.v:145) (merged to equivalence)
'u_ddr3_top/u_phy_top/phy_wrdata[47]' (rtl\ddr3_controller\phy_ctl\phy_ctl.v:145) (merged to equivalence)
'u_ddr3_top/u_phy_top/phy_wrdata[48]' (rtl\ddr3_controller\phy_ctl\phy_ctl.v:145) (merged to equivalence)
'u_ddr3_top/u_phy_top/phy_wrdata[50]' (rtl\ddr3_controller\phy_ctl\phy_ctl.v:145) (merged to equivalence)
'u_ddr3_top/u_phy_top/phy_wrdata[51]' (rtl\ddr3_controller\phy_ctl\phy_ctl.v:145) (merged to equivalence)
'u_ddr3_top/u_phy_top/phy_wrdata[52]' (rtl\ddr3_controller\phy_ctl\phy_ctl.v:145) (merged to equivalence)
'u_ddr3_top/u_phy_top/phy_wrdata[53]' (rtl\ddr3_controller\phy_ctl\phy_ctl.v:145) (merged to equivalence)
'u_ddr3_top/u_phy_top/phy_wrdata[54]' (rtl\ddr3_controller\phy_ctl\phy_ctl.v:145) (merged to equivalence)
'u_ddr3_top/u_phy_top/phy_wrdata[55]' (rtl\ddr3_controller\phy_ctl\phy_ctl.v:145) (merged to equivalence)
'u_ddr3_top/u_phy_top/phy_wrdata[56]' (rtl\ddr3_controller\phy_ctl\phy_ctl.v:145) (merged to equivalence)
'u_ddr3_top/u_phy_top/phy_wrdata[57]' (rtl\ddr3_controller\phy_ctl\phy_ctl.v:145) (merged to equivalence)
'u_ddr3_top/u_phy_top/phy_wrdata[58]' (rtl\ddr3_controller\phy_ctl\phy_ctl.v:145) (merged to equivalence)
'u_ddr3_top/u_phy_top/phy_wrdata[59]' (rtl\ddr3_controller\phy_ctl\phy_ctl.v:145) (merged to equivalence)
'u_ddr3_top/u_phy_top/phy_wrdata[60]' (rtl\ddr3_controller\phy_ctl\phy_ctl.v:145) (merged to equivalence)
'u_ddr3_top/u_phy_top/phy_wrdata[61]' (rtl\ddr3_controller\phy_ctl\phy_ctl.v:145) (merged to equivalence)
'u_ddr3_top/u_phy_top/phy_wrdata[62]' (rtl\ddr3_controller\phy_ctl\phy_ctl.v:145) (merged to equivalence)
'u_ddr3_top/u_phy_top/phy_wrdata[63]' (rtl\ddr3_controller\phy_ctl\phy_ctl.v:145) (merged to equivalence)
'u_ddr3_top/u_phy_top/phy_wrdata[64]' (rtl\ddr3_controller\phy_ctl\phy_ctl.v:145) (merged to equivalence)
'u_ddr3_top/u_phy_top/phy_wrdata[67]' (rtl\ddr3_controller\phy_ctl\phy_ctl.v:145) (merged to equivalence)
'u_ddr3_top/u_phy_top/phy_wrdata[68]' (rtl\ddr3_controller\phy_ctl\phy_ctl.v:145) (merged to equivalence)
'u_ddr3_top/u_phy_top/phy_wrdata[71]' (rtl\ddr3_controller\phy_ctl\phy_ctl.v:145) (merged to equivalence)
'u_ddr3_top/u_phy_top/phy_wrdata[72]' (rtl\ddr3_controller\phy_ctl\phy_ctl.v:145) (merged to equivalence)
'u_ddr3_top/u_phy_top/phy_wrdata[75]' (rtl\ddr3_controller\phy_ctl\phy_ctl.v:145) (merged to equivalence)
'u_ddr3_top/u_phy_top/phy_wrdata[76]' (rtl\ddr3_controller\phy_ctl\phy_ctl.v:145) (merged to equivalence)
'u_ddr3_top/u_phy_top/phy_wrdata[79]' (rtl\ddr3_controller\phy_ctl\phy_ctl.v:145) (merged to equivalence)
'u_ddr3_top/u_phy_top/phy_wrdata[80]' (rtl\ddr3_controller\phy_ctl\phy_ctl.v:145) (merged to equivalence)
'u_ddr3_top/u_phy_top/phy_wrdata[82]' (rtl\ddr3_controller\phy_ctl\phy_ctl.v:145) (merged to equivalence)
'u_ddr3_top/u_phy_top/phy_wrdata[83]' (rtl\ddr3_controller\phy_ctl\phy_ctl.v:145) (merged to equivalence)
'u_ddr3_top/u_phy_top/phy_wrdata[84]' (rtl\ddr3_controller\phy_ctl\phy_ctl.v:145) (merged to equivalence)
'u_ddr3_top/u_phy_top/phy_wrdata[85]' (rtl\ddr3_controller\phy_ctl\phy_ctl.v:145) (merged to equivalence)
'u_ddr3_top/u_phy_top/phy_wrdata[86]' (rtl\ddr3_controller\phy_ctl\phy_ctl.v:145) (merged to equivalence)
'u_ddr3_top/u_phy_top/phy_wrdata[87]' (rtl\ddr3_controller\phy_ctl\phy_ctl.v:145) (merged to equivalence)
'u_ddr3_top/u_phy_top/phy_wrdata[88]' (rtl\ddr3_controller\phy_ctl\phy_ctl.v:145) (merged to equivalence)
'u_ddr3_top/u_phy_top/phy_wrdata[89]' (rtl\ddr3_controller\phy_ctl\phy_ctl.v:145) (merged to equivalence)
'u_ddr3_top/u_phy_top/phy_wrdata[90]' (rtl\ddr3_controller\phy_ctl\phy_ctl.v:145) (merged to equivalence)
'u_ddr3_top/u_phy_top/phy_wrdata[91]' (rtl\ddr3_controller\phy_ctl\phy_ctl.v:145) (merged to equivalence)
'u_ddr3_top/u_phy_top/phy_wrdata[92]' (rtl\ddr3_controller\phy_ctl\phy_ctl.v:145) (merged to equivalence)
'u_ddr3_top/u_phy_top/phy_wrdata[93]' (rtl\ddr3_controller\phy_ctl\phy_ctl.v:145) (merged to equivalence)
'u_ddr3_top/u_phy_top/phy_wrdata[94]' (rtl\ddr3_controller\phy_ctl\phy_ctl.v:145) (merged to equivalence)
'u_ddr3_top/u_phy_top/phy_wrdata[95]' (rtl\ddr3_controller\phy_ctl\phy_ctl.v:145) (merged to equivalence)
'u_ddr3_top/u_phy_top/phy_wrdata[96]' (rtl\ddr3_controller\phy_ctl\phy_ctl.v:145) (merged to equivalence)
'u_ddr3_top/u_phy_top/phy_wrdata[97]' (rtl\ddr3_controller\phy_ctl\phy_ctl.v:145) (merged to equivalence)
'u_ddr3_top/u_phy_top/phy_wrdata[99]' (rtl\ddr3_controller\phy_ctl\phy_ctl.v:145) (merged to equivalence)
'u_ddr3_top/u_phy_top/phy_wrdata[100]' (rtl\ddr3_controller\phy_ctl\phy_ctl.v:145) (merged to equivalence)
'u_ddr3_top/u_phy_top/phy_wrdata[101]' (rtl\ddr3_controller\phy_ctl\phy_ctl.v:145) (merged to equivalence)
'u_ddr3_top/u_phy_top/phy_wrdata[102]' (rtl\ddr3_controller\phy_ctl\phy_ctl.v:145) (merged to equivalence)
'u_ddr3_top/u_phy_top/phy_wrdata[103]' (rtl\ddr3_controller\phy_ctl\phy_ctl.v:145) (merged to equivalence)
'u_ddr3_top/u_phy_top/phy_wrdata[104]' (rtl\ddr3_controller\phy_ctl\phy_ctl.v:145) (merged to equivalence)
'u_ddr3_top/u_phy_top/phy_wrdata[105]' (rtl\ddr3_controller\phy_ctl\phy_ctl.v:145) (merged to equivalence)
'u_ddr3_top/u_phy_top/phy_wrdata[106]' (rtl\ddr3_controller\phy_ctl\phy_ctl.v:145) (merged to equivalence)
'u_ddr3_top/u_phy_top/phy_wrdata[107]' (rtl\ddr3_controller\phy_ctl\phy_ctl.v:145) (merged to equivalence)
'u_ddr3_top/u_phy_top/phy_wrdata[108]' (rtl\ddr3_controller\phy_ctl\phy_ctl.v:145) (merged to equivalence)
'u_ddr3_top/u_phy_top/phy_wrdata[109]' (rtl\ddr3_controller\phy_ctl\phy_ctl.v:145) (merged to equivalence)
'u_ddr3_top/u_phy_top/phy_wrdata[110]' (rtl\ddr3_controller\phy_ctl\phy_ctl.v:145) (merged to equivalence)
'u_ddr3_top/u_phy_top/phy_wrdata[111]' (rtl\ddr3_controller\phy_ctl\phy_ctl.v:145) (merged to equivalence)
'u_ddr3_top/u_phy_top/phy_wrdata[112]' (rtl\ddr3_controller\phy_ctl\phy_ctl.v:145) (merged to equivalence)
'u_ddr3_top/u_phy_top/phy_wrdata[113]' (rtl\ddr3_controller\phy_ctl\phy_ctl.v:145) (merged to equivalence)
'u_ddr3_top/u_phy_top/phy_wrdata[114]' (rtl\ddr3_controller\phy_ctl\phy_ctl.v:145) (merged to equivalence)
'u_ddr3_top/u_phy_top/phy_wrdata[115]' (rtl\ddr3_controller\phy_ctl\phy_ctl.v:145) (merged to equivalence)
'u_ddr3_top/u_phy_top/phy_wrdata[116]' (rtl\ddr3_controller\phy_ctl\phy_ctl.v:145) (merged to equivalence)
'u_ddr3_top/u_phy_top/phy_wrdata[117]' (rtl\ddr3_controller\phy_ctl\phy_ctl.v:145) (merged to equivalence)
'u_ddr3_top/u_phy_top/phy_wrdata[118]' (rtl\ddr3_controller\phy_ctl\phy_ctl.v:145) (merged to equivalence)
'u_ddr3_top/u_phy_top/phy_wrdata[119]' (rtl\ddr3_controller\phy_ctl\phy_ctl.v:145) (merged to equivalence)
'u_ddr3_top/u_phy_top/phy_address[20]' (rtl\ddr3_controller\phy_ctl\phy_ctl.v:146) (merged to equivalence)
'u_ddr3_top/u_phy_top/phy_address[21]' (rtl\ddr3_controller\phy_ctl\phy_ctl.v:146) (merged to equivalence)
'u_ddr3_top/u_phy_top/phy_address[22]' (rtl\ddr3_controller\phy_ctl\phy_ctl.v:146) (merged to equivalence)
'u_ddr3_top/u_phy_top/phy_address[23]' (rtl\ddr3_controller\phy_ctl\phy_ctl.v:146) (merged to equivalence)
'u_ddr3_top/u_phy_top/phy_address[30]' (rtl\ddr3_controller\phy_ctl\phy_ctl.v:146) (merged to equivalence)
'u_ddr3_top/u_phy_top/phy_address[31]' (rtl\ddr3_controller\phy_ctl\phy_ctl.v:146) (merged to equivalence)
'u_ddr3_top/u_phy_top/phy_address[32]' (rtl\ddr3_controller\phy_ctl\phy_ctl.v:146) (merged to equivalence)
'u_ddr3_top/u_phy_top/phy_address[33]' (rtl\ddr3_controller\phy_ctl\phy_ctl.v:146) (merged to equivalence)
'u_ddr3_top/u_phy_top/phy_address[34]' (rtl\ddr3_controller\phy_ctl\phy_ctl.v:146) (merged to equivalence)
'u_ddr3_top/u_phy_top/phy_address[35]' (rtl\ddr3_controller\phy_ctl\phy_ctl.v:146) (merged to equivalence)
'u_ddr3_top/u_phy_top/phy_address[36]' (rtl\ddr3_controller\phy_ctl\phy_ctl.v:146) (merged to equivalence)
'u_ddr3_top/u_phy_top/phy_address[37]' (rtl\ddr3_controller\phy_ctl\phy_ctl.v:146) (merged to equivalence)
'u_ddr3_top/u_phy_top/phy_address[38]' (rtl\ddr3_controller\phy_ctl\phy_ctl.v:146) (merged to equivalence)
'u_ddr3_top/u_phy_top/phy_address[10]' (rtl\ddr3_controller\phy_ctl\phy_ctl.v:146) (merged to equivalence)
'u_ddr3_top/u_phy_top/phy_address[16]' (rtl\ddr3_controller\phy_ctl\phy_ctl.v:146) (merged to equivalence)
'u_ddr3_top/u_phy_top/phy_address[17]' (rtl\ddr3_controller\phy_ctl\phy_ctl.v:146) (merged to equivalence)
'u_ddr3_top/u_phy_top/phy_address[18]' (rtl\ddr3_controller\phy_ctl\phy_ctl.v:146) (merged to equivalence)
'u_ddr3_top/u_phy_top/phy_address[19]' (rtl\ddr3_controller\phy_ctl\phy_ctl.v:146) (merged to equivalence)
'u_ddr3_top/u_phy_top/phy_address[44]' (rtl\ddr3_controller\phy_ctl\phy_ctl.v:146) (merged to equivalence)
'u_ddr3_top/u_phy_top/phy_address[45]' (rtl\ddr3_controller\phy_ctl\phy_ctl.v:146) (merged to equivalence)
'u_ddr3_top/u_phy_top/phy_address[46]' (rtl\ddr3_controller\phy_ctl\phy_ctl.v:146) (merged to equivalence)
'u_ddr3_top/u_phy_top/phy_address[47]' (rtl\ddr3_controller\phy_ctl\phy_ctl.v:146) (merged to equivalence)
'u_ddr3_top/u_phy_top/phy_address[48]' (rtl\ddr3_controller\phy_ctl\phy_ctl.v:146) (merged to equivalence)
'u_ddr3_top/u_phy_top/phy_address[49]' (rtl\ddr3_controller\phy_ctl\phy_ctl.v:146) (merged to equivalence)
'u_ddr3_top/u_phy_top/phy_address[50]' (rtl\ddr3_controller\phy_ctl\phy_ctl.v:146) (merged to equivalence)
'u_ddr3_top/u_phy_top/phy_address[51]' (rtl\ddr3_controller\phy_ctl\phy_ctl.v:146) (merged to equivalence)
'u_ddr3_top/u_phy_top/phy_address[52]' (rtl\ddr3_controller\phy_ctl\phy_ctl.v:146) (merged to equivalence)
'u_ddr3_top/u_phy_top/phy_bank[0]' (rtl\ddr3_controller\phy_ctl\phy_ctl.v:147) (merged to equivalence)
'u_ddr3_top/u_phy_top/phy_bank[1]' (rtl\ddr3_controller\phy_ctl\phy_ctl.v:147) (merged to equivalence)
'u_ddr3_top/u_phy_top/phy_bank[3]' (rtl\ddr3_controller\phy_ctl\phy_ctl.v:147) (merged to equivalence)
'da[0]' (rtl\ti60f225_oob_top.v:448) (optimized to 0)
'da[1]' (rtl\ti60f225_oob_top.v:448) (optimized to 0)
'da[2]' (rtl\ti60f225_oob_top.v:448) (optimized to 0)
'da[3]' (rtl\ti60f225_oob_top.v:448) (optimized to 0)
'ra[4]' (rtl\ti60f225_oob_top.v:448) (optimized to 0)
'da[4]' (rtl\ti60f225_oob_top.v:448) (optimized to 0)
'ra[5]' (rtl\ti60f225_oob_top.v:448) (optimized to 0)
'da[5]' (rtl\ti60f225_oob_top.v:448) (optimized to 0)
'ra[6]' (rtl\ti60f225_oob_top.v:448) (optimized to 0)
'da[6]' (rtl\ti60f225_oob_top.v:448) (optimized to 0)
'ra[7]' (rtl\ti60f225_oob_top.v:448) (optimized to 0)
'da[7]' (rtl\ti60f225_oob_top.v:448) (optimized to 0)
'cap_awaddr[22]' (rtl\ti60f225_oob_top.v:342) (optimized to 0)
'cap_awaddr[24]' (rtl\ti60f225_oob_top.v:342) (optimized to 0)
's_axi_araddr[6]' (rtl\ti60f225_oob_top.v:260) (merged to equivalence)
's_axi_araddr[4]' (rtl\ti60f225_oob_top.v:260) (merged to equivalence)
's_axi_araddr[5]' (rtl\ti60f225_oob_top.v:260) (merged to equivalence)
'engine/in_update/math/gnum[36]' (rtl\sc_in_math.v:12) (merged to equivalence)
'engine/in_update/math/gnum[34]' (rtl\sc_in_math.v:12) (merged to equivalence)
'engine/in_update/math/gnum[32]' (rtl\sc_in_math.v:12) (merged to equivalence)
'engine/in_update/math/gnum[30]' (rtl\sc_in_math.v:12) (merged to equivalence)
'engine/in_update/math/gnum[28]' (rtl\sc_in_math.v:12) (merged to equivalence)
'engine/in_update/math/gnum[26]' (rtl\sc_in_math.v:12) (merged to equivalence)
'engine/in_update/math/gnum[24]' (rtl\sc_in_math.v:12) (merged to equivalence)
'engine/in_update/math/gnum[22]' (rtl\sc_in_math.v:12) (merged to equivalence)
'engine/in_update/math/gnum[20]' (rtl\sc_in_math.v:12) (merged to equivalence)
'engine/in_update/math/gnum[18]' (rtl\sc_in_math.v:12) (merged to equivalence)
'engine/in_update/math/gnum[16]' (rtl\sc_in_math.v:12) (merged to equivalence)
'engine/in_update/math/gnum[14]' (rtl\sc_in_math.v:12) (merged to equivalence)
'engine/in_update/math/gnum[12]' (rtl\sc_in_math.v:12) (merged to equivalence)
'engine/in_update/math/gnum[10]' (rtl\sc_in_math.v:12) (merged to equivalence)
'engine/in_update/math/gnum[8]' (rtl\sc_in_math.v:12) (merged to equivalence)
'engine/in_update/math/gnum[6]' (rtl\sc_in_math.v:12) (merged to equivalence)
'engine/in_update/math/gnum[4]' (rtl\sc_in_math.v:12) (merged to equivalence)
'engine/in_update/math/gnum[2]' (rtl\sc_in_math.v:12) (merged to equivalence)
'engine/in_update/math/gnum[0]' (rtl\sc_in_math.v:12) (merged to equivalence)
'engine/in_update/math/gnum[1]' (rtl\sc_in_math.v:12) (merged to equivalence)
'engine/in_update/math/gnum[3]' (rtl\sc_in_math.v:12) (merged to equivalence)
'engine/in_update/math/gnum[5]' (rtl\sc_in_math.v:12) (merged to equivalence)
'engine/in_update/math/gnum[7]' (rtl\sc_in_math.v:12) (merged to equivalence)
'engine/in_update/math/gnum[9]' (rtl\sc_in_math.v:12) (merged to equivalence)
'engine/in_update/math/gnum[11]' (rtl\sc_in_math.v:12) (merged to equivalence)
'engine/in_update/math/gnum[13]' (rtl\sc_in_math.v:12) (merged to equivalence)
'engine/in_update/math/gnum[15]' (rtl\sc_in_math.v:12) (merged to equivalence)
'engine/in_update/math/gnum[17]' (rtl\sc_in_math.v:12) (merged to equivalence)
'engine/in_update/math/gnum[19]' (rtl\sc_in_math.v:12) (merged to equivalence)
'engine/in_update/math/gnum[21]' (rtl\sc_in_math.v:12) (merged to equivalence)
'engine/in_update/math/gnum[23]' (rtl\sc_in_math.v:12) (merged to equivalence)
'engine/in_update/math/gnum[25]' (rtl\sc_in_math.v:12) (merged to equivalence)
'engine/in_update/math/gnum[27]' (rtl\sc_in_math.v:12) (merged to equivalence)
'engine/in_update/math/gnum[29]' (rtl\sc_in_math.v:12) (merged to equivalence)
'engine/in_update/math/gnum[31]' (rtl\sc_in_math.v:12) (merged to equivalence)
'engine/in_update/math/gnum[33]' (rtl\sc_in_math.v:12) (merged to equivalence)
'engine/in_update/math/gnum[35]' (rtl\sc_in_math.v:12) (merged to equivalence)
'engine/in_update/math/gnum[37]' (rtl\sc_in_math.v:12) (merged to equivalence)
'engine/in_update/math/gnum[39]' (rtl\sc_in_math.v:12) (merged to equivalence)
'cpu/u_EfxSapphireSoc/system_cores_0_logic_cpu/CsrPlugin_interrupt_targetPrivilege[1]' (ip\soc\soc.v:5904) (merged to equivalence)
'cpu/u_EfxSapphireSoc/system_cores_0_dBus_cmd_s2mPipe_rData_fragment_context[0]' (ip\soc\soc.v:486) (merged to equivalence)
's_axi_araddr[3]' (rtl\ti60f225_oob_top.v:260) (merged to equivalence)
's_axi_araddr[2]' (rtl\ti60f225_oob_top.v:260) (merged to equivalence)
's_axi_araddr[1]' (rtl\ti60f225_oob_top.v:260) (merged to equivalence)
's_axi_araddr[0]' (rtl\ti60f225_oob_top.v:260) (merged to equivalence)
's_axi_araddr[7]' (rtl\ti60f225_oob_top.v:260) (optimized to 0)
'engine/in_update/math/gnum[38]' (rtl\sc_in_math.v:12) (optimized to 0)
### ### Sequential Elements Trimming Report (end) ### ### ### 

### ### Module Resource Usage Distribution Estimates (begin) ### ###

**Note: some resources maybe grouped under different hierarchy due to optimization and LUT mapping

Module                                                                FFs       SRLs       ADDs         LUTs    COMB4s      RAMs DSP/MULTs
------------------------------------------------------------          ---       ----       ----         ----      ----      ---- ---------
ti60f225_oob_top:ti60f225_oob_top                              22835(114)    3798(0)  8598(103)    36375(38)      0(0)    246(0)    121(0)
 +schedule:sc_video_schedule                                       78(78)       0(0)       0(0)     104(104)      0(0)      0(0)      0(0)
 +preprocess:sc_camera_rgb                                     1159(1159)     11(11) 1087(1087)   3324(3324)      0(0)    11(11)      4(4)
 +capture:sc_capture(H_MIRROR=1)                                 542(463)       0(0)     32(32)     463(402)      0(0)      3(0)      0(0)
  +fifo:sc_async_fifo(W=50,AW=9)                                   79(79)       0(0)       0(0)       61(61)      0(0)      3(3)      0(0)
 +writes:sc_write_arbiter                                            3(3)       0(0)       0(0)     158(158)      0(0)      0(0)      0(0)
 +inst_efx_csi2_rx:csi_rx_controller                              1188(0)       0(0)     218(0)      2165(0)      0(0)     11(0)      0(0)
  +u_efx_csi2_rx:efx_csi2_rx_9ba95ee4393b434a8d9f79d31325...      1188(0)       0(0)     218(0)      2165(0)      0(0)     11(0)      0(0)
   +dphy_rx_inst:efx_dphy_rx_9ba95ee4393b434a8d9f79d31325...       438(4)       0(0)      57(0)       933(0)      0(0)      0(0)      0(0)
    +rx_clane_fsm_inst0:dphy_rx_clane_fsm_9ba95ee4393b434...       18(18)       0(0)       9(9)       33(33)      0(0)      0(0)      0(0)
    +genblk2[0].rx_dlane_fsm_inst:dphy_rx_dlane_fsm_9ba95...       33(33)       0(0)     12(12)       93(93)      0(0)      0(0)      0(0)
    +genblk2[0].rx_dword_align_inst:dphy_rx_dword_align_9...       71(71)       0(0)       0(0)     131(131)      0(0)      0(0)      0(0)
    +genblk2[1].rx_dlane_fsm_inst:dphy_rx_dlane_fsm_9ba95...       33(33)       0(0)     12(12)       94(94)      0(0)      0(0)      0(0)
    +genblk2[1].rx_dword_align_inst:dphy_rx_dword_align_9...       71(71)       0(0)       0(0)     131(131)      0(0)      0(0)      0(0)
    +genblk2[2].rx_dlane_fsm_inst:dphy_rx_dlane_fsm_9ba95...       33(33)       0(0)     12(12)       91(91)      0(0)      0(0)      0(0)
    +genblk2[2].rx_dword_align_inst:dphy_rx_dword_align_9...       71(71)       0(0)       0(0)     134(134)      0(0)      0(0)      0(0)
    +genblk2[3].rx_dlane_fsm_inst:dphy_rx_dlane_fsm_9ba95...       33(33)       0(0)     12(12)       93(93)      0(0)      0(0)      0(0)
    +genblk2[3].rx_dword_align_inst:dphy_rx_dword_align_9...       71(71)       0(0)       0(0)     133(133)      0(0)      0(0)      0(0)
   +csi2_rx_top_inst:efx_csi2_rx_top_9ba95ee4393b434a8d9f...      750(27)       0(0)    161(17)     1232(12)      0(0)     11(0)      0(0)
    +syncreg_1:efx_asyncreg_9ba95ee4393b434a8d9f79d31325c...         2(2)       0(0)       0(0)         0(0)      0(0)      0(0)      0(0)
    +syncreg_2:efx_asyncreg_9ba95ee4393b434a8d9f79d31325c83d         8(8)       0(0)       0(0)         0(0)      0(0)      0(0)      0(0)
    +depacketizer_inst:efx_csi2_depacketizer_9ba95ee4393b...     166(141)       0(0)       0(0)     285(217)      0(0)      0(0)      0(0)
     +genblk4.ecc_check_inst:efx_csi2_ecc_check_9ba95ee43...       25(25)       0(0)       0(0)       68(68)      0(0)      0(0)      0(0)
    +genblk2.lane_aligner_inst:efx_csi2_lane_aligner_9ba9...        76(8)       0(0)      20(0)        57(0)      0(0)      4(0)      0(0)
     +genblk1[0].u1_inst:efx_fifo_top_9ba95ee4393b434a8d9...        17(0)       0(0)       5(0)        13(0)      0(0)      1(0)      0(0)
      +genblk2.efx_resetsync_a_rst:efx_resetsync_9ba95ee4...         2(0)       0(0)       0(0)         0(0)      0(0)      0(0)      0(0)
       +active_high.efx_resetsync_active_high:efx_asyncre...         2(2)       0(0)       0(0)         0(0)      0(0)      0(0)      0(0)
      +xefx_fifo_ram:efx_fifo_ram_9ba95ee4393b434a8d9f79d...         0(0)       0(0)       0(0)         0(0)      0(0)      1(1)      0(0)
      +xefx_fifo_ctl:efx_fifo_ctl_9ba95ee4393b434a8d9f79d...       15(15)       0(0)       5(5)       13(13)      0(0)      0(0)      0(0)
     +genblk1[1].u1_inst:efx_fifo_top_9ba95ee4393b434a8d9...        17(0)       0(0)       5(0)        13(0)      0(0)      1(0)      0(0)
      +genblk2.efx_resetsync_a_rst:efx_resetsync_9ba95ee4...         2(0)       0(0)       0(0)         0(0)      0(0)      0(0)      0(0)
       +active_high.efx_resetsync_active_high:efx_asyncre...         2(2)       0(0)       0(0)         0(0)      0(0)      0(0)      0(0)
      +xefx_fifo_ram:efx_fifo_ram_9ba95ee4393b434a8d9f79d...         0(0)       0(0)       0(0)         0(0)      0(0)      1(1)      0(0)
      +xefx_fifo_ctl:efx_fifo_ctl_9ba95ee4393b434a8d9f79d...       15(15)       0(0)       5(5)       13(13)      0(0)      0(0)      0(0)
     +genblk1[2].u1_inst:efx_fifo_top_9ba95ee4393b434a8d9...        17(0)       0(0)       5(0)        18(0)      0(0)      1(0)      0(0)
      +genblk2.efx_resetsync_a_rst:efx_resetsync_9ba95ee4...         2(0)       0(0)       0(0)         0(0)      0(0)      0(0)      0(0)
       +active_high.efx_resetsync_active_high:efx_asyncre...         2(2)       0(0)       0(0)         0(0)      0(0)      0(0)      0(0)
      +xefx_fifo_ram:efx_fifo_ram_9ba95ee4393b434a8d9f79d...         0(0)       0(0)       0(0)         0(0)      0(0)      1(1)      0(0)
      +xefx_fifo_ctl:efx_fifo_ctl_9ba95ee4393b434a8d9f79d...       15(15)       0(0)       5(5)       18(18)      0(0)      0(0)      0(0)
     +genblk1[3].u1_inst:efx_fifo_top_9ba95ee4393b434a8d9...        17(0)       0(0)       5(0)        13(0)      0(0)      1(0)      0(0)
      +genblk2.efx_resetsync_a_rst:efx_resetsync_9ba95ee4...         2(0)       0(0)       0(0)         0(0)      0(0)      0(0)      0(0)
       +active_high.efx_resetsync_active_high:efx_asyncre...         2(2)       0(0)       0(0)         0(0)      0(0)      0(0)      0(0)
      +xefx_fifo_ram:efx_fifo_ram_9ba95ee4393b434a8d9f79d...         0(0)       0(0)       0(0)         0(0)      0(0)      1(1)      0(0)
      +xefx_fifo_ctl:efx_fifo_ctl_9ba95ee4393b434a8d9f79d...       15(15)       0(0)       5(5)       13(13)      0(0)      0(0)      0(0)
    +genblk3.byte2pixel_inst:efx_csi2_byte2pixel_9ba95ee4...      471(63)       0(0)    124(91)     878(162)      0(0)      7(0)      0(0)
     +syncreg_fifowr_done:efx_asyncreg_9ba95ee4393b434a8d...         2(2)       0(0)       0(0)         0(0)      0(0)      0(0)      0(0)
     +syncreg_fifo_buffer:efx_asyncreg_9ba95ee4393b434a8d...         2(2)       0(0)       0(0)         0(0)      0(0)      0(0)      0(0)
     +syncreg_0:efx_asyncreg_9ba95ee4393b434a8d9f79d31325...         2(2)       0(0)       0(0)         0(0)      0(0)      0(0)      0(0)
     +syncreg_1:efx_asyncreg_9ba95ee4393b434a8d9f79d31325...         2(2)       0(0)       0(0)         0(0)      0(0)      0(0)      0(0)
     +syncreg_2:efx_asyncreg_9ba95ee4393b434a8d9f79d31325...         2(2)       0(0)       0(0)         0(0)      0(0)      0(0)      0(0)
     +syncreg_3:efx_asyncreg_9ba95ee4393b434a8d9f79d31325...         2(2)       0(0)       0(0)         0(0)      0(0)      0(0)      0(0)
     +syncreg_4:efx_asyncreg_9ba95ee4393b434a8d9f79d31325...         2(2)       0(0)       0(0)         0(0)      0(0)      0(0)      0(0)
     +syncreg_5:efx_asyncreg_9ba95ee4393b434a8d9f79d31325...         2(2)       0(0)       0(0)         0(0)      0(0)      0(0)      0(0)
     +syncreg_6:efx_asyncreg_9ba95ee4393b434a8d9f79d31325...         2(2)       0(0)       0(0)         0(0)      0(0)      0(0)      0(0)
     +syncreg_7:efx_asyncreg_9ba95ee4393b434a8d9f79d31325...         2(2)       0(0)       0(0)         0(0)      0(0)      0(0)      0(0)
     +syncreg_8:efx_asyncreg_9ba95ee4393b434a8d9f79d31325...         2(2)       0(0)       0(0)         0(0)      0(0)      0(0)      0(0)
     +syncreg_9:efx_asyncreg_9ba95ee4393b434a8d9f79d31325...         2(2)       0(0)       0(0)         0(0)      0(0)      0(0)      0(0)
     +syncreg_10:efx_asyncreg_9ba95ee4393b434a8d9f79d3132...         2(2)       0(0)       0(0)         0(0)      0(0)      0(0)      0(0)
     +syncreg_11:efx_asyncreg_9ba95ee4393b434a8d9f79d3132...         2(2)       0(0)       0(0)         0(0)      0(0)      0(0)      0(0)
     +syncreg_12:efx_asyncreg_9ba95ee4393b434a8d9f79d3132...         2(2)       0(0)       0(0)         0(0)      0(0)      0(0)      0(0)
     +syncreg_13:efx_asyncreg_9ba95ee4393b434a8d9f79d3132...         2(2)       0(0)       0(0)         0(0)      0(0)      0(0)      0(0)
     +syncreg_14:efx_asyncreg_9ba95ee4393b434a8d9f79d3132...         2(2)       0(0)       0(0)         0(0)      0(0)      0(0)      0(0)
     +syncreg_15:efx_asyncreg_9ba95ee4393b434a8d9f79d3132...         2(2)       0(0)       0(0)         0(0)      0(0)      0(0)      0(0)
     +syncreg_16:efx_asyncreg_9ba95ee4393b434a8d9f79d3132...         2(2)       0(0)       0(0)         0(0)      0(0)      0(0)      0(0)
     +syncreg_17:efx_asyncreg_9ba95ee4393b434a8d9f79d3132...         2(2)       0(0)       0(0)         0(0)      0(0)      0(0)      0(0)
     +syncreg_18:efx_asyncreg_9ba95ee4393b434a8d9f79d3132...         2(2)       0(0)       0(0)         0(0)      0(0)      0(0)      0(0)
     +syncreg_20:efx_asyncreg_9ba95ee4393b434a8d9f79d3132...         4(4)       0(0)       0(0)         0(0)      0(0)      0(0)      0(0)
     +syncreg_23:efx_asyncreg_9ba95ee4393b434a8d9f79d3132...         2(2)       0(0)       0(0)         0(0)      0(0)      0(0)      0(0)
     +syncreg_24:efx_asyncreg_9ba95ee4393b434a8d9f79d3132...         2(2)       0(0)       0(0)         0(0)      0(0)      0(0)      0(0)
     +syncreg_25:efx_asyncreg_9ba95ee4393b434a8d9f79d3132...         2(2)       0(0)       0(0)         0(0)      0(0)      0(0)      0(0)
     +syncreg_26:efx_asyncreg_9ba95ee4393b434a8d9f79d3132...         2(2)       0(0)       0(0)         0(0)      0(0)      0(0)      0(0)
     +genblk2.depack40bit_inst:efx_csi2_depack40bit_9ba95...       53(53)       0(0)       0(0)     183(183)      0(0)      0(0)      0(0)
     +genblk3.depack48bit_inst:efx_csi2_depack48bit_9ba95...       71(71)       0(0)       0(0)     132(132)      0(0)      0(0)      0(0)
     +genblk4.depack56bit_inst:efx_csi2_depack56bit_9ba95...       83(83)       0(0)       0(0)     276(276)      0(0)      0(0)      0(0)
     +genblk5.depack64bit_inst:efx_csi2_depack64bit_9ba95...       33(33)       0(0)       0(0)       67(67)      0(0)      0(0)      0(0)
     +u1_inst:efx_fifo_top_9ba95ee4393b434a8d9f79d31325c8...       114(0)       0(0)      33(0)        58(0)      0(0)      7(0)      0(0)
      +genblk2.genblk1.efx_resetsync_wr_rst:efx_resetsync...         2(0)       0(0)       0(0)         0(0)      0(0)      0(0)      0(0)
       +active_high.efx_resetsync_active_high:efx_asyncre...         2(2)       0(0)       0(0)         0(0)      0(0)      0(0)      0(0)
      +genblk2.genblk1.efx_resetsync_rd_rst:efx_resetsync...         2(0)       0(0)       0(0)         0(0)      0(0)      0(0)      0(0)
       +active_high.efx_resetsync_active_high:efx_asyncre...         2(2)       0(0)       0(0)         0(0)      0(0)      0(0)      0(0)
      +xefx_fifo_ram:efx_fifo_ram_9ba95ee4393b434a8d9f79d...         0(0)       0(0)       0(0)         0(0)      0(0)      7(7)      0(0)
      +xefx_fifo_ctl:efx_fifo_ctl_9ba95ee4393b434a8d9f79d...      110(66)       0(0)     33(33)       58(18)      0(0)      0(0)      0(0)
       +async_clk.xrd2wr_bin2gray:efx_fifo_bin2gray_9ba95...         0(0)       0(0)       0(0)       10(10)      0(0)      0(0)      0(0)
       +async_clk.xrd2wr_addr_sync:efx_asyncreg_9ba95ee43...       22(22)       0(0)       0(0)         0(0)      0(0)      0(0)      0(0)
       +async_clk.xrd2wr_gray2bin:efx_fifo_gray2bin_9ba95...         0(0)       0(0)       0(0)        10(1)      0(0)      0(0)      0(0)
        +genblk1.genblk1.u_gray2bin:efx_fifo_gray2bin_9ba...         0(0)       0(0)       0(0)         9(1)      0(0)      0(0)      0(0)
         +genblk1.genblk1.u_gray2bin:efx_fifo_gray2bin_9b...         0(0)       0(0)       0(0)         8(1)      0(0)      0(0)      0(0)
          +genblk1.genblk1.u_gray2bin:efx_fifo_gray2bin_9...         0(0)       0(0)       0(0)         7(1)      0(0)      0(0)      0(0)
           +genblk1.genblk1.u_gray2bin:efx_fifo_gray2bin_...         0(0)       0(0)       0(0)         6(1)      0(0)      0(0)      0(0)
            +genblk1.genblk1.u_gray2bin:efx_fifo_gray2bin...         0(0)       0(0)       0(0)         5(1)      0(0)      0(0)      0(0)
             +genblk1.genblk1.u_gray2bin:efx_fifo_gray2bi...         0(0)       0(0)       0(0)         4(1)      0(0)      0(0)      0(0)
              +genblk1.genblk1.u_gray2bin:efx_fifo_gray2b...         0(0)       0(0)       0(0)         3(1)      0(0)      0(0)      0(0)
               +genblk1.genblk1.u_gray2bin:efx_fifo_gray2...         0(0)       0(0)       0(0)         2(1)      0(0)      0(0)      0(0)
                +genblk1.genblk1.u_gray2bin:efx_fifo_gray...         0(0)       0(0)       0(0)         1(1)      0(0)      0(0)      0(0)
       +async_clk.wr2rd_bin2gray:efx_fifo_bin2gray_9ba95e...         0(0)       0(0)       0(0)       10(10)      0(0)      0(0)      0(0)
       +async_clk.wr2rd_addr_sync:efx_asyncreg_9ba95ee439...       22(22)       0(0)       0(0)         0(0)      0(0)      0(0)      0(0)
       +async_clk.wr2rd_gray2bin:efx_fifo_gray2bin_9ba95e...         0(0)       0(0)       0(0)        10(1)      0(0)      0(0)      0(0)
        +genblk1.genblk1.u_gray2bin:efx_fifo_gray2bin_9ba...         0(0)       0(0)       0(0)         9(1)      0(0)      0(0)      0(0)
         +genblk1.genblk1.u_gray2bin:efx_fifo_gray2bin_9b...         0(0)       0(0)       0(0)         8(1)      0(0)      0(0)      0(0)
          +genblk1.genblk1.u_gray2bin:efx_fifo_gray2bin_9...         0(0)       0(0)       0(0)         7(1)      0(0)      0(0)      0(0)
           +genblk1.genblk1.u_gray2bin:efx_fifo_gray2bin_...         0(0)       0(0)       0(0)         6(1)      0(0)      0(0)      0(0)
            +genblk1.genblk1.u_gray2bin:efx_fifo_gray2bin...         0(0)       0(0)       0(0)         5(1)      0(0)      0(0)      0(0)
             +genblk1.genblk1.u_gray2bin:efx_fifo_gray2bi...         0(0)       0(0)       0(0)         4(1)      0(0)      0(0)      0(0)
              +genblk1.genblk1.u_gray2bin:efx_fifo_gray2b...         0(0)       0(0)       0(0)         3(1)      0(0)      0(0)      0(0)
               +genblk1.genblk1.u_gray2bin:efx_fifo_gray2...         0(0)       0(0)       0(0)         2(1)      0(0)      0(0)      0(0)
                +genblk1.genblk1.u_gray2bin:efx_fifo_gray...         0(0)       0(0)       0(0)         1(1)      0(0)      0(0)      0(0)
 +replay:sc_replay                                               403(348)       0(0)   156(156)     314(271)      0(0)      6(0)      0(0)
  +fifo:sc_async_fifo(AW=6)                                        55(55)       0(0)       0(0)       43(43)      0(0)      6(6)      0(0)
 +reads:sc_read_arbiter(DISPLAY_PRIORITY=1)                        23(23)       0(0)       0(0)       27(27)      0(0)      0(0)      0(0)
 +engine:sc_engine                                             12900(245)    2746(0)   5929(83)   21816(349)      0(0)    145(0)    117(0)
  +in_update:sc_in_refresh(TRACE=0)                              2178(93)       0(0)   1642(49)     5464(52)      0(0)    17(17)      0(0)
   +math:sc_in_math                                            2085(1271)       0(0) 1593(1112)   5412(2386)      0(0)      0(0)      0(0)
    +alu:sc_in_alu                                               814(814)       0(0)   481(481)   3026(3026)      0(0)      0(0)      0(0)
  +net:stylenet_top                                              10477(0)    2746(0)    4204(0)   16003(328)      0(0)    128(0)    117(0)
   +u_l0:conv_layer(STRIDE=2,GI=3,CIN=3,COUT=16,W=640,H=4...       459(0)     233(0)     335(0)      1477(2)      0(0)     11(0)     13(0)
    +g_k3.g_lb3.u_swg:swg3(G=3,NG=1,W=640,H=480,STRIDE=2)        143(140)      24(0)   167(167)     221(214)      0(0)      5(0)      0(0)
     +u_lb:sdpram(W=24,D=1920,AW=11)                                 0(0)       0(0)       0(0)         0(0)      0(0)      5(5)      0(0)
     +u_of:sfifo(W=36)                                               3(3)     24(24)       0(0)         7(7)      0(0)      0(0)      0(0)
    +g_k3.g_dense.u_mac:mac_dense(G=3,NI=9,COUT=16)               154(87)   207(104)   133(133)     296(284)      0(0)      5(0)    12(12)
     +u_w:wram(D=36)                                               64(64)       0(0)       0(0)         4(4)      0(0)      5(5)      0(0)
     +u_of:srlfifo(W=104,D=4)                                        3(3)   103(103)       0(0)         8(8)      0(0)      0(0)      0(0)
    +u_rq:requant(COUT=16,R=1,S=20,NSTY=6)                       162(162)       2(2)     35(35)     958(958)      0(0)      1(0)      1(1)
     +u_c:sdpram(W=19,D=192,AW=8)                                    0(0)       0(0)       0(0)         0(0)      0(0)      1(1)      0(0)
   +u_l1:conv_layer(STRIDE=2,CIN=16,W=320,H=240,PE=4,R=1,...       479(0)     241(0)     354(0)      1356(3)      0(0)     22(0)     17(0)
    +g_k3.g_lb3.u_swg:swg3(NG=4,W=320,H=240,STRIDE=2)            145(141)      32(0)   167(167)     219(210)      0(0)     14(0)      0(0)
     +u_lb:sdpram(D=3840,AW=12)                                      1(1)       0(0)       0(0)         2(2)      0(0)    14(14)      0(0)
     +u_of:sfifo(W=44)                                               3(3)     32(32)       0(0)         7(7)      0(0)      0(0)      0(0)
    +g_k3.g_dense.u_mac:mac_dense                                 171(71)   207(104)   148(148)     167(155)      0(0)      7(0)    16(16)
     +u_w:wram(W=128,D=216,AW=8)                                   96(96)       0(0)       0(0)         4(4)      0(0)      7(7)      0(0)
     +u_of:srlfifo(W=104,D=6)                                        4(4)   103(103)       0(0)         8(8)      0(0)      0(0)      0(0)
    +u_rq:requant(R=1,S=21,NSTY=6)                               163(163)       2(2)     39(39)     967(967)      0(0)      1(0)      1(1)
     +u_c:sdpram(W=19,D=288,AW=9)                                    0(0)       0(0)       0(0)         0(0)      0(0)      1(1)      0(0)
   +u_l2:conv_layer(DW=1,S=17,FWD=1,NSTY=6)                       1196(0)     244(0)     457(0)      1310(3)      0(0)     10(0)      5(0)
    +g_k3.g_lb2.u_swg:swg3b                                      648(645)   234(192)   190(190)    1002(992)      0(0)      7(0)      0(0)
     +u_lb:sdpram(D=1920,AW=11)                                      0(0)       0(0)       0(0)         0(0)      0(0)      7(7)      0(0)
     +u_of:sfifo(W=44)                                               3(3)     42(42)       0(0)       10(10)      0(0)      0(0)      0(0)
    +g_k3.g_dw.u_mac:mac_dw                                      323(323)       0(0)   224(224)     150(150)      0(0)      2(0)      4(4)
     +u_w:wram(W=32,D=54)                                            0(0)       0(0)       0(0)         0(0)      0(0)      2(2)      0(0)
    +u_rq:requant(S=17,FWD=1,NSTY=6)                             225(225)     10(10)     43(43)     155(155)      0(0)      1(0)      1(1)
     +u_c:sdpram(W=19,D=288,AW=9)                                    0(0)       0(0)       0(0)         0(0)      0(0)      1(1)      0(0)
   +u_l3:conv_layer(K=1,S=17,KSK=70950,SKIP_ADD=1,NSTY=6)          594(0)     246(0)     170(0)       848(3)      0(0)      3(0)      6(0)
    +g_k1.u_mac:mac_dense(NI=6,PE=1,SIDE_IN=1)                    419(75)    244(78)     88(66)     277(202)      0(0)      2(0)      4(4)
     +u_w:wram(W=32,D=144,AW=8)                                      0(0)       0(0)       0(0)         0(0)      0(0)      2(2)      0(0)
     +g_sd.u_sd:srlfifo(W=32,D=12)                               100(100)     64(64)       9(9)         3(3)      0(0)      0(0)      0(0)
     +u_of:srlfifo(W=34,D=24)                                    244(244)   102(102)     13(13)       72(72)      0(0)      0(0)      0(0)
    +u_rq:requant(S=17,K=70950,SKIP_ADD=1,NSTY=6)                175(175)       2(2)     82(82)     568(568)      0(0)      1(0)      2(2)
     +u_c:sdpram(W=19,D=288,AW=9)                                    0(0)       0(0)       0(0)         0(0)      0(0)      1(1)      0(0)
   +u_l4:conv_layer(DW=1,S=19,FWD=1,NSTY=6)                       1194(0)     244(0)     455(0)      1302(2)      0(0)     10(0)      5(0)
    +g_k3.g_lb2.u_swg:swg3b                                      648(645)   234(192)   190(190)     999(989)      0(0)      7(0)      0(0)
     +u_lb:sdpram(D=1920,AW=11)                                      0(0)       0(0)       0(0)         0(0)      0(0)      7(7)      0(0)
     +u_of:sfifo(W=44)                                               3(3)     42(42)       0(0)       10(10)      0(0)      0(0)      0(0)
    +g_k3.g_dw.u_mac:mac_dw                                      323(323)       0(0)   224(224)     152(152)      0(0)      2(0)      4(4)
     +u_w:wram(W=32,D=54)                                            0(0)       0(0)       0(0)         0(0)      0(0)      2(2)      0(0)
    +u_rq:requant(S=19,FWD=1,NSTY=6)                             223(223)     10(10)     41(41)     149(149)      0(0)      1(0)      1(1)
     +u_c:sdpram(W=19,D=288,AW=9)                                    0(0)       0(0)       0(0)         0(0)      0(0)      1(1)      0(0)
   +u_l5:conv_layer(K=1,S=17,KSK=97034,SKIP_ADD=1,NSTY=6)          594(0)     246(0)     170(0)       843(2)      0(0)      3(0)      6(0)
    +g_k1.u_mac:mac_dense(NI=6,PE=1,SIDE_IN=1)                    419(75)    244(78)     88(66)     276(202)      0(0)      2(0)      4(4)
     +u_w:wram(W=32,D=144,AW=8)                                      0(0)       0(0)       0(0)         0(0)      0(0)      2(2)      0(0)
     +g_sd.u_sd:srlfifo(W=32,D=12)                               100(100)     64(64)       9(9)         3(3)      0(0)      0(0)      0(0)
     +u_of:srlfifo(W=34,D=24)                                    244(244)   102(102)     13(13)       71(71)      0(0)      0(0)      0(0)
    +u_rq:requant(S=17,K=97034,SKIP_ADD=1,NSTY=6)                175(175)       2(2)     82(82)     565(565)      0(0)      1(0)      2(2)
     +u_c:sdpram(W=19,D=288,AW=9)                                    0(0)       0(0)       0(0)         0(0)      0(0)      1(1)      0(0)
   +u_l6:conv_layer(DW=1,S=18,FWD=1,NSTY=6)                       1195(0)     244(0)     456(0)      1304(4)      0(0)     10(0)      5(0)
    +g_k3.g_lb2.u_swg:swg3b                                      648(645)   234(192)   190(190)     998(989)      0(0)      7(0)      0(0)
     +u_lb:sdpram(D=1920,AW=11)                                      0(0)       0(0)       0(0)         0(0)      0(0)      7(7)      0(0)
     +u_of:sfifo(W=44)                                               3(3)     42(42)       0(0)         9(9)      0(0)      0(0)      0(0)
    +g_k3.g_dw.u_mac:mac_dw                                      323(323)       0(0)   224(224)     153(153)      0(0)      2(0)      4(4)
     +u_w:wram(W=32,D=54)                                            0(0)       0(0)       0(0)         0(0)      0(0)      2(2)      0(0)
    +u_rq:requant(S=18,FWD=1,NSTY=6)                             224(224)     10(10)     42(42)     149(149)      0(0)      1(0)      1(1)
     +u_c:sdpram(W=19,D=288,AW=9)                                    0(0)       0(0)       0(0)         0(0)      0(0)      1(1)      0(0)
   +u_l7:conv_layer(K=1,S=17,KSK=113384,SKIP_ADD=1,NSTY=6)         594(0)     246(0)     168(0)       846(6)      0(0)      3(0)      6(0)
    +g_k1.u_mac:mac_dense(NI=6,PE=1,SIDE_IN=1)                    419(75)    244(78)     88(66)     274(202)      0(0)      2(0)      4(4)
     +u_w:wram(W=32,D=144,AW=8)                                      0(0)       0(0)       0(0)         0(0)      0(0)      2(2)      0(0)
     +g_sd.u_sd:srlfifo(W=32,D=12)                               100(100)     64(64)       9(9)         3(3)      0(0)      0(0)      0(0)
     +u_of:srlfifo(W=34,D=24)                                    244(244)   102(102)     13(13)       69(69)      0(0)      0(0)      0(0)
    +u_rq:requant(S=17,K=113384,SKIP_ADD=1,NSTY=6)               175(175)       2(2)     80(80)     566(566)      0(0)      1(0)      2(2)
     +u_c:sdpram(W=19,D=288,AW=9)                                    0(0)       0(0)       0(0)         0(0)      0(0)      1(1)      0(0)
   +u_l8:conv_layer(DW=1,S=19,FWD=1,NSTY=6)                       1194(0)     244(0)     455(0)      1337(3)      0(0)     10(0)      5(0)
    +g_k3.g_lb2.u_swg:swg3b                                      648(645)   234(192)   190(190)   1036(1026)      0(0)      7(0)      0(0)
     +u_lb:sdpram(D=1920,AW=11)                                      0(0)       0(0)       0(0)         0(0)      0(0)      7(7)      0(0)
     +u_of:sfifo(W=44)                                               3(3)     42(42)       0(0)       10(10)      0(0)      0(0)      0(0)
    +g_k3.g_dw.u_mac:mac_dw                                      323(323)       0(0)   224(224)     150(150)      0(0)      2(0)      4(4)
     +u_w:wram(W=32,D=54)                                            0(0)       0(0)       0(0)         0(0)      0(0)      2(2)      0(0)
    +u_rq:requant(S=19,FWD=1,NSTY=6)                             223(223)     10(10)     41(41)     148(148)      0(0)      1(0)      1(1)
     +u_c:sdpram(W=19,D=288,AW=9)                                    0(0)       0(0)       0(0)         0(0)      0(0)      1(1)      0(0)
   +u_l9:conv_layer(K=1,S=18,KSK=117607,SKIP_ADD=1,NSTY=6)         593(0)     246(0)     171(0)       971(5)      0(0)      3(0)      6(0)
    +g_k1.u_mac:mac_dense(NI=6,PE=1,SIDE_IN=1)                    419(75)    244(78)     88(66)     276(203)      0(0)      2(0)      4(4)
     +u_w:wram(W=32,D=144,AW=8)                                      0(0)       0(0)       0(0)         0(0)      0(0)      2(2)      0(0)
     +g_sd.u_sd:srlfifo(W=32,D=12)                               100(100)     64(64)       9(9)         3(3)      0(0)      0(0)      0(0)
     +u_of:srlfifo(W=34,D=24)                                    244(244)   102(102)     13(13)       70(70)      0(0)      0(0)      0(0)
    +u_rq:requant(S=18,K=117607,SKIP_ADD=1,NSTY=6)               174(174)       2(2)     83(83)     690(690)      0(0)      1(0)      2(2)
     +u_c:sdpram(W=19,D=288,AW=9)                                    0(0)       0(0)       0(0)         0(0)      0(0)      1(1)      0(0)
   +u_l10:conv_layer(DW=1,UP=1,S=20,NSTY=6)                        560(0)      44(0)     404(0)       531(2)      0(0)     10(0)      5(0)
    +g_k3.g_lb3.u_swg:swg3(UP=1,NR=2)                            135(132)      42(0)   138(138)     250(242)      0(0)      7(0)      0(0)
     +u_lb:sdpram(D=1920,AW=11)                                      0(0)       0(0)       0(0)         0(0)      0(0)      7(7)      0(0)
     +u_of:sfifo(W=44)                                               3(3)     42(42)       0(0)         8(8)      0(0)      0(0)      0(0)
    +g_k3.g_dw.u_mac:mac_dw                                      259(259)       0(0)   224(224)     132(132)      0(0)      2(0)      4(4)
     +u_w:wram(W=32,D=54)                                            0(0)       0(0)       0(0)         0(0)      0(0)      2(2)      0(0)
    +u_rq:requant(S=20,NSTY=6)                                   166(166)       2(2)     42(42)     147(147)      0(0)      1(0)      1(1)
     +u_c:sdpram(W=19,D=288,AW=9)                                    0(0)       0(0)       0(0)         0(0)      0(0)      1(1)      0(0)
   +u_l11:conv_layer(K=1,COUT=16,W=320,H=240,PE=2,S=19,NS...       270(0)     106(0)     117(0)       662(2)      0(0)      5(0)      9(0)
    +g_k1.u_mac:mac_dense(NI=6,COUT=16,PE=2)                      107(71)    104(52)     81(81)     116(103)      0(0)      4(0)      8(8)
     +u_w:wram(W=64,D=48)                                          32(32)       0(0)       0(0)         3(3)      0(0)      4(4)      0(0)
     +u_of:srlfifo(W=52,D=8)                                         4(4)     52(52)       0(0)       10(10)      0(0)      0(0)      0(0)
    +u_rq:requant(COUT=16,S=19,NSTY=6)                           163(163)       2(2)     36(36)     544(544)      0(0)      1(0)      1(1)
     +u_c:sdpram(W=19,D=192,AW=8)                                    0(0)       0(0)       0(0)         0(0)      0(0)      1(1)      0(0)
   +u_l12:conv_layer(CIN=16,COUT=12,W=320,H=240,PE=6,R=1,...      1205(0)     162(0)     367(0)      2567(6)      0(0)     20(0)     25(0)
    +g_k3.g_lb2.u_swg:swg3b(NG=4,W=320,H=240)                    190(186)   160(128)   138(138)     601(589)      0(0)      9(0)      0(0)
     +u_lb:sdpram(D=2560,AW=12)                                      1(1)       0(0)       0(0)         5(5)      0(0)      9(9)      0(0)
     +u_of:sfifo(W=44)                                               3(3)     32(32)       0(0)         7(7)      0(0)      0(0)      0(0)
    +g_k3.g_dense.u_mac:mac_dense(COUT=12,PE=6)                  855(383)       0(0)   191(191)     214(203)      0(0)     10(0)    24(24)
     +u_w:wram(W=192,D=72,AW=7)                                  160(160)       0(0)       0(0)         7(7)      0(0)    10(10)      0(0)
     +u_of:srlfifo(W=156,D=2)                                    312(312)       0(0)       0(0)         4(4)      0(0)      0(0)      0(0)
    +u_rq:requant(COUT=12,R=1,S=22,NSTY=6)                       160(160)       2(2)     38(38)   1746(1746)      0(0)      1(0)      1(1)
     +u_c:sdpram(W=19,D=144,AW=8)                                    0(0)       0(0)       0(0)         0(0)      0(0)      1(1)      0(0)
   +u_st:in_stats(CMAX=24)                                       139(139)       0(0)   100(100)     157(157)      0(0)      5(5)      4(4)
   +u_ps:pixshuf                                                 211(211)       0(0)     25(25)     164(164)      0(0)      3(3)      0(0)
 +key3:sc_button(CYCLES=1000000)                                   24(24)       0(0)     19(19)       10(10)      0(0)      0(0)      0(0)
 +key2:sc_button(CYCLES=1000000)                                   24(24)       0(0)     19(19)       10(10)      0(0)      0(0)      0(0)
 +cpu:soc                                                         1865(0)       3(0)     336(0)      2337(0)      0(0)     24(0)      0(0)
  +u_EfxSapphireSoc:EfxSapphireSoc_3dd4ce2d52d4485d9a2f71...    1865(347)       3(0)    336(16)    2337(184)      0(0)     24(0)      0(0)
   +io_asyncReset_asyncAssertSyncDeassert_buffercc:Buffer...         2(2)       0(0)       0(0)         0(0)      0(0)      0(0)      0(0)
   +debugCd_logic_outputReset_asyncAssertSyncDeassert_buf...         2(2)       0(0)       0(0)         0(0)      0(0)      0(0)      0(0)
   +system_cores_0_logic_cpu:VexRiscv_3dd4ce2d52d4485d9a2...     787(719)       0(0)   101(101)   1349(1337)      0(0)      4(4)      0(0)
    +IBusSimplePlugin_rspJoin_rspBuffer_c:StreamFifoLowLa...        68(0)       0(0)       0(0)        12(0)      0(0)      0(0)      0(0)
     +fifo:StreamFifo_3dd4ce2d52d4485d9a2f710721a96fa7             68(68)       0(0)       0(0)       12(12)      0(0)      0(0)      0(0)
   +userInterruptA_buffercc:BufferCC_4_3dd4ce2d52d4485d9a...         0(0)       1(1)       0(0)         0(0)      0(0)      0(0)      0(0)
   +system_hardJtag_debug_logic_jtagBridge:JtagBridgeNoTa...         4(0)       1(0)       0(0)         1(0)      0(0)      0(0)      0(0)
    +flowCCUnsafeByToggle_1:FlowCCUnsafeByToggle_3dd4ce2d...         4(4)       1(0)       0(0)         1(1)      0(0)      0(0)      0(0)
     +inputArea_target_buffercc:BufferCC_3dd4ce2d52d4485d...         0(0)       1(1)       0(0)         0(0)      0(0)      0(0)      0(0)
   +system_hardJtag_debug_logic_debugger:SystemDebugger_3...       73(73)       1(1)       0(0)       11(11)      0(0)      0(0)      0(0)
   +system_cores_0_debugReset_asyncAssertSyncDeassert_buf...         2(2)       0(0)       0(0)         0(0)      0(0)      0(0)      0(0)
   +system_bridge_bmb_arbiter:BmbArbiter_3dd4ce2d52d4485d...         3(0)       0(0)       0(0)        60(0)      0(0)      0(0)      0(0)
    +memory_arbiter:StreamArbiter_3dd4ce2d52d4485d9a2f710...         3(3)       0(0)       0(0)       60(60)      0(0)      0(0)      0(0)
   +system_bridge_bmb_decoder:BmbDecoder_1_3dd4ce2d52d448...       12(12)       0(0)     15(15)     141(141)      0(0)      0(0)      0(0)
   +bmbDecoder_4:BmbDecoder_2_3dd4ce2d52d4485d9a2f710721a...         9(9)       0(0)     15(15)       20(20)      0(0)      0(0)      0(0)
   +system_ramA_logic:BmbOnChipRam_3dd4ce2d52d4485d9a2f71...         3(3)       0(0)       0(0)         5(5)      0(0)    16(16)      0(0)
   +system_bmbPeripheral_bmb_decoder:BmbDecoder_3_3dd4ce2...       76(76)       0(0)       0(0)       42(42)      0(0)      0(0)      0(0)
   +system_clint_logic:BmbClint_3dd4ce2d52d4485d9a2f71072...     163(163)       0(0)     63(63)     161(161)      0(0)      0(0)      0(0)
   +system_uart_0_io_logic:BmbUartCtrl_3dd4ce2d52d4485d9a...      172(62)       0(0)      75(8)      188(55)      0(0)      2(0)      0(0)
    +uartCtrl_1:UartCtrl_3dd4ce2d52d4485d9a2f710721a96fa7          66(21)       0(0)     27(21)      107(27)      0(0)      0(0)      0(0)
     +tx:UartCtrlTx_3dd4ce2d52d4485d9a2f710721a96fa7               11(11)       0(0)       0(0)       33(33)      0(0)      0(0)      0(0)
     +rx:UartCtrlRx_3dd4ce2d52d4485d9a2f710721a96fa7               34(32)       0(0)       6(6)       47(47)      0(0)      0(0)      0(0)
      +io_rxd_buffercc:BufferCC_1_3dd4ce2d52d4485d9a2f710...         2(2)       0(0)       0(0)         0(0)      0(0)      0(0)      0(0)
    +bridge_write_streamUnbuffered_queueWithOccupancy:Str...       22(22)       0(0)     20(20)       16(16)      0(0)      1(1)      0(0)
    +uartCtrl_1_io_read_queueWithOccupancy:StreamFifo_1_3...       22(22)       0(0)     20(20)       10(10)      0(0)      1(1)      0(0)
   +system_spi_0_io_logic:BmbSpiXdrMasterCtrl_3dd4ce2d52d...     176(100)       0(0)      51(0)      173(77)      0(0)      2(0)      0(0)
    +ctrl:TopLevel_3dd4ce2d52d4485d9a2f710721a96fa7                32(32)       0(0)     11(11)       69(69)      0(0)      0(0)      0(0)
    +mapping_cmdLogic_streamUnbuffered_queueWithAvailabil...       22(22)       0(0)     20(20)       14(14)      0(0)      1(1)      0(0)
    +ctrl_io_rsp_queueWithOccupancy:StreamFifo_4_3dd4ce2d...       22(22)       0(0)     20(20)       13(13)      0(0)      1(1)      0(0)
   +io_apbSlave_0_logic:BmbToApb3Bridge_3dd4ce2d52d4485d9...       34(34)       0(0)       0(0)         2(2)      0(0)      0(0)      0(0)
 +regs:sc_apb_regs                                               356(219)       0(0)      31(0)     734(425)      0(0)      0(0)      0(0)
  +cam_i2c:i2c_reg16(TICK_CYCLES=1000)                           137(137)       0(0)     31(31)     309(309)      0(0)      0(0)      0(0)
 +display:sc_display                                            1036(902)       6(6)   208(197)     645(548)      0(0)     22(0)      0(0)
  +upload_fifo:sc_async_fifo(W=148,AW=6)                           55(55)       0(0)       0(0)       35(35)      0(0)      8(8)      0(0)
  +row_cache:sdpram(W=96,D=320,AW=9)                                 0(0)       0(0)       0(0)         0(0)      0(0)      5(5)      0(0)
  +osd_text:sc_dcram(INIT="model/osd_text.mem")                      0(0)       0(0)       0(0)         0(0)      0(0)      2(2)      0(0)
  +osd_font:sdpram(W=8,D=1536,AW=11,INIT="model/font8x16....         0(0)       0(0)       0(0)         0(0)      0(0)      2(2)      0(0)
  +display_fifo:sc_async_fifo(W=96,AW=9)                           79(79)       0(0)     11(11)       62(62)      0(0)      5(5)      0(0)
 +video:dvi_encoder                                               617(80)     248(0)    180(10)      897(47)      0(0)      2(0)      0(0)
  +simple_dual_port_ram_inst:simple_dual_port_ram(DATA_WI...         0(0)       0(0)       0(0)         0(0)      0(0)      2(2)      0(0)
  +tx_aux_inst:tx_aux                                            406(330)     248(0)      23(0)     639(513)      0(0)      0(0)      0(0)
   +audio_clock_regeneration_packet_inst:audio_clock_rege...       25(25)       0(0)     23(23)         8(8)      0(0)      0(0)      0(0)
   +Sc_Fifo_Slr8_inst:Sc_Fifo_Slr8                                   6(6)   248(248)       0(0)       15(15)      0(0)      0(0)      0(0)
   +packet_assembler_inst:packet_assembler                         45(45)       0(0)       0(0)     103(103)      0(0)      0(0)      0(0)
  +encb:encode                                                     45(45)       0(0)     49(49)       70(70)      0(0)      0(0)      0(0)
  +encr:encode                                                     43(43)       0(0)     49(49)       71(71)      0(0)      0(0)      0(0)
  +encg:encode                                                     43(43)       0(0)     49(49)       70(70)      0(0)      0(0)      0(0)
 +u_ddr3_top:ddr3_top                                            2503(16)     784(0)     280(0)      3333(0)      0(0)     22(0)      0(0)
  +u_phy_top:phy_ctl(DEBUG_WIDTH=57,CL=6,COL_WIDTH=10,DM_...      1388(7)      52(0)     133(0)    1490(347)      0(0)     22(0)      0(0)
   +u_ddr_phy_init:ddr_calibration_ini(tCK=2500,CLK_PERIO...     167(167)       5(5)     59(59)     241(241)      0(0)      0(0)      0(0)
   +u_ddr_phy_rdlvl_dqs:ddr_phy_rdlvl_dqs                          64(64)       2(2)     18(18)     108(108)      0(0)      0(0)      0(0)
   +u_ddr_phy_wrlvl:ddr_phy_wrlvl(DQ_WIDTH=16)                     60(60)       1(1)     10(10)     116(116)      0(0)      0(0)      0(0)
   +u_ddr_mpr_rdlvl:ddr_mpr_rdlvl(DQ_WIDTH=16)                     23(23)       0(0)       0(0)       11(11)      0(0)      0(0)      0(0)
   +u_ddr_phy_wrcal:ddr_phy_wrcal(CK_RATIO=4,DQ_WIDTH=16,...     305(305)       0(0)       0(0)     192(192)      0(0)      0(0)      0(0)
   +u_ddr_phy_if:ddr_phy_if(tCK=2500,nCL=6,BANK_WIDTH=3,D...     762(602)      44(4)      46(0)     475(328)      0(0)     22(0)      0(0)
    +u1_cmd_fifo:efx_fifo_wrapper(SYNC_CLK=0,MODE="FWFT",...        40(0)      10(0)      13(0)        39(0)      0(0)      5(0)      0(0)
     +u_efx_fifo_top:efx_fifo_top_6ceb0421bf6b4ab2809a782...        40(4)      10(0)      13(0)        39(0)      0(0)      5(0)      0(0)
      +xefx_fifo_ram:efx_fifo_ram_6ceb0421bf6b4ab2809a782...         0(0)       0(0)       0(0)         0(0)      0(0)      5(5)      0(0)
      +xefx_fifo_ctl:efx_fifo_ctl_6ceb0421bf6b4ab2809a782...       36(36)      10(0)     13(13)       39(22)      0(0)      0(0)      0(0)
       +genblk7.xrd2wr_bin2gray:efx_fifo_bin2gray_6ceb042...         0(0)       0(0)       0(0)         6(6)      0(0)      0(0)      0(0)
       +genblk7.xrd2wr_addr_sync:efx_fifo_datasync_6ceb04...         0(0)       5(5)       0(0)         0(0)      0(0)      0(0)      0(0)
       +genblk7.xrd2wr_gray2bin:efx_fifo_gray2bin_6ceb042...         0(0)       0(0)       0(0)         4(1)      0(0)      0(0)      0(0)
        +genblk1.genblk1.u_gray2bin:efx_fifo_gray2bin_6ce...         0(0)       0(0)       0(0)         3(1)      0(0)      0(0)      0(0)
         +genblk1.genblk1.u_gray2bin:efx_fifo_gray2bin_6c...         0(0)       0(0)       0(0)         2(1)      0(0)      0(0)      0(0)
          +genblk1.genblk1.u_gray2bin:efx_fifo_gray2bin_6...         0(0)       0(0)       0(0)         1(1)      0(0)      0(0)      0(0)
       +genblk7.wr2rd_bin2gray:efx_fifo_bin2gray_6ceb0421...         0(0)       0(0)       0(0)         3(3)      0(0)      0(0)      0(0)
       +genblk7.wr2rd_addr_sync:efx_fifo_datasync_6ceb042...         0(0)       5(5)       0(0)         0(0)      0(0)      0(0)      0(0)
       +genblk7.wr2rd_gray2bin:efx_fifo_gray2bin_6ceb0421...         0(0)       0(0)       0(0)         4(1)      0(0)      0(0)      0(0)
        +genblk1.genblk1.u_gray2bin:efx_fifo_gray2bin_6ce...         0(0)       0(0)       0(0)         3(1)      0(0)      0(0)      0(0)
         +genblk1.genblk1.u_gray2bin:efx_fifo_gray2bin_6c...         0(0)       0(0)       0(0)         2(1)      0(0)      0(0)      0(0)
          +genblk1.genblk1.u_gray2bin:efx_fifo_gray2bin_6...         0(0)       0(0)       0(0)         1(1)      0(0)      0(0)      0(0)
    +u2_ctl_fifo:efx_fifo_wrapper(SYNC_CLK=0,MODE="FWFT",...        40(0)      10(0)      13(0)        38(0)      0(0)      2(0)      0(0)
     +u_efx_fifo_top:efx_fifo_top_6ceb0421bf6b4ab2809a782...        40(4)      10(0)      13(0)        38(0)      0(0)      2(0)      0(0)
      +xefx_fifo_ram:efx_fifo_ram_6ceb0421bf6b4ab2809a782...         0(0)       0(0)       0(0)         0(0)      0(0)      2(2)      0(0)
      +xefx_fifo_ctl:efx_fifo_ctl_6ceb0421bf6b4ab2809a782...       36(36)      10(0)     13(13)       38(21)      0(0)      0(0)      0(0)
       +genblk7.xrd2wr_bin2gray:efx_fifo_bin2gray_6ceb042...         0(0)       0(0)       0(0)         6(6)      0(0)      0(0)      0(0)
       +genblk7.xrd2wr_addr_sync:efx_fifo_datasync_6ceb04...         0(0)       5(5)       0(0)         0(0)      0(0)      0(0)      0(0)
       +genblk7.xrd2wr_gray2bin:efx_fifo_gray2bin_6ceb042...         0(0)       0(0)       0(0)         4(1)      0(0)      0(0)      0(0)
        +genblk1.genblk1.u_gray2bin:efx_fifo_gray2bin_6ce...         0(0)       0(0)       0(0)         3(1)      0(0)      0(0)      0(0)
         +genblk1.genblk1.u_gray2bin:efx_fifo_gray2bin_6c...         0(0)       0(0)       0(0)         2(1)      0(0)      0(0)      0(0)
          +genblk1.genblk1.u_gray2bin:efx_fifo_gray2bin_6...         0(0)       0(0)       0(0)         1(1)      0(0)      0(0)      0(0)
       +genblk7.wr2rd_bin2gray:efx_fifo_bin2gray_6ceb0421...         0(0)       0(0)       0(0)         3(3)      0(0)      0(0)      0(0)
       +genblk7.wr2rd_addr_sync:efx_fifo_datasync_6ceb042...         0(0)       5(5)       0(0)         0(0)      0(0)      0(0)      0(0)
       +genblk7.wr2rd_gray2bin:efx_fifo_gray2bin_6ceb0421...         0(0)       0(0)       0(0)         4(1)      0(0)      0(0)      0(0)
        +genblk1.genblk1.u_gray2bin:efx_fifo_gray2bin_6ce...         0(0)       0(0)       0(0)         3(1)      0(0)      0(0)      0(0)
         +genblk1.genblk1.u_gray2bin:efx_fifo_gray2bin_6c...         0(0)       0(0)       0(0)         2(1)      0(0)      0(0)      0(0)
          +genblk1.genblk1.u_gray2bin:efx_fifo_gray2bin_6...         0(0)       0(0)       0(0)         1(1)      0(0)      0(0)      0(0)
    +u3_dout_fifo:efx_fifo_wrapper(SYNC_CLK=0,MODE="FWFT"...        40(0)      10(0)      13(0)        36(0)      0(0)      8(0)      0(0)
     +u_efx_fifo_top:efx_fifo_top_6ceb0421bf6b4ab2809a782...        40(4)      10(0)      13(0)        36(0)      0(0)      8(0)      0(0)
      +xefx_fifo_ram:efx_fifo_ram_6ceb0421bf6b4ab2809a782...         0(0)       0(0)       0(0)         0(0)      0(0)      8(8)      0(0)
      +xefx_fifo_ctl:efx_fifo_ctl_6ceb0421bf6b4ab2809a782...       36(36)      10(0)     13(13)       36(19)      0(0)      0(0)      0(0)
       +genblk7.xrd2wr_bin2gray:efx_fifo_bin2gray_6ceb042...         0(0)       0(0)       0(0)         6(6)      0(0)      0(0)      0(0)
       +genblk7.xrd2wr_addr_sync:efx_fifo_datasync_6ceb04...         0(0)       5(5)       0(0)         0(0)      0(0)      0(0)      0(0)
       +genblk7.xrd2wr_gray2bin:efx_fifo_gray2bin_6ceb042...         0(0)       0(0)       0(0)         4(1)      0(0)      0(0)      0(0)
        +genblk1.genblk1.u_gray2bin:efx_fifo_gray2bin_6ce...         0(0)       0(0)       0(0)         3(1)      0(0)      0(0)      0(0)
         +genblk1.genblk1.u_gray2bin:efx_fifo_gray2bin_6c...         0(0)       0(0)       0(0)         2(1)      0(0)      0(0)      0(0)
          +genblk1.genblk1.u_gray2bin:efx_fifo_gray2bin_6...         0(0)       0(0)       0(0)         1(1)      0(0)      0(0)      0(0)
       +genblk7.wr2rd_bin2gray:efx_fifo_bin2gray_6ceb0421...         0(0)       0(0)       0(0)         3(3)      0(0)      0(0)      0(0)
       +genblk7.wr2rd_addr_sync:efx_fifo_datasync_6ceb042...         0(0)       5(5)       0(0)         0(0)      0(0)      0(0)      0(0)
       +genblk7.wr2rd_gray2bin:efx_fifo_gray2bin_6ceb0421...         0(0)       0(0)       0(0)         4(1)      0(0)      0(0)      0(0)
        +genblk1.genblk1.u_gray2bin:efx_fifo_gray2bin_6ce...         0(0)       0(0)       0(0)         3(1)      0(0)      0(0)      0(0)
         +genblk1.genblk1.u_gray2bin:efx_fifo_gray2bin_6c...         0(0)       0(0)       0(0)         2(1)      0(0)      0(0)      0(0)
          +genblk1.genblk1.u_gray2bin:efx_fifo_gray2bin_6...         0(0)       0(0)       0(0)         1(1)      0(0)      0(0)      0(0)
    +u4_din_fifo:efx_fifo_wrapper(SYNC_CLK=0,MODE="FWFT",...        40(0)      10(0)       7(0)        34(0)      0(0)      7(0)      0(0)
     +u_efx_fifo_top:efx_fifo_top_6ceb0421bf6b4ab2809a782...        40(4)      10(0)       7(0)        34(0)      0(0)      7(0)      0(0)
      +xefx_fifo_ram:efx_fifo_ram_6ceb0421bf6b4ab2809a782...         0(0)       0(0)       0(0)         0(0)      0(0)      7(7)      0(0)
      +xefx_fifo_ctl:efx_fifo_ctl_6ceb0421bf6b4ab2809a782...       36(36)      10(0)       7(7)       34(17)      0(0)      0(0)      0(0)
       +genblk7.xrd2wr_bin2gray:efx_fifo_bin2gray_6ceb042...         0(0)       0(0)       0(0)         6(6)      0(0)      0(0)      0(0)
       +genblk7.xrd2wr_addr_sync:efx_fifo_datasync_6ceb04...         0(0)       5(5)       0(0)         0(0)      0(0)      0(0)      0(0)
       +genblk7.xrd2wr_gray2bin:efx_fifo_gray2bin_6ceb042...         0(0)       0(0)       0(0)         4(1)      0(0)      0(0)      0(0)
        +genblk1.genblk1.u_gray2bin:efx_fifo_gray2bin_6ce...         0(0)       0(0)       0(0)         3(1)      0(0)      0(0)      0(0)
         +genblk1.genblk1.u_gray2bin:efx_fifo_gray2bin_6c...         0(0)       0(0)       0(0)         2(1)      0(0)      0(0)      0(0)
          +genblk1.genblk1.u_gray2bin:efx_fifo_gray2bin_6...         0(0)       0(0)       0(0)         1(1)      0(0)      0(0)      0(0)
       +genblk7.wr2rd_bin2gray:efx_fifo_bin2gray_6ceb0421...         0(0)       0(0)       0(0)         3(3)      0(0)      0(0)      0(0)
       +genblk7.wr2rd_addr_sync:efx_fifo_datasync_6ceb042...         0(0)       5(5)       0(0)         0(0)      0(0)      0(0)      0(0)
       +genblk7.wr2rd_gray2bin:efx_fifo_gray2bin_6ceb0421...         0(0)       0(0)       0(0)         4(1)      0(0)      0(0)      0(0)
        +genblk1.genblk1.u_gray2bin:efx_fifo_gray2bin_6ce...         0(0)       0(0)       0(0)         3(1)      0(0)      0(0)      0(0)
         +genblk1.genblk1.u_gray2bin:efx_fifo_gray2bin_6c...         0(0)       0(0)       0(0)         2(1)      0(0)      0(0)      0(0)
          +genblk1.genblk1.u_gray2bin:efx_fifo_gray2bin_6...         0(0)       0(0)       0(0)         1(1)      0(0)      0(0)      0(0)
  +u_memory_bus_ctl:memory_bus_ctl(RANK_WIDTH=1,ROW_WIDTH...      528(63)       0(0)      43(0)       929(0)      0(0)      0(0)      0(0)
   +rank_mach:rank_mach(CS_WIDTH=1,MAINT_PRESCALER_DIV=20...        68(0)       0(0)      34(0)        73(0)      0(0)      0(0)      0(0)
    +rank_cntrl[0].u_rank_cntrl:rank_cntrl(DQRD2DQWR_DLY=...       17(15)       0(0)       0(0)       30(30)      0(0)      0(0)      0(0)
     +u_SRLC32:SRLC32                                                2(2)       0(0)       0(0)         0(0)      0(0)      0(0)      0(0)
    +u_rank_common:rank_common(MAINT_PRESCALER_DIV=20,nCK...       51(45)       0(0)     34(34)       43(33)      0(0)      0(0)      0(0)
     +maint_arb0:round_robin_arbiter                                 6(6)       0(0)       0(0)       10(10)      0(0)      0(0)      0(0)
   +u_bank_mach:bank_mach(ADDR_DLY="UNBUF",COL_WIDTH=10,C...       351(0)       0(0)       9(0)       781(0)      0(0)      0(0)      0(0)
    +bank_cntrl[0].u_bank_cntrl:bank_cntrl(ADDR_DLY="UNBU...        73(0)       0(0)       0(0)       111(0)      0(0)      0(0)      0(0)
     +u_bank_compare:bank_compare(COL_WIDTH=10,BUF_DW=5,R...       30(30)       0(0)       0(0)       15(15)      0(0)      0(0)      0(0)
     +u_bank_state:bank_state(ADDR_DLY="UNBUF",BUF_DW=5,C...       25(25)       0(0)       0(0)       48(48)      0(0)      0(0)      0(0)
     +u_bank_queue:bank_queue                                      18(18)       0(0)       0(0)       48(48)      0(0)      0(0)      0(0)
    +bank_cntrl[1].u_bank_cntrl:bank_cntrl(ADDR_DLY="UNBU...        70(0)       0(0)       0(0)       124(0)      0(0)      0(0)      0(0)
     +u_bank_compare:bank_compare(COL_WIDTH=10,BUF_DW=5,R...       30(30)       0(0)       0(0)       16(16)      0(0)      0(0)      0(0)
     +u_bank_state:bank_state(ADDR_DLY="UNBUF",BUF_DW=5,N...       22(22)       0(0)       0(0)       55(55)      0(0)      0(0)      0(0)
     +u_bank_queue:bank_queue(NUM=1)                               18(18)       0(0)       0(0)       53(53)      0(0)      0(0)      0(0)
    +bank_cntrl[2].u_bank_cntrl:bank_cntrl(ADDR_DLY="UNBU...        70(0)       0(0)       0(0)       113(0)      0(0)      0(0)      0(0)
     +u_bank_compare:bank_compare(COL_WIDTH=10,BUF_DW=5,R...       30(30)       0(0)       0(0)       13(13)      0(0)      0(0)      0(0)
     +u_bank_state:bank_state(ADDR_DLY="UNBUF",BUF_DW=5,N...       22(22)       0(0)       0(0)       47(47)      0(0)      0(0)      0(0)
     +u_bank_queue:bank_queue(NUM=2)                               18(18)       0(0)       0(0)       53(53)      0(0)      0(0)      0(0)
    +bank_cntrl[3].u_bank_cntrl:bank_cntrl(ADDR_DLY="UNBU...        70(0)       0(0)       0(0)       109(0)      0(0)      0(0)      0(0)
     +u_bank_compare:bank_compare(COL_WIDTH=10,BUF_DW=5,R...       30(30)       0(0)       0(0)       13(13)      0(0)      0(0)      0(0)
     +u_bank_state:bank_state(ADDR_DLY="UNBUF",BUF_DW=5,N...       22(22)       0(0)       0(0)       47(47)      0(0)      0(0)      0(0)
     +u_bank_queue:bank_queue(NUM=3)                               18(18)       0(0)       0(0)       49(49)      0(0)      0(0)      0(0)
    +u_bank_common:bank_common(LOW_CNT=0,CK_RATIO=4,nRFC=...       22(22)       0(0)       9(9)       31(31)      0(0)      0(0)      0(0)
    +u_arb_mux:arb_mux(ADDR_DLY="UNBUF",CS_WIDTH=1,CL=6,B...        46(0)       0(0)       0(0)       293(0)      0(0)      0(0)      0(0)
     +u_arb_row_col:arb_row_col(ADDR_DLY="UNBUF",CK_RATIO...        40(8)       0(0)       0(0)       121(9)      0(0)      0(0)      0(0)
      +u_row_arb:round_robin_arbiter(WIDTH=4)                        8(8)       0(0)       0(0)       32(32)      0(0)      0(0)      0(0)
      +genblk2.u_pre_arb:round_robin_arbiter(WIDTH=4)                8(8)       0(0)       0(0)       21(21)      0(0)      0(0)      0(0)
      +u_config_arb:round_robin_arbiter(WIDTH=4)                     8(8)       0(0)       0(0)       25(25)      0(0)      0(0)      0(0)
      +u_col_arb:round_robin_arbiter(WIDTH=4)                        8(8)       0(0)       0(0)       34(34)      0(0)      0(0)      0(0)
     +u_arb_select:arb_select(ADDR_DLY="UNBUF",CS_WIDTH=1...         6(6)       0(0)       0(0)     172(172)      0(0)      0(0)      0(0)
   +col_mach:col_mach(COL_WIDTH=10,CS_WIDTH=1,BUF_AW=5,DE...       46(14)       0(0)       0(0)       75(13)      0(0)      0(0)      0(0)
    +fifo_ram[1].RAM32M0:RAM32D                                    32(32)       0(0)       0(0)       62(62)      0(0)      0(0)      0(0)
  +u_local_bus_ctl:local_bus_ctl(CK_RATIO=4,USER_DW=128,U...     189(181)     248(0)       0(0)      172(32)      0(0)      0(0)      0(0)
   +u1_lb_wrdata_fifo:axi_mc_fifo(C_WIDTH=144,C_AWIDTH=3,...         4(4)   128(128)       0(0)       10(10)      0(0)      0(0)      0(0)
   +u2_lb_rddata_fifo:axi_mc_fifo(C_WIDTH=129,C_AWIDTH=3,...         4(4)   120(120)       0(0)     130(130)      0(0)      0(0)      0(0)
  +u_axi4_bus_ctl:axi4_bus_ctl(AXI_AW=32,AXI_DW=128,MC_DW...       382(2)     484(0)     104(0)       742(1)      0(0)      0(0)      0(0)
   +axi_mc_aw_channel_0:axi_mc_aw_channel(C_DATA_WIDTH=12...        34(1)       0(0)      32(0)        69(0)      0(0)      0(0)      0(0)
    +axi_mc_cmd_translator_0:axi_mc_cmd_translator(C_DATA...        32(0)       0(0)      32(0)        67(0)      0(0)      0(0)      0(0)
     +axi_mc_incr_cmd_0:axi_mc_incr_cmd(C_DATA_WIDTH=128,...       32(32)       0(0)     32(32)       67(67)      0(0)      0(0)      0(0)
    +aw_cmd_fsm_0:axi_mc_wr_cmd_fsm                                  1(1)       0(0)       0(0)         2(2)      0(0)      0(0)      0(0)
   +axi_mc_w_channel_0:axi_mc_w_channel(C_DATA_WIDTH=128)        258(258)       0(0)       0(0)     257(257)      0(0)      0(0)      0(0)
   +axi_mc_b_channel_0:axi_mc_b_channel                              5(1)       0(0)       0(0)        15(3)      0(0)      0(0)      0(0)
    +bid_fifo_0:axi_mc_fifo(C_WIDTH=4,C_AWIDTH=3,C_DEPTH=8)          4(4)       0(0)       0(0)       12(12)      0(0)      0(0)      0(0)
   +axi_mc_ar_channel_0:axi_mc_ar_channel(C_DATA_WIDTH=12...        36(3)       0(0)      32(0)        77(0)      0(0)      0(0)      0(0)
    +axi_mc_cmd_translator_0:axi_mc_cmd_translator(C_DATA...        32(0)       0(0)      32(0)        70(0)      0(0)      0(0)      0(0)
     +axi_mc_incr_cmd_0:axi_mc_incr_cmd(C_DATA_WIDTH=128,...       32(32)       0(0)     32(32)       70(70)      0(0)      0(0)      0(0)
    +ar_cmd_fsm_0:axi_mc_cmd_fsm(C_MC_RD_INST=1)                     1(1)       0(0)       0(0)         7(7)      0(0)      0(0)      0(0)
   +axi_mc_r_channel_0:axi_mc_r_channel(C_DATA_WIDTH=128)           16(4)     484(0)      24(0)       273(9)      0(0)      0(0)      0(0)
    +rd_data_fifo_0:axi_mc_fifo(C_WIDTH=129,C_AWIDTH=5,C_...         6(6)   480(480)     12(12)     251(251)      0(0)      0(0)      0(0)
    +transaction_fifo_0:axi_mc_fifo(C_WIDTH=7,C_AWIDTH=5,...         6(6)       4(4)     12(12)       13(13)      0(0)      0(0)      0(0)
   +axi_mc_cmd_arbiter_0:axi_mc_cmd_arbiter                        31(31)       0(0)     16(16)       50(50)      0(0)      0(0)      0(0)

### ### Module Resource Usage Distribution Estimates (end) ### ###


### ### Wide Multiplier Decomposition Report (begin) ### ### ### 

'mult_62' (C:\Users\lingye\AppData\Local\Temp\stylecam_native_rgb_mirror_20261009_build\rtl\common.v:242) 19x19 decomposed into 1 partial products.

### ### Wide Multiplier Decomposition Report (end) ### ### ### 

### ### DSP Usage Report (begin) ### ### ### 

+-------------------------------------------+-----+------+-------+------+---------+---------+-------+
|DSP                                        |TYPE |SIGNED|SHIFTER|BFLOAT| CAS_OUT |    O    | REGS  |
+-------------------------------------------+-----+------+-------+------+---------+---------+-------+
|engine/net/u_l12/g_k3.g_dense.u_mac/mult_41|DSP48|  1   |       |      |  (A*B)  |         |  B,P  |
|engine/net/u_l12/g_k3.g_dense.u_mac/mult_43|DSP48|  1   |       |      |(A*B)+CIN|         |  B,P  |
|engine/net/u_l12/g_k3.g_dense.u_mac/mult_45|DSP48|  1   |       |      |         |(A*B)+CIN|  B,P  |
|engine/net/u_l12/g_k3.g_dense.u_mac/mult_47|DSP48|  1   |       |      |(A*B)+CIN|         |  B,P  |
|engine/net/u_l12/g_k3.g_dense.u_mac/mult_49|DSP48|  1   |       |      |  (A*B)  |         |  B,P  |
|engine/net/u_l12/g_k3.g_dense.u_mac/mult_51|DSP48|  1   |       |      |(A*B)+CIN|         |  B,P  |
|engine/net/u_l12/g_k3.g_dense.u_mac/mult_53|DSP48|  1   |       |      |         |(A*B)+CIN|  B,P  |
|engine/net/u_l12/g_k3.g_dense.u_mac/mult_55|DSP48|  1   |       |      |(A*B)+CIN|         |  B,P  |
|engine/net/u_l12/g_k3.g_dense.u_mac/mult_57|DSP48|  1   |       |      |  (A*B)  |         |  B,P  |
|engine/net/u_l12/g_k3.g_dense.u_mac/mult_59|DSP48|  1   |       |      |(A*B)+CIN|         |  B,P  |
|engine/net/u_l12/g_k3.g_dense.u_mac/mult_61|DSP48|  1   |       |      |         |(A*B)+CIN|  B,P  |
|engine/net/u_l12/g_k3.g_dense.u_mac/mult_63|DSP48|  1   |       |      |(A*B)+CIN|         |  B,P  |
|engine/net/u_l12/g_k3.g_dense.u_mac/mult_65|DSP48|  1   |       |      |  (A*B)  |         |  B,P  |
|engine/net/u_l12/g_k3.g_dense.u_mac/mult_67|DSP48|  1   |       |      |(A*B)+CIN|         |  B,P  |
|engine/net/u_l12/g_k3.g_dense.u_mac/mult_69|DSP48|  1   |       |      |         |(A*B)+CIN|  B,P  |
|engine/net/u_l12/g_k3.g_dense.u_mac/mult_71|DSP48|  1   |       |      |(A*B)+CIN|         |  B,P  |
|engine/net/u_l12/g_k3.g_dense.u_mac/mult_73|DSP48|  1   |       |      |  (A*B)  |         |  B,P  |
|engine/net/u_l12/g_k3.g_dense.u_mac/mult_75|DSP48|  1   |       |      |(A*B)+CIN|         |  B,P  |
|engine/net/u_l12/g_k3.g_dense.u_mac/mult_77|DSP48|  1   |       |      |         |(A*B)+CIN|  B,P  |
|engine/net/u_l12/g_k3.g_dense.u_mac/mult_79|DSP48|  1   |       |      |(A*B)+CIN|         |  B,P  |
|engine/net/u_l12/g_k3.g_dense.u_mac/mult_81|DSP48|  1   |       |      |  (A*B)  |         |  B,P  |
|engine/net/u_l12/g_k3.g_dense.u_mac/mult_83|DSP48|  1   |       |      |(A*B)+CIN|         |  B,P  |
|engine/net/u_l12/g_k3.g_dense.u_mac/mult_85|DSP48|  1   |       |      |         |(A*B)+CIN|  B,P  |
|engine/net/u_l12/u_rq/mult_43              |DSP48|  1   |       |      |         |  (A*B)  | A,B,P |
|engine/net/u_l1/g_k3.g_dense.u_mac/mult_40 |DSP48|  1   |       |      |(A*B)+CIN|         |  B,P  |
|engine/net/u_l1/g_k3.g_dense.u_mac/mult_42 |DSP48|  1   |       |      |  (A*B)  |         |  B,P  |
|engine/net/u_l1/g_k3.g_dense.u_mac/mult_44 |DSP48|  1   |       |      |(A*B)+CIN|         |  B,P  |
|engine/net/u_l1/g_k3.g_dense.u_mac/mult_46 |DSP48|  1   |       |      |         |(A*B)+CIN|  B,P  |
|engine/net/u_l1/g_k3.g_dense.u_mac/mult_48 |DSP48|  1   |       |      |(A*B)+CIN|         |  B,P  |
|engine/net/u_l1/g_k3.g_dense.u_mac/mult_50 |DSP48|  1   |       |      |  (A*B)  |         |  B,P  |
|engine/net/u_l1/g_k3.g_dense.u_mac/mult_52 |DSP48|  1   |       |      |(A*B)+CIN|         |  B,P  |
|engine/net/u_l1/g_k3.g_dense.u_mac/mult_54 |DSP48|  1   |       |      |         |(A*B)+CIN|  B,P  |
|engine/net/u_l1/g_k3.g_dense.u_mac/mult_56 |DSP48|  1   |       |      |(A*B)+CIN|         |  B,P  |
|engine/net/u_l1/g_k3.g_dense.u_mac/mult_58 |DSP48|  1   |       |      |  (A*B)  |         |  B,P  |
|engine/net/u_l1/g_k3.g_dense.u_mac/mult_60 |DSP48|  1   |       |      |(A*B)+CIN|         |  B,P  |
|engine/net/u_l1/g_k3.g_dense.u_mac/mult_62 |DSP48|  1   |       |      |         |(A*B)+CIN|  B,P  |
|engine/net/u_l1/g_k3.g_dense.u_mac/mult_64 |DSP48|  1   |       |      |(A*B)+CIN|         |  B,P  |
|engine/net/u_l1/g_k3.g_dense.u_mac/mult_66 |DSP48|  1   |       |      |  (A*B)  |         |  B,P  |
|engine/net/u_l1/g_k3.g_dense.u_mac/mult_68 |DSP48|  1   |       |      |(A*B)+CIN|         |  B,P  |
|engine/net/u_l1/g_k3.g_dense.u_mac/mult_70 |DSP48|  1   |       |      |         |(A*B)+CIN|  B,P  |
|engine/net/u_l1/u_rq/mult_44               |DSP48|  1   |       |      |         |  (A*B)  | A,B,P |
|engine/net/u_l2/u_rq/mult_44               |DSP48|  1   |       |      |         |  (A*B)  | A,B,P |
|engine/net/u_l2/g_k3.g_dw.u_mac/mult_21    |DSP48|  1   |       |      |         |  (A*B)  |   P   |
|engine/net/u_l2/g_k3.g_dw.u_mac/mult_23    |DSP48|  1   |       |      |         |  (A*B)  |   P   |
|engine/net/u_l2/g_k3.g_dw.u_mac/mult_25    |DSP48|  1   |       |      |         |  (A*B)  |   P   |
|engine/net/u_l2/g_k3.g_dw.u_mac/mult_27    |DSP48|  1   |       |      |         |  (A*B)  |   P   |
|engine/net/u_l6/u_rq/mult_44               |DSP48|  1   |       |      |         |  (A*B)  | A,B,P |
|engine/net/u_l6/g_k3.g_dw.u_mac/mult_21    |DSP48|  1   |       |      |         |  (A*B)  |   P   |
|engine/net/u_l6/g_k3.g_dw.u_mac/mult_23    |DSP48|  1   |       |      |         |  (A*B)  |   P   |
|engine/net/u_l6/g_k3.g_dw.u_mac/mult_25    |DSP48|  1   |       |      |         |  (A*B)  |   P   |
|engine/net/u_l6/g_k3.g_dw.u_mac/mult_27    |DSP48|  1   |       |      |         |  (A*B)  |   P   |
|engine/net/u_l4/u_rq/mult_44               |DSP48|  1   |       |      |         |  (A*B)  | A,B,P |
|engine/net/u_l4/g_k3.g_dw.u_mac/mult_21    |DSP48|  1   |       |      |         |  (A*B)  |   P   |
|engine/net/u_l4/g_k3.g_dw.u_mac/mult_23    |DSP48|  1   |       |      |         |  (A*B)  |   P   |
|engine/net/u_l4/g_k3.g_dw.u_mac/mult_25    |DSP48|  1   |       |      |         |  (A*B)  |   P   |
|engine/net/u_l4/g_k3.g_dw.u_mac/mult_27    |DSP48|  1   |       |      |         |  (A*B)  |   P   |
|engine/net/u_l8/u_rq/mult_44               |DSP48|  1   |       |      |         |  (A*B)  | A,B,P |
|engine/net/u_l8/g_k3.g_dw.u_mac/mult_21    |DSP48|  1   |       |      |         |  (A*B)  |   P   |
|engine/net/u_l8/g_k3.g_dw.u_mac/mult_23    |DSP48|  1   |       |      |         |  (A*B)  |   P   |
|engine/net/u_l8/g_k3.g_dw.u_mac/mult_25    |DSP48|  1   |       |      |         |  (A*B)  |   P   |
|engine/net/u_l8/g_k3.g_dw.u_mac/mult_27    |DSP48|  1   |       |      |         |  (A*B)  |   P   |
|engine/net/u_l0/g_k3.g_dense.u_mac/mult_40 |DSP48|  1   |       |      |(A*B)+CIN|         |   P   |
|engine/net/u_l0/g_k3.g_dense.u_mac/mult_42 |DSP48|  1   |       |      |  (A*B)  |         |   P   |
|engine/net/u_l0/g_k3.g_dense.u_mac/mult_44 |DSP48|  1   |       |      |         |(A*B)+CIN|   P   |
|engine/net/u_l0/g_k3.g_dense.u_mac/mult_46 |DSP48|  1   |       |      |(A*B)+CIN|         |   P   |
|engine/net/u_l0/g_k3.g_dense.u_mac/mult_48 |DSP48|  1   |       |      |  (A*B)  |         |   P   |
|engine/net/u_l0/g_k3.g_dense.u_mac/mult_50 |DSP48|  1   |       |      |         |(A*B)+CIN|   P   |
|engine/net/u_l0/g_k3.g_dense.u_mac/mult_52 |DSP48|  1   |       |      |(A*B)+CIN|         |   P   |
|engine/net/u_l0/g_k3.g_dense.u_mac/mult_54 |DSP48|  1   |       |      |  (A*B)  |         |   P   |
|engine/net/u_l0/g_k3.g_dense.u_mac/mult_56 |DSP48|  1   |       |      |         |(A*B)+CIN|   P   |
|engine/net/u_l0/g_k3.g_dense.u_mac/mult_58 |DSP48|  1   |       |      |(A*B)+CIN|         |   P   |
|engine/net/u_l0/g_k3.g_dense.u_mac/mult_60 |DSP48|  1   |       |      |  (A*B)  |         |   P   |
|engine/net/u_l0/g_k3.g_dense.u_mac/mult_62 |DSP48|  1   |       |      |         |(A*B)+CIN|   P   |
|engine/net/u_l0/u_rq/mult_44               |DSP48|  1   |       |      |         |  (A*B)  | A,B,P |
|engine/net/u_l7/g_k1.u_mac/mult_42         |DSP48|  1   |       |      |(A*B)+CIN|         |  B,P  |
|engine/net/u_l7/g_k1.u_mac/mult_44         |DSP48|  1   |       |      |  (A*B)  |         |  B,P  |
|engine/net/u_l7/g_k1.u_mac/mult_46         |DSP48|  1   |       |      |(A*B)+CIN|         |  B,P  |
|engine/net/u_l7/g_k1.u_mac/mult_48         |DSP48|  1   |       |      |         |(A*B)+CIN|  B,P  |
|engine/net/u_l7/u_rq/mult_44               |DSP48|  1   |       |      |         |  (A*B)  | A,B,P |
|engine/net/u_l7/u_rq/mult_45               |DSP48|  1   |       |      |         |  (A*B)  |  A,P  |
|engine/net/u_l9/g_k1.u_mac/mult_42         |DSP48|  1   |       |      |(A*B)+CIN|         |  B,P  |
|engine/net/u_l9/g_k1.u_mac/mult_44         |DSP48|  1   |       |      |  (A*B)  |         |  B,P  |
|engine/net/u_l9/g_k1.u_mac/mult_46         |DSP48|  1   |       |      |(A*B)+CIN|         |  B,P  |
|engine/net/u_l9/g_k1.u_mac/mult_48         |DSP48|  1   |       |      |         |(A*B)+CIN|  B,P  |
|engine/net/u_l9/u_rq/mult_44               |DSP48|  1   |       |      |         |  (A*B)  | A,B,P |
|engine/net/u_l9/u_rq/mult_45               |DSP48|  1   |       |      |         |  (A*B)  |  A,P  |
|engine/net/u_l3/g_k1.u_mac/mult_42         |DSP48|  1   |       |      |(A*B)+CIN|         |  B,P  |
|engine/net/u_l3/g_k1.u_mac/mult_44         |DSP48|  1   |       |      |  (A*B)  |         |  B,P  |
|engine/net/u_l3/g_k1.u_mac/mult_46         |DSP48|  1   |       |      |(A*B)+CIN|         |  B,P  |
|engine/net/u_l3/g_k1.u_mac/mult_48         |DSP48|  1   |       |      |         |(A*B)+CIN|  B,P  |
|engine/net/u_l3/u_rq/mult_44               |DSP48|  1   |       |      |         |  (A*B)  | A,B,P |
|engine/net/u_l3/u_rq/mult_45               |DSP48|  1   |       |      |         |  (A*B)  |  A,P  |
|engine/net/u_l5/g_k1.u_mac/mult_42         |DSP48|  1   |       |      |(A*B)+CIN|         |  B,P  |
|engine/net/u_l5/g_k1.u_mac/mult_44         |DSP48|  1   |       |      |  (A*B)  |         |  B,P  |
|engine/net/u_l5/g_k1.u_mac/mult_46         |DSP48|  1   |       |      |(A*B)+CIN|         |  B,P  |
|engine/net/u_l5/g_k1.u_mac/mult_48         |DSP48|  1   |       |      |         |(A*B)+CIN|  B,P  |
|engine/net/u_l5/u_rq/mult_44               |DSP48|  1   |       |      |         |  (A*B)  | A,B,P |
|engine/net/u_l5/u_rq/mult_45               |DSP48|  1   |       |      |         |  (A*B)  |  A,P  |
|engine/net/u_l11/g_k1.u_mac/mult_41        |DSP48|  1   |       |      |(A*B)+CIN|         |  B,P  |
|engine/net/u_l11/g_k1.u_mac/mult_43        |DSP48|  1   |       |      |  (A*B)  |         |  B,P  |
|engine/net/u_l11/g_k1.u_mac/mult_45        |DSP48|  1   |       |      |(A*B)+CIN|         |  B,P  |
|engine/net/u_l11/g_k1.u_mac/mult_47        |DSP48|  1   |       |      |         |(A*B)+CIN|  B,P  |
|engine/net/u_l11/g_k1.u_mac/mult_49        |DSP48|  1   |       |      |(A*B)+CIN|         |  B,P  |
|engine/net/u_l11/g_k1.u_mac/mult_51        |DSP48|  1   |       |      |  (A*B)  |         |  B,P  |
|engine/net/u_l11/g_k1.u_mac/mult_53        |DSP48|  1   |       |      |(A*B)+CIN|         |  B,P  |
|engine/net/u_l11/g_k1.u_mac/mult_55        |DSP48|  1   |       |      |         |(A*B)+CIN|  B,P  |
|engine/net/u_l11/u_rq/mult_44              |DSP48|  1   |       |      |         |  (A*B)  | A,B,P |
|engine/net/u_l10/u_rq/mult_44              |DSP48|  1   |       |      |         |  (A*B)  | A,B,P |
|engine/net/u_l10/g_k3.g_dw.u_mac/mult_21   |DSP48|  1   |       |      |         |  (A*B)  |   P   |
|engine/net/u_l10/g_k3.g_dw.u_mac/mult_23   |DSP48|  1   |       |      |         |  (A*B)  |   P   |
|engine/net/u_l10/g_k3.g_dw.u_mac/mult_25   |DSP48|  1   |       |      |         |  (A*B)  |   P   |
|engine/net/u_l10/g_k3.g_dw.u_mac/mult_27   |DSP48|  1   |       |      |         |  (A*B)  |   P   |
|engine/net/u_st/n650_pp_0x0                |DSP48|      |       |      |  (A*B)  |  (A*B)  | A,B,O |
|engine/net/u_st/n650_pp_1x1                |DSP48|  1   |       |      |         |(A*B)+CIN|A,B,W,O|
|engine/net/u_st/n650_pp_1x0                |DSP48|  1   |       |      |(A*B)+CIN|(A*B)+CIN| A,B,O |
|engine/net/u_st/n650_pp_0x1                |DSP48|  1   |       |      |(A*B)+CIN|         |  A,B  |
|preprocess/mult_43                         |DSP48|      |       |      |         |  (A*B)  |       |
|engine/net/u_l12/g_k3.g_dense.u_mac/mult_39|DSP48|  1   |       |      |(A*B)+CIN|         |  B,P  |
|preprocess/mult_51                         |DSP48|      |       |      |         |  (A*B)  |       |
|preprocess/mult_59                         |DSP48|      |       |      |         |  (A*B)  |       |
|preprocess/mult_67                         |DSP48|      |       |      |         |  (A*B)  |       |
+-------------------------------------------+-----+------+-------+------+---------+---------+-------+

### ### Clock Load Distribution Report (begin) ### ###

+-----------------+----------+----------+------------+----------------+
|Clock            |Flip-Flops|Shift-Regs|Memory Ports|Multipliers/DSPs|
+-----------------+----------+----------+------------+----------------+
|hdmi_tx_slow_clk |      981 |      253 |         23 |              0 |
|i_mipi_rx_pclk   |     1655 |       11 |         32 |              0 |
|core_clk         |    18830 |     3510 |        381 |            117 |
|CLK_25M          |       41 |        0 |          0 |              0 |
|sdram_clk        |      149 |        5 |          5 |              0 |
|rx_cal_clk       |      269 |        7 |          7 |              0 |
|tx_cal_clk       |       47 |        5 |          2 |              0 |
|tx_cal_clk_90edge|      235 |        7 |          8 |              0 |
|i_cam_ck_CLKOUT  |      628 |        0 |         15 |              0 |
+-----------------+----------+----------+------------+----------------+

### ### Clock Load Distribution Report (end) ### ###

### ### Memory Mapping Report (begin) ### ### ###

1. display/osd_font/g_one.mem (C:\Users\lingye\AppData\Local\Temp\stylecam_native_rgb_mirror_20261009_build\rtl\common.v:152):
	EFX_RAM10: display/osd_font/g_one.mem__D$2
	EFX_RAM10: display/osd_font/g_one.mem__D$1

2. display/osd_text/mem (C:\Users\lingye\AppData\Local\Temp\stylecam_native_rgb_mirror_20261009_build\rtl\sc_display.v:236):
	EFX_RAM10: display/osd_text/mem__D$1
	EFX_RAM10: display/osd_text/mem__D$2

3. cpu/u_EfxSapphireSoc/system_ramA_logic/ram_symbol3 (C:\Users\lingye\AppData\Local\Temp\stylecam_native_rgb_mirror_20261009_build\ip\soc\soc.v:4223):
	EFX_RAM10: cpu/u_EfxSapphireSoc/system_ramA_logic/ram_symbol3__D$b12
	EFX_RAM10: cpu/u_EfxSapphireSoc/system_ramA_logic/ram_symbol3__D$12
	EFX_RAM10: cpu/u_EfxSapphireSoc/system_ramA_logic/ram_symbol3__D$2
	EFX_RAM10: cpu/u_EfxSapphireSoc/system_ramA_logic/ram_symbol3__D$c1

4. cpu/u_EfxSapphireSoc/system_ramA_logic/ram_symbol1 (C:\Users\lingye\AppData\Local\Temp\stylecam_native_rgb_mirror_20261009_build\ip\soc\soc.v:4221):
	EFX_RAM10: cpu/u_EfxSapphireSoc/system_ramA_logic/ram_symbol1__D$2
	EFX_RAM10: cpu/u_EfxSapphireSoc/system_ramA_logic/ram_symbol1__D$b12
	EFX_RAM10: cpu/u_EfxSapphireSoc/system_ramA_logic/ram_symbol1__D$12
	EFX_RAM10: cpu/u_EfxSapphireSoc/system_ramA_logic/ram_symbol1__D$c1

5. cpu/u_EfxSapphireSoc/system_ramA_logic/ram_symbol2 (C:\Users\lingye\AppData\Local\Temp\stylecam_native_rgb_mirror_20261009_build\ip\soc\soc.v:4222):
	EFX_RAM10: cpu/u_EfxSapphireSoc/system_ramA_logic/ram_symbol2__D$2
	EFX_RAM10: cpu/u_EfxSapphireSoc/system_ramA_logic/ram_symbol2__D$b12
	EFX_RAM10: cpu/u_EfxSapphireSoc/system_ramA_logic/ram_symbol2__D$12
	EFX_RAM10: cpu/u_EfxSapphireSoc/system_ramA_logic/ram_symbol2__D$c1

6. engine/in_update/g_compact.parameters (C:\Users\lingye\AppData\Local\Temp\stylecam_native_rgb_mirror_20261009_build\rtl\sc_in_refresh.v:15):
	EFX_RAM10: engine/in_update/g_compact.parameters__D$2
	EFX_RAM10: engine/in_update/g_compact.parameters__D$b12
	EFX_RAM10: engine/in_update/g_compact.parameters__D$c12
	EFX_RAM10: engine/in_update/g_compact.parameters__D$d12
	EFX_RAM10: engine/in_update/g_compact.parameters__D$e12
	EFX_RAM10: engine/in_update/g_compact.parameters__D$f12
	EFX_RAM10: engine/in_update/g_compact.parameters__D$g12
	EFX_RAM10: engine/in_update/g_compact.parameters__D$h12
	EFX_RAM10: engine/in_update/g_compact.parameters__D$i12
	EFX_RAM10: engine/in_update/g_compact.parameters__D$j12
	EFX_RAM10: engine/in_update/g_compact.parameters__D$k12
	EFX_RAM10: engine/in_update/g_compact.parameters__D$l1
	EFX_RAM10: engine/in_update/g_compact.parameters__D$12

7. engine/in_update/g_compact.epsilon (C:\Users\lingye\AppData\Local\Temp\stylecam_native_rgb_mirror_20261009_build\rtl\sc_in_refresh.v:15):
	EFX_RAM10: engine/in_update/g_compact.epsilon__D$c12
	EFX_RAM10: engine/in_update/g_compact.epsilon__D$d12
	EFX_RAM10: engine/in_update/g_compact.epsilon__D$e12
	EFX_RAM10: engine/in_update/g_compact.epsilon__D$f1

8. cpu/u_EfxSapphireSoc/system_ramA_logic/ram_symbol0 (C:\Users\lingye\AppData\Local\Temp\stylecam_native_rgb_mirror_20261009_build\ip\soc\soc.v:4220):
	EFX_RAM10: cpu/u_EfxSapphireSoc/system_ramA_logic/ram_symbol0__D$2
	EFX_RAM10: cpu/u_EfxSapphireSoc/system_ramA_logic/ram_symbol0__D$b12
	EFX_RAM10: cpu/u_EfxSapphireSoc/system_ramA_logic/ram_symbol0__D$12
	EFX_RAM10: cpu/u_EfxSapphireSoc/system_ramA_logic/ram_symbol0__D$c1

### ### Memory Mapping Report (end) ### ### ###

### ### Resource Summary (begin) ### ### ### 

INPUT  PORTS    : 	108
OUTPUT PORTS    : 	257

EFX_ADD                 : 	8598
EFX_LUT4                : 	36375
   1-2  Inputs          : 	7728
   3    Inputs          : 	9934
   4    Inputs          : 	18713
EFX_DSP48               : 	121
EFX_FF                  : 	22835
EFX_SRL8                : 	3798
EFX_RAM10               : 	246
### ### Resource Summary (end) ### ### ###

Plain synthesis (without verilog dump and post-map checks) time : 131s
Elapsed synthesis time : 135s
